idx,source,prompt_sha256,prompt_words
1,ifeval,660ae519b1bfa04010ef6a0ae961f6c085f1db81ba10af17aad36e57a3afb3ad,41
2,ifeval,73a3a80767f020eb34e4e0a90c2910e80ac824fbac3f98c8fe4fa352e4fa3311,34
3,ifeval,cf7ebf6b17d5c09436d7d16a5083dbb9db414aaa8799ded3e9fb187ba4493872,31
4,ifeval,d099a8e8a3675373f870c69412c5b788c2e1e3e744793236b9e773358ad38657,62
5,ifeval,24400085a5e1d68c2db801e73c131a2cb50ba3a9fc9d87ca9711cc3449ab12c4,34
6,ifeval,0b74d0e1c8d2859a2ab309cbf105b2ab77b7eac4498f759d1cc7fd3ec12d7ea5,63
7,ifeval,0568c3aeee972b842d9616845e171b4f054c31c52daf593c70791da6bf84e1d0,33
8,ifeval,5454e2eb1021b11f53ee6adb0aa3374f941451d44e193e9eba66259c2c317a12,39
9,ifeval,0635ea7812ec8f36a6d6ceba00c4be1897aa7446f14fcf61b26c4e0b8831facd,16
10,ifeval,dfc3b4a55b4956edd8641d84671273afe0fce7bc51de9362559aff5bec6e406a,34
11,ifeval,fc6c76b3c320283aeb150f2021399b1887b1f68e6f03a81815d230548627bb06,17
12,ifeval,eaa884fe78cfb86af89d33fdf5effd81bb0646ae6062e5208314a096600f4fe5,31
13,ifeval,abdb9d60b901f8696b97aebb27ae7abd7e4a124acd3fe5b3217f7634ffd83916,31
14,ifeval,185bd238ae580c6663362d4213a137d23b7362a622808d1e7587d821a66d4231,25
15,ifeval,e2f65e7ba288095a0849742c7a052efc01467eec0f728536b239503cbe5d1cdc,15
16,ifeval,b3aecc9bd8ff70e9f749d207c1f777d5d07f42b6df644f6f7b3ed8d75bb07b7c,29
17,ifeval,b56b3c5922b9402ab9d684a4ba548abb0f341d8fae152c891c5cf64b6d7b4484,22
18,ifeval,eeee4cf0dbfa8c19e46a3e99c36b00d3086ae2a61f87538498e4ed344dee0c1f,21
19,ifeval,9310f472f19cc0cf04f1782d4596f89c620fb5ba9b689c996b6037336308d23a,15
20,ifeval,05773a8469ae91d412d53682e3752d52e31f467dac0ab8b8804b1cc0e2321643,19
21,ifeval,cae2aa9f2a973544648afebc6a069d647a232c9195ac8e00d029daac2da4824b,38
22,ifeval,d6cca207b4a4564fe7a2a8e4f27b47bc0fe531346cf638a2e82eaaf63863f28b,40
23,ifeval,509f05da48f86ffec953b41d3c8b3d5151f6cf5b2dca722c85ed627bcbe541a0,72
24,ifeval,aa22786da56bcd91f9cf2afd968b56e7a2bfaa09d5aee8d8270312bc298ac456,21
25,ifeval,bff5beb232fa5c21db23197d02c638940efbfb9ba85c8e51b908a2d2901b6ed8,19
26,ifeval,4410badd2e76d115b8b5461dc4217dd079b4cf90c81bd2eea9abf8bb2e1f6196,38
27,ifeval,3298c07f0c8ece5b06fc380628ebd2a9ae46fa8c5a44e36af48c7fa0c7b242a6,30
28,ifeval,da8ce9630b53e6f38f27e5de293e92cc25dfe75862607091e9d07d873087f729,51
29,ifeval,d6360d4939c9f77061ae078875e6a8ea99b52344c8c96c2070bb96a76d628a70,65
30,ifeval,6db048db913362a386bc7704c9a1acde8b212d3b28b3c2f2ac83917127aa7cfb,28
31,ifeval,4f1377945e48799e61ce72e0bdf489548d9c2de03dd691396c354533b9f31f71,26
32,ifeval,a11a47fb51a3f367ef6b02c75f3d923035fc03ee4b03d76623e212279c2c7906,24
33,ifeval,bb0712dd75375fb304ee85b994150bed909df514e62e4a40ac8b0338327d536a,15
34,ifeval,8116c07e15ec3b3e181088aba7037df5c471136741994da6c210a141ec4f811a,57
35,ifeval,86af225e9089eb07a3f866f5f36331c50d70b5295936b90e29970a112ea050d4,39
36,ifeval,5172e0e761c15b1fd90db9643b68ab01f6445c1be3e08428f80fe856c08c1800,26
37,ifeval,0016978c0ed867d00bf0cceaf53220a9b21d82fd811cf5e80666cb8dfda6f1dc,30
38,ifeval,07c64eba6808e7411c87d9e2e5309069f61068847e9e8f049c3479abf91f1a9e,36
39,ifeval,6d45c0e10887edf081d9353d4c48025915ffff21ea7470ca6324f07f95d64f10,29
40,ifeval,cba9b79eda31d365a6e85bc6777a4fd05659a71032c41c44f6e721a406a454a1,49
41,ifeval,7c3e22d5fcd75d40bc7c78459052d1562983dfeaaff88d300c7b02f7f649724a,32
42,ifeval,31155d5e1a3f1ec58eff7cba3b07aaad906196f553306bbacdeedf917fa1566e,29
43,ifeval,980c30ea355e473e680f53605ea1afc66f03fd0c221ee0143f10bffa7c5a4ee1,57
44,ifeval,54702da40ba697a887f32a128f05e0e8f82a60b2c09c9e61c8b603c8975b1f0c,31
45,ifeval,eca2f949eeb9381e99309ca6aeb62557b68e6178b6092d2d4a47d1981a54ed31,35
46,ifeval,b2b18eec59847a68427ba532cb9b18f68266886296a8d5843e59561b8bed97f1,31
47,ifeval,b12b60fbba5d10c9533851a7039898b76bc01b67f3df01115d239549a3ac7712,24
48,ifeval,c131665854f2c55f1a5884f2edce45c6e75bcc548120a94b316b2bc16cbf914f,38
49,ifeval,59cb3ed0a47067d183950b242d23a5d910d72e7d3f9d9d180560258de8439125,18
50,ifeval,3c30af06cef08c9cd9a42bfe0bcbbe14fadf491e088960edf15be57f6222c9c9,33
51,ifeval,72211f6155c5dd1ec776d3e308162a0bd8ec0a985ed26fa18ecdb86aaab4088a,17
52,ifeval,232c9d54fa3c440afdf5764000ee251f8da27fd931670bd45db042edb0377167,34
53,ifeval,d968d1e581579a24a84df1fae3fd29e8e3082a53539ebcef427c013ecb9a2dce,30
54,ifeval,6afe59fee6b8d293ca2b9e488ffafb0db5dff52a2e8388fb30b68b9712cd4721,31
55,ifeval,05e7f9c824e498270f8a25e4210ccb38890f067b8fb9a52f7585472cf22def6d,63
56,ifeval,60ecc47abdda05d52624b6a313685b9ff88c1e94ed1b71147d5522f2e93cb818,67
57,ifeval,5382616c01df31cc0ec39d3210daf2b362a45538a8361c9a574cc7b30345b30e,43
58,ifeval,fba7e8ce4c75788fe84234efa4222ea3bbe2c74d1049edaee2fc4ba2edae53cf,48
59,ifeval,ec4814a8a3c30d6b24107419c79fa0166e083b644bd57d0bbd6dca27d2cfce9c,31
60,ifeval,4bfcc6ad5d22997f4621021132bbd9e84506ea34c2bc3871223e6234d447de43,52
61,ifeval,740fed90421b10e4e41de71bfb074f314cec5531df3db69e18674adfefeff1f6,39
62,ifeval,19903b4b64d4858e3f0a5c74a6d77b29c37f2cba251b778cae9032139eec5dfa,36
63,ifeval,c28419e11e92675b230f63024c6a8ae5ce357ae5423e5aa88f758ab2aef393ea,45
64,ifeval,8d38f809e5c5af439139c0851762c9ecf13e89fc9f757406f84e499cbbff099e,26
65,ifeval,6d506eeb7956aea0a27347de03205d5800aebd74410ddffaba13315dcbb54449,47
66,ifeval,8e44299e82c1b6c98e27bdafc4dd6a50c0fb7ee08f7f001a3ba17723f4c2dc50,27
67,ifeval,888ced01b4013a1a91dbb5c4b3673e04ca78f378d38a5797014bc6a9058dd702,59
68,ifeval,d2ccf7b5257fa07743825b36646cc0b99092f07ae2285452a94b5d1ae5e7168d,38
69,ifeval,555f88b1d42ca20dfeb344938c3646f7e3ceefca97850648b27d2be720edbcf3,55
70,ifeval,83ee2b6c8f3a566f1ddbd79c4aa277234ee43052cf87af2dbd44d460f6817179,18
71,ifeval,5979ad1c2dc3bce478332795a91cda7ee14eb2ac533a332ccc12493efb21d53a,18
72,ifeval,b108e3f6fb4c5224df8e97454b9c946eb51dacd609beb3a8cd46ea9b52aa1f30,24
73,ifeval,1039b88183a413641c51e07261ad21aa34eb4334a738e43b953a548b6f018805,65
74,ifeval,4e0e144434092c85c4d99ccfcc6bf9e0acf18afe161b7b5721b3b16ebf6a8d00,51
75,ifeval,e15588165e187692481629c32aa77c4a57b325d566c733e8f536c65094e138df,36
76,ifeval,8e9ab6676e354740eb3b0029a77bdebaeb16da55ea4cef982bd4228789e62b4b,23
77,ifeval,47fbde0aac445dd2613ccafb8eb80f9cd989427b1d793f59a7ce5c6dca4ab080,31
78,ifeval,4ce7ec8498a3f420fab7d2863cef6a01158b82e89e38d5631ea3bd8c19fb608c,48
79,ifeval,c702baa8141eebfc4cee13a218df77ae372ca4af6559fa1b9f172b4c560da5a9,24
80,ifeval,5b4ed6df803c5ab78b318a4cb1edfaddcb79d34f7dfa9a34ea926100fdb83bd3,47
81,ifeval,4d9439084968bd824aada27f4984788c8d2275a91c5f624bfa5c94d4e949a52a,39
82,ifeval,9e6eb325c955517d128ec6b6df741913fc428b000c2b5520f42b89af44c77415,30
83,ifeval,5d3ae119fcd9be38d37a38f270a5a50feec5110a299ff420f3b42fdacddb6063,57
84,ifeval,1996e6cbed58feee40459d283c41513781f189e8fa0979e695c22b8f2e2a0cd3,37
85,ifeval,ea6d4557071869d349597ba79fc51f7939335f9d9f6171cdee6409adb663dee1,31
86,ifeval,b0730e261bb3148b46efe8d4e28568ddc55aa86f71dbf09f264e5a1dbdf7d9f1,34
87,ifeval,0107525555613576f19db70e65df69776fccbdd5c9b0f1051a440641ae467f11,38
88,ifeval,0d5360ebae1b37dfa245081542f09764d02152cd20ae4b6281cbea87b2ca3a22,21
89,ifeval,acdae1dc8fab5559a0794dcd6c41972d3b753ef63cb3838fc95260e271e41a16,42
90,ifeval,815bbe09f05b4d1be79842b91439ca0e808664ddb98b8ef854ecdf42a7e84940,89
91,ifeval,e2be718740da0e87cde0e936a1f26a63b81372defca1ab94186d581c0d0e8f53,27
92,ifeval,dbb32d584afad9f0dcdc9375f0e741729980881f9c2e3694f2295dd4475d9ea5,20
93,ifeval,53ce549b5375a88591be137b9aa95b39f55750b586e10ad068807d609e37175b,47
94,ifeval,c9f68e95e977ab59632613507b12425a2cf8e5cd4a622306b983a489f71bdf01,42
95,ifeval,ca9922d16ae61684c22c9b49c6748f866d8573d50dec005f3561d76c5739ab9b,49
96,ifeval,05f2b83e3cbf5f058c6326ad31e5e17a36d764458bd3fdc619df4a19983e4e22,28
97,ifeval,e505255c3ac850566347ae48ee8003fb7aaaad9128964820660a5c87f03efa47,40
98,ifeval,f3f24a88caa9422f7ee6e1618cb4dc34fd6e1e542c5bdc85b94420a2cd4ae59e,34
99,ifeval,32a4eef076e2351f36f448411bc3a25639e7dae59416d129497d3cc14168881e,31
100,ifeval,6aa8ad06a674ae3c00ab58289da9b2d6157e65ae484ef51902536c118a8375b8,35
101,ifeval,447e748ee93b3b57badd257c4fce96b051678fb9ee885d45f131be7e4b00f283,25
102,ifeval,e03c7339932bc14e2f26917ab5a1521b4a5b9f168d65ebbc58716746ae8daf45,44
103,ifeval,dd46ffdf97df0745621184ec2b9cd3ae4fa181b84ef8199de8669efb6bc14f08,44
104,ifeval,1de12b46a1edf26e10fb64de4edf6bc91c4c0e23afef0068f29166f51dac1869,32
105,ifeval,0f2c8cef4f6ece0f2f4809ce26fd5688d413a6f2667166b979cd2ec833839430,36
106,ifeval,011ef3f725feb6719bf3259fe454fb90bbc68b56f4245129d3bc92f67b4ef1de,23
107,ifeval,cf9a6847afed9ae8b52669fb8bcc1ecd43b62250c5cbebb98ab5158e8dd60ec2,40
108,ifeval,5db8b089644e954f350a359033698ca2ebf1c485659181244a9fd4adc05dc418,29
109,ifeval,95c880ec9440ec74f360ef5e4f9ab5717eae089d30335c6d6989accfbdeac279,111
110,ifeval,c9d6a2134f5276747aa6239caad2ec0fc920486946d0f34cf22f3ba2bc097856,11
111,ifeval,835635beaf7bc931786cd8a42e1ad740c96171693428d706df97572b21497589,54
112,ifeval,75e5d8354766d0980f9c99493694545384debd570f062e0f140ba556763cf309,46
113,ifeval,0fb200ca0abfc8a9a492fd0500a7d97bfbfa25249fa9bb0944cb1ae1c5ca4fe3,40
114,ifeval,f5f2b58fd3c8f67931da92086fc3882e2ea58bcc534bc42499c185b43f01fb41,31
115,ifeval,b83911ede594107c388f205fd3b9d395333e70f9648fb7c9e89d888c8d864d9e,31
116,ifeval,1d0297e542c8ddf86c5635b59003fc94e46afde04220ec789bc0c4e14579af04,62
117,ifeval,3dd848aa64078f2b251103b3d4d4b8d834afaf5b421f2353d4322df2a26c9285,17
118,ifeval,fdc951ba42047722665d1cef5885bb44f92b70d2f21ffd5c56f17b8b6e04fee0,27
119,ifeval,e9360d75a2a982ed0933bf29e06628cb151e7e2497db98b6c6d9f833b2f42e97,29
120,ifeval,fd0459a9cde91d417cbde3c5350e3c514b32c70a3e412f5b0afdfc66322d4241,21
121,ifeval,c5db006d931f93bd83888171e237fba6d01a5945205a131e209a081d4313b2c8,28
122,ifeval,3e3fc6a7f262b416d9e1aef33d27fe6c58d86dccad2a16104125da830b1ab3bc,32
123,ifeval,d43f207bb4aee13d84be41beb2508cda4ac53577f5ee3ab6efe871350c91262b,22
124,ifeval,6aa7bf58c9d5c4021997b76c1393224e876431cf3b8cdb5862ece20feeb0a668,28
125,ifeval,fb5dee83c696f3f3ac1b241a82dae257194e81c694b0ebda104a8bdb49a13d34,60
126,ifeval,78c4797d748b4b67d094f0c8b2b485c581853eb31b6aa2e53d9980ac0c591e81,45
127,ifeval,b4ce8a5ef2e70a571fc0885985934f3e0ed182e500a46a023ecb3661c445aac5,26
128,ifeval,429a238618b1847a4ea19d2d9a8084bb34445c6e7d791eef591fe58ba0cc8c92,42
129,ifeval,9caf1f2b16f1af17fbf62226166686bdfd1daf879c1ab1c0eb2ab0428fe331a6,32
130,ifeval,b44479700c023c3e64ebc7e7eb454848644e084ad5d315e8903e7390a2401111,29
131,ifeval,65a0f9c9b9c5c6794c680dc2439a12d629c7d202d1c59c4b38df7cc7afda032d,45
132,ifeval,35c8ce1cf0842f2a0bce4cc3fb701b1da41557c6490d65ff6fbc0a4238301f28,17
133,ifeval,5b7875a94792a5e8016be41429a4ba12ac5996d1c38704f5dc97c20d218ace1e,37
134,ifeval,8985ef85be1d5f6fe130e7efa82e387ceb87ab8aae741a00a6b68120624cca97,60
135,ifeval,ba809600241d1bac4bd61c72a82a7aa03cf693c63fabd4d57a59dfcc1d46fcf5,40
136,ifeval,fdb2ba9342fc3d8bab4be8184dbde8bddc088914eaecd9ea5e25293f6a314324,41
137,ifeval,534963b09479799d142df3a83f19e11a3164d287181fcfd7f9ce7df90fdc8647,38
138,ifeval,f70bbad792c3a6be9c9a3a68467d5e07de580f37ac98583ce4d4d49b9769cbdf,38
139,ifeval,c68cf01b239114627c0c1f206b67bef550fd161dcdab349d2163c45d651df65f,19
140,ifeval,ff5d7d67851be81e28a0270f011dafc6aaffdf91022b9bedb040d5ff2f45b85c,22
141,ifeval,ace787f03a81449443bb85fa605221b0d1360865052b25f167f7087b9ec54c8c,86
142,ifeval,c877c4dd414e67949ad56642726d9588a0bf1d8096e7ba4907e9dc31a851164b,40
143,ifeval,a3c6183ed05bd915be94570ced901aa20f6de96b0a38e06a807af49381d35c67,21
144,ifeval,01024308d37daa8ceb6e7e98d94380989c19035699a4a3b9b01d8544e91a2600,36
145,ifeval,3c73b3efb9913b2b2659bc8bcce51b0054165878c270f5f37042ed2fb2e06230,53
146,ifeval,4bfa16fe4f65a446d6019f6d0cbcbe4f11e66dd48bb97ddbf43327b8fd02c579,36
147,ifeval,824e1b6f7573fe8cc7cd5d83065604f1c99273626e5cd8add4e749ebc30b3901,27
148,ifeval,59d3f7eb94700aa44ed88e7eb45956b688e01c661f525f8e05a945da717c297b,37
149,ifeval,eebd7451fa92b4359d61203a5611701d00e645483276e104aa3224bfedb7c16b,59
150,ifeval,d3645cba89995d7532adcda09a0761077c3d607c6ccb1037d4fe0cf90140ef34,26
151,ifeval,23b50f30a1317ee2ff5b21eafd09252d9db9928d7efa0819e4d027ae8f7f7063,38
152,ifeval,2fd0e51a3680cfe4844285e46c7362b92fee9917ef36d596d81c7b9afa35c25f,41
153,ifeval,d5ec48ab6c1aab6392c1d004d05b54587a203acec7228ddb5366d4185c456fe2,45
154,ifeval,bae9c2877e837929bd0ee07bac7a7732c8f9e632cbaad328c60ee59984a46295,44
155,ifeval,ee260bab3ecc404d512bbfc8677ea7921551ab3a2d9e9808356b941684917060,35
156,ifeval,0b1d4c398ded6144723d48bff938c27c49893d3a85c89f1c8088588e9a2bb09e,54
157,ifeval,184d9b9747caa8cd818ecd2516d5d5390dc4c381a3785ad0d778ab61e6e391b2,17
158,ifeval,8e65fcdc739913da4867d68c1b33a29ea47470d57ae7671bb36f084e45d6e4a4,34
159,ifeval,a4e7e637b8fec3fbd826b6f9f50305501012b4499961fc30bbdebc48d509d0ef,49
160,ifeval,3085e41ab451441a02b89bbfecc9cb5121f91476c7a144ea2df1eabc3b0e5bd7,30
161,ifeval,191b84012061cbef12ff0ff930abd9cd8dbfe34337dca1cbbacc2d705725ed2c,26
162,ifeval,b8b1fe58db9aab0804f8bd71562aef789c813796a46f42ff36915f017dde4fa2,27
163,ifeval,abe36dfd4885a98397d8091365f123e9e1a75c9fa5c3f26bcb094f7eca78cb99,29
164,ifeval,027a7095f1ef45c22b7f6f721e3f066edb01f7c2a73123e54534350e751b81b2,33
165,ifeval,3f5f5842bef283cb4609d179944f5b35173779fca5167dbdd5c392f5f91d2ae1,21
166,ifeval,e8ad0115e8f9dfcb4f3b11d194468de66c1163c2c83a75eb3a85094a22668b78,25
167,ifeval,8d0563e823b6c3ab067383ba15f45363e8b1351c331599cf396daed387592e30,43
168,ifeval,75f9f7465cfec3efe529f67d722b2b5dc47593c12f28d0f521c836aa2354736d,28
169,ifeval,729161c3a9d1b4c29be9460fc58614be3d472a22230c9a00a2496add8f4cb4c7,27
170,ifeval,e5b560f3280cbba1a81ca1a878973bd8688aee6560528d34536b910e5f20b15f,39
171,ifeval,dfc05caf1e3f73811a45f29d60489f98c7d2c85f5351b7938f942a0d94c02534,62
172,ifeval,c9ca873a89569599421b2c170adde62e99bfd2c906ee1a0bc729b68dc6b9cd29,56
173,ifeval,ecb9883e0c0fffa827be25b5ae1022796baae318640a4a4976975a85725a0158,31
174,ifeval,e6ba1f44eca87d19f1f4302e87bdcf77c1cb6eeb56c59ea84790e71d4e8d2dc9,49
175,ifeval,3bf6a25ecd432d5ba6373bda2a2fb3cb2d6b5e1821b24dbffcd3637b95c70647,34
176,ifeval,89953cf6612debe5a1284ce5ce9771eb46e10137cff57f8429601c7638be8065,64
177,ifeval,1fb90404a05238b5d4118df98ec11b231cbd91cf7fc0ce8dd1ece3c4a83b1ac6,40
178,ifeval,e13f71c3069162762d628744c23c2400c2192d3aaac0238f1c25673811a7e434,74
179,ifeval,3bb4403a94acf505f5b33bdf444451ea1f63c7e290b1ebabe82409c1e21b0693,56
180,ifeval,e7d5990bf3a703fac6a33f7375e688b1cf5675215d2d88127a323ebb24c94e23,33
181,ifeval,ec8f98e204aa1a4ca4c7ab75f193b236ce7dd923de1299dffac2e8825981fc24,19
182,ifeval,6c52a1921020cb4613e55333a3c7c277ef673b5cf482907bf3471aa7d38a68b5,36
183,ifeval,12471075ee372ad97c5ec47d57950f3d5643dc2efc3e5790e73b32fb7678b0c5,37
184,ifeval,8fdc277b66233f7d7586d0523046c9befbc65103a180cb9e008555c10efecaf5,29
185,ifeval,d457716d59c1715fe57bee042189110a5c3b06ce0c1b02592d423ba8113fa45e,167
186,ifeval,0ef40efb3934746e47567b789f17396103a163c7eea9bb8e420a384c8aa0e6cb,23
187,ifeval,4ec7bbaf108e54bb385756b6126b06c031f16ce58a731892438d9edf4c2c6ea9,19
188,ifeval,c0b4bb57e4265a86eef0d421f96caa10e1cf991d1b136166caf76a8fe40aca31,17
189,ifeval,878b3715c393debc9e92058c46e6d40af3e064c68f6d878f3f5a4a3d075897fb,15
190,ifeval,a0f4a3f34421541891acfbf6c8c4c18030aa52471933b2a7544c9c9024a6cb3e,29
191,ifeval,d9d7afe771431fbb9714b6bb46d4c0046585ef1074cf7bac37956199fe7f8977,23
192,ifeval,845adcc423d3b51288321dd9d6ee492e28ff2087bccbb239bcbc8ee9f558e5cf,78
193,ifeval,a46c8bf9d4839f7a8ade9ebbf5d9ac4c2ce28fc60b5e82e901917a35251d48c4,28
194,ifeval,e5d2f31788f9dcac3061f2bb07752f81d10a7dc7eddfd14988afb9a6b17d69c3,42
195,ifeval,31f29acc538b9cc5c9cf96f1a2309a80534b3de736dee4b9d4686cce127c8890,69
196,ifeval,57ba339a89486eed6554ee0ba2e14e421f0a9e437579c5dc26f7a6bfd506b964,25
197,ifeval,63e2d1b9994e66caeab10afec74425f7106f9fae9a3d3ba33a7ab9f6948d57f7,23
198,ifeval,3bba10b9020a6cc8e5d8ee1c86f56a3025d24d24b2d218bfc50c72f71ea853be,56
199,ifeval,24cdcadb05f0fcec1ca4cbaeac783ed1514a1046b805e7b5938be17a3d9df06e,28
200,ifeval,2db48c71a6f1a6070c17a12ef651c586c1b24037b69125bea35941db15f61a97,45
201,ifeval,de66c5b12189ae730663b38e452a0fea971d15b6aedabf1e4428dd9161e5bbb8,19
202,ifeval,6414c910b54985e1c29aabcb864f8a0a638d6cbbb3f67b20079fa21a5c34443d,21
203,ifeval,1612b33a6448d290db5cc4cf0aca167394163ab06216e23e0474dc3b32ee402d,39
204,ifeval,c4eb231ccb39ca6a59d44bf62e2d80f37d73517f37452dfa5adb710148b4ad4d,27
205,ifeval,445c9057f48c308aa0c0b2ce2c95bca02f2c78d02e68d686beac1021816e6429,35
206,ifeval,95f8b38c51658e9b7709309b01c61943347226e6e9c55e2fa5c2a985baf64cbe,23
207,ifeval,8b29c41457ad4afd1e36b8e0122828c9251e598a634bb45e1bafc90f0ee284ff,30
208,ifeval,4cf99b489675124ae452992d9f7f08572c76c1331e50db1bc055e55ac0febd84,30
209,ifeval,5103d0fa1e9f77be9d923d0d178af9bcb6bdfbdfb03c6ed97a9c7d4ef7f49b93,38
210,ifeval,1556b3f6f14a44be96effa9961c4d1d3872d268e224225ac795201559cb659fc,33
211,ifeval,7b4039c8726c1c3b694205a05f4552533cff1239513bc80ad3cf1f09d244c29e,57
212,ifeval,2f861c636fa7931affd24546ddb0fae83cef00967901c06631afa42bdb4110c9,28
213,ifeval,23db1a022e30d20179217e45632ba4384d48af622f654cdb7263f275363ba234,41
214,ifeval,24514b95b723498914a8402d13773281055c797932177e22f00495e199205f79,41
215,ifeval,10701d728a76b20092f2b90f254e50e0105e89a2466fee4cd983c8ba1c6f4e4a,16
216,ifeval,e6bdb492133cb9b80e76966a551a3a4967ba1d43bf36626aabf381777684ced7,45
217,ifeval,660c2a49a66c747bed4422c526331423c6970b0c5e293345a5ab9e102b61a913,40
218,ifeval,c10093a6c8c9aec1144440b2de9dee0b30348b970d74d796b97abde34f94f26d,58
219,ifeval,62a0141c6952383cf6d449e49b0363704027f1cd03c7a2aee23fd8597a262161,24
220,ifeval,3cb2a179922a2bffda0d7a30e4a51730426c5f70092562358943b7f817a06563,63
221,ifeval,78b1e1f438c8a54f767cfae742468f3397357599010ba835100cc3f98ffa4f00,77
222,ifeval,4dc79d1856f3d54d615cc1d2410e58c812a9146c9d55fe466de969eb4b8bd203,17
223,ifeval,d1c580c4ae5e5ad96947444f2fc42def3bd21c5fec366495ddba26c397d04fb8,58
224,ifeval,cde2507644b5da545f4f3bbf5dbd589ad9e072b3bd7bc46b64abc674222ce533,53
225,ifeval,7540eaab2f9362e5fc3c3e4cfe2a7223c965aed10d7996c4e24d57c76821b31a,19
226,ifeval,9e5b42880804ac339d93309aaa64ba8090836eff66fcd37bd902a946e0210e8f,23
227,ifeval,858b0b41eda41e7a617e677c23e542dc281751108fb5b5af79448793a020c890,64
228,ifeval,054182dd7ccfbbec58a01c95d041d5e03a6398c7447d18f2a6b0800d5dabae32,54
229,ifeval,0edaf00756104c4d01a7ef2bfa7a00c5f3b23aeed91cd536869811fe1e82607a,15
230,ifeval,33565658365658d77557348db52fbf80f2a2c0ab35e9ed8bd0ee1022596d526b,28
231,ifeval,98a8c2b3bead3535f1f57bb188f501a1f11bff99fe267da7920f88239e5a7e11,25
232,ifeval,9d43f5abc7f86344848c11c273837f330cca3f68c690f88c1e2ce2c247986f48,21
233,ifeval,cbbbdddd9305bbe9e5a8b9a8a5ee2e41193c5a238dfbf846a88c812b940ca76c,20
234,ifeval,cced4590b76a94fe1e7d984d1b78f18d63610d093755fdffaa608edb8bde6ec6,38
235,ifeval,ae1041774a38eb96a94ac0cfea65278c01553aa7364b5797319d7e5300f7cf0d,41
236,ifeval,9cc013c450c1de582f07530a1303ee7701cc529007b9c7fb236f4d0afcbc07e2,47
237,ifeval,734cf639431751bc0b4eba96658278e180528a3678a91bcfe2f10ed6fef62683,66
238,ifeval,d789b91d0a98980f27e0014f2e25a17201d040708bac2f43010dc77d5cb65262,48
239,ifeval,3d8703da80a9e9f102ff6b94bb6a23236be7a9abc641d562547ca677188c564a,33
240,ifeval,b07397401e042ff95d29e918f91e1a1432a68b244579c35f08a41b0e6cdaaeae,14
241,ifeval,f1003d957c9e93ed3453211e125ac92e571278a4d57dfc3cda2d5588bf6262f8,43
242,ifeval,cf48cd257acdd63fc1b5b2364933813e45f758a39f8cf50eb2cf155e71972848,49
243,ifeval,c868f6c7e97af890d2dc8ec727c2aa42df5da1679d7a27ba72f9583a956d8d1b,44
244,ifeval,33b7a311b8b5023182714be94398b5f2e524c4bb528459ee396eb7918134eeee,22
245,ifeval,304f01ff91e1852e4d45e3463167ee96a79c712767f104834cc3c37200904f5b,21
246,ifeval,6aa25ab64deb7d601fff4706487b4d9a531ee565bb19912109943214095046c5,20
247,ifeval,e1f50a517a64d306e35b12270be37bcd8be4b934e6c6a61952790ce328d5cc27,23
248,ifeval,0331ef914afcb0429e3cbc2c6b8bc5ff8ec151f47850f559e923c251b4633972,17
249,ifeval,cae2215e24a3d064064e09a87005d9f3389b49f0e6c2150f7d8be3ed083ed2c1,19
250,ifeval,554f02eca23b3eeb103e7b35311eeb2c202d0806ccb6f50f82697ace068f3824,67
251,ifeval,12358d1afa2e0c3223bd5d338c364ca98ad4ca6829785fe020eee82161f56bf3,19
252,ifeval,4c322d2045baeb7ee1b27f621d2809ea8a000c80f8bedb047107a2bd66f44a7f,26
253,ifeval,163368b17ca3d7aecc2169fd5c3f1eae4261d223cf9b3adad2d2889fdefb0020,38
254,ifeval,abc7a6fc176018a3567a4b99412f952f78e0a3aeb161192827091feb644fbd88,36
255,ifeval,b9ec593415b55c1eb8604cdd712e7928f2f5fa9e9589319d0b2ed561fec17873,36
256,ifeval,c042c130c7868d0b3c9f651335fcd9648cfaa3987852ee90583f7d7d2c715234,23
257,ifeval,39107fb035d57d367fec55d2cb88e79c7b4a5e7094c26864dd67d40f0c534f0b,38
258,ifeval,ed4bda7e99c5bbc4bc084062659a2f4cfcf8db4b60afc8ad459ed7fe3e960172,29
259,ifeval,8bcc7b91772af943537806a0c04f7f231db2382931bcc1c56348650978b9064e,63
260,ifeval,8aff07a7474de95cbc4f2935865e120ab3e9d162fcf4a07b0129d5518c7346c6,29
261,ifeval,eabfd4748cd13a48cddf2d7889e4371dc5b78cdee9a5c8c16bc289d56c4b8245,31
262,ifeval,fbde495d1af8b72091327e5f88622ed5fa665971df2e511ada7189c6792b3dcb,50
263,ifeval,0a46ce4b6d2d859534fd1095a6987529f6e81da80f8379285cf9070b98cc29fa,30
264,ifeval,1e76aebef15d71ac98f15f44d2fbb042fb30460683e6864772ea9903984fa84c,36
265,ifeval,2713c2de07b21f9ccbeba93fd92f82d8e2e9dbbe87931d249b8496a17d8e39e4,21
266,ifeval,ad39859620f17918b2c8d828ca0e052afa1ed70aede879509092c4d8d83c3638,18
267,ifeval,8537d711ccba2f58e55a5a9ced9cfe4169ef158e6339722af1d687e9f4f9f1fb,21
268,ifeval,90d9361442a72c4c3884dcb803663ba4999930c5f7598c60362818c43da569eb,40
269,ifeval,90d8174d0a38e10736ae93aace9e04251487f4dd871da8215ed8ee82d99485aa,26
270,ifeval,9b5fe533d35cc0ceebb84ac06ad2726409718b4abacd7e03ff51b77d7daf4922,30
271,ifeval,1f854431879106d26b66f1537dfea8a3cf639b2f0232b92ade331ab872d8be60,53
272,ifeval,6ab74e592cd2a323002d4e539d23e7350a9b93afe06681661033f9a095c69878,50
273,ifeval,7adfbf96986aa92bdb33883398c43243461b3df6d370302cc30a3fd923f5398e,38
274,ifeval,477b7418b23678ed4cea4d770ab1ff67d71fe803e580b33f54c3fe2a727d55b3,35
275,ifeval,9d44a7b12a91333316b08b9548cdf184ea76e251737c8e3ef138b1d2d30c5143,27
276,ifeval,afba6eef5193a5709f0d6792ab683ef12182796177509f288972986799b022b1,52
277,ifeval,745363df086ebc2bc824639547e2726985b421df29b5ec51a3a8d4df053eed6b,19
278,ifeval,99383f4b252b574a1cb4958a352cceace331ee574a331eb3c0f1e4fd31801168,31
279,ifeval,1543061d87723f8cd4403bb7c02281080cfe6420ca682b2afbf5c891ea619385,28
280,ifeval,6f1b8d0fd35cd8b04bea8982f011156647b547eacfd155745e2ba08c01da1f78,41
281,ifeval,cb79cf4e584efb77f343fbe8ee6ee14cd1b6e1e0d4d53ee5004956645b315fa8,25
282,ifeval,3564f5b0ceb72a44ebfa08c299adf9155985bc070dfd288661b4d908f2e00d0b,72
283,ifeval,b33d0fc95a758f475612cfb2786009670d53d5d85c041e74dbac3e27cb66f1d0,17
284,ifeval,27a5ed687c78a9ccec11a5c33c84ababfcab16bf192955bb97f88ed5d529309e,25
285,ifeval,7b7b78eef7ce535323209931bdc9abd10977017c486b5f366df178cc07024d53,45
286,ifeval,b1f8db4eca073ed5b74e5356409a306e2db0a6a86d30246f0760c5c7d2d58c1d,39
287,ifeval,6128ac5f5223e129f2fa4c0242806ca82e089c039bb8f6728feb5c424ea6b1af,58
288,ifeval,4d7d272eebd977de69ced278b723c920a8b67fc0a14ce9acc9afd86dfacb91db,82
289,ifeval,aefd89c597a32cdfe2158b98d2f3d1a7b9b95ca5b5f0ea6782403d13f451170e,33
290,ifeval,5e701960c1cd5b3dd14d93b290c658404b8faf0377165cabde9b70cfa28436e7,79
291,ifeval,db0983debca0027252d6f883c8ee4b190fdecdcc0578627c48a52f84d1d5e16b,21
292,ifeval,6029951db38c8ea2d299a287fcf15e9bb831fbef88fab8c13381f2df033e892b,35
293,ifeval,a1718c8420eb825d728cb8fb2d7a275bc6e763a727476b74c64e77076f49f1a3,32
294,ifeval,525daa163b837f711fa5bd1d74cc8234aa484fbdfda883f8e9d266457a8a8064,18
295,ifeval,a21fa67d5a8885bced9795b88c6d59fee1666088569aa7f11694576ab3cbf188,21
296,ifeval,d60da9c6847ecbe9aa8dab48ee4669a5eb7c3e1f553014f68c78fa201401974e,28
297,ifeval,c7595fb6a60d3039e37ae0f662d3ea5a81a90cce69b2e035d079be22b813951b,68
298,ifeval,4a78cab1db0fa5b4445d66807cb67fe0bec8a92fdeab834341c523d43399273f,62
299,ifeval,9e9b86aee2d6b01f8dc896df0bb6286a0688ebd6d91e339e5eaf64974b969545,24
300,ifeval,5df22e20e233ac3a01a5346e45ae22418c6bd3fa35cdd5ac6c301f879316a76f,67
301,ifeval,9cfb6688e70377ff48934ed240910e32692d521f41359756cf53d3085087ee76,32
302,ifeval,6f318280f0729b0c68003f6d7ccfed6d036d6bd0b6aedd40645eeb17f6356c20,29
303,ifeval,baf48e8ade674d48b2ae925ceaed47b6b843c0290cc73439e8f0d0f65ce0f405,39
304,ifeval,cb3fcd2a72b59ed105261e37d8e6cfa87a998bc5d9ac090e3594fa3bc1281fc2,24
305,ifeval,7bffced5a2f5ea285f59b4f8098a519d125b395ea1268e50f847fcbefc098495,28
306,ifeval,88a3b67c1feaa294e8b0253405b94b97e9dad5302fcd58edd4afd7f5e20b8b7b,42
307,ifeval,686e8850d288f6aeb3923696d9e43f1945cae9fe6a07fd901864e730ea5faef7,55
308,ifeval,282b050d3cc10968a825f71966d1b2634577c0ad09c653b232ac9c6b34fda73c,38
309,ifeval,5196a46d0d65d4a04f80e822c5b866f321b0b0a2130773726b04ba535b0fc11e,24
310,ifeval,1c069a9b9c49b65dda34ab3972974c8b9e84ab7a965171e0d8726e19e255d783,34
311,ifeval,9a9c155316e7036ae7e5ebf2d8d5b87ac64aac5b80c1837a34a544b43a8bda15,38
312,ifeval,9d42ea69bc215d7b2e03134365d978b37f0055d4e0ecacbc82ef78575db78c79,24
313,ifeval,99ca25b154ed2bded0e5260b6144517b13bb44afeb58773563110e75ba7d9c10,34
314,ifeval,439853c115b5e69e65d9fa92e347d16349e196f1b0c4cd411a55d291916283d6,36
315,ifeval,5d423ccd586a31d366a62e3b1a880893bac3622ac24a203ceebb846e36615da4,23
316,ifeval,30fb165a5228fb538859a75d77f882ee1dde820fa121c3053ffb9e0dc089e43f,40
317,ifeval,b843adadf52a024b98c693b68f8eb9aecc8eae71f0bbf72762b577e4633d6560,57
318,ifeval,4f007e4c1e5893faca977b0d58d9c31c4fe738d954ceafae6edf4079035e0339,19
319,ifeval,5a5833498734e0c7a89213591ab94d25184d102570f91951e2942407e5e1fc90,36
320,ifeval,932ce35b365d94f2979393e699b822240e406128356985fba6e13d4984f489d0,38
321,ifeval,972810a19133a20b2369ef6fd47326625d1b127fc3beb5d2b140335997bdb32b,32
322,ifeval,fd6507be056bd3e932f3f5d2b6da316b977c74e25e9259f5c8587d24f8d0a5db,60
323,ifeval,5fef69519eb85c7d01e88197222dcd3aa845cbd899cbe7b81a21db886c683d96,27
324,ifeval,ac888f78d708f490adae3fbd5837995c66dbdeeb217a02801751584f75a3e0ac,28
325,ifeval,172fe366fcba77ecae5125e2ed7cd6d9853628e9241fed9e04597b3f3462357c,52
326,ifeval,f68cb42032f50110f1cc1fd09c4fa0406199bacfdbe90736c99064cfd93091ee,81
327,ifeval,d88765d1c8cb54b9cc4c83e7887ce5f51e457e486e5952c061a077e1c4f3a8f6,21
328,ifeval,dd329d1f5e66d444f02d67520426eb55e31b6cfbd9d3ff21999620987ebd9c40,29
329,ifeval,cd7cf79d34509bbed9a478f1f6314f20a0b1d26e8272433fd351873d3b2ff44c,25
330,ifeval,bc936b11fba1b8afa9058e4e100030bacf4a963ed399da95fce5ecbf31c0202d,37
331,ifeval,04bc479805a8d2825bddec9ff8c9982d917e2ad8da67cebab24d5f1e15e1f5a5,61
332,ifeval,64dd91004735fe3d194575becd34939baf82ebc9c6ff99eced062fc12bb723a7,21
333,ifeval,1404dfce9ca2bf302ef51ba7b54bc24344279b25aef787911e14cfef7047fe05,21
334,ifeval,79427e7d0072823258955a722e6520b466f34cef9b0e21511a82a1387b0a5c9b,22
335,ifeval,790cab5bff2650865fabe945044c68f9c23d8f9d46687141ca74c632dccc17aa,38
336,ifeval,6bdd2ef6800b63953206ff95164f08cb62a349d0f54ca5c605045aa5d5b7fb2a,36
337,ifeval,07c019b98be8a1124dc7fe30b01d35718850abad04e39558f29d5b9f412b1ff9,29
338,ifeval,f720ec8fe39773b8a16b6f275806ab3bc8450c9d9b5b17baa95bd6c4329e6325,39
339,ifeval,8a4d197c3954589b0d3566995ad9aaffda29783cd922bd4bfa5c6a823f0bd1c0,20
340,ifeval,97041f9fbf0d02962896466c30937aa063865e9ff89a53c5a3b4d10c455960ec,50
341,ifeval,0abd999e20eff73094f84f048f5a534ead4bc368198cd29706f2cb4e91314a61,31
342,ifeval,6f87a2bc5d962eba283ae285e2baddc5bc98193c9a0aface6270eb86e7691237,37
343,ifeval,4efaf940ed9da5c7db6122e27c72d8f52da79fbfe0a8c649933d83000607eab5,41
344,ifeval,518fb402e1ab206cfa6a3c9c63389207e95e111a125e40d81f0ab50e71d5ed8f,14
345,ifeval,80450919c2587de7fb8d5033acaf0f617e985c8a28507fcf7d1abe5abc68ea31,63
346,ifeval,7044bdbaa722fb3feec677e30084c953405609b5d721ddf8cb2f026f78052a6f,29
347,ifeval,63f5270f481ccfa05615d453468013a78e074503a94999b5471c29559f955c58,19
348,ifeval,b463289f3fbd006a60e6417e2e9d66c6bd9d2b6f28adda368c3cb143819016b9,14
349,ifeval,38681b83f6ec65ae1ba873db273d5ab85a4a154d25a3390be9fa336778cc4eb9,30
350,ifeval,af5f6e226663fcb97f368430820476eb9a8ab9905800dd548c40c873d440520c,22
351,ifeval,c5c9e9b7de23cd1df7ecafdef8741e71042459c05d11f156b66666760deaf574,31
352,ifeval,ffad421f56ded229cbfd47644c64de0938ab729663085c52eb4cded33720b4de,15
353,ifeval,05944de84e091af99377a05f1a8a53892fde17a76cf69c1bc0175254085c9fca,20
354,ifeval,6886f083d529853fc21b80ad2d5e744a6459589b73bef2f3b11004cc81326e8f,51
355,ifeval,e6c283a076847c4db3e9cc9ddfed408c97b23787b30bf81be0d9e43ca56285c5,35
356,ifeval,a3d007cb69f9442a9a54791fec17fe69bc5feab2b4311ee0290901b4a8c2737c,23
357,ifeval,37894ff5222733daa10da0026ac43f09ea9ec2119d5fc0d70c537daf240318f3,30
358,ifeval,38753c5073d588e8013b39d2cfffbd263b0947d07f4b47b0082b7e2d9d9461aa,26
359,ifeval,01840f5067d2a86873946a9af0e7871317bd9cedd11e455ff88ad82ef42ee03f,294
360,ifeval,a56f97deaeba58cdca7b805c0e699f9f7c8b027d86fdab4be763a66ddec3f8ab,52
361,ifeval,69a0eb13476ad4336a37c78b1c29da7a6ed5041a909e378c3205e3c39fb5df05,25
362,ifeval,96da49bb065259d1dcdf7e4c03a265647430d1af3ef3b852f28c934d728fd885,27
363,ifeval,ca05d3e5ae648558dcdfb617b18ec62a9689cc3722583e8351fe253f54c4f683,49
364,ifeval,fa635a531b5dfb3bd5501cf4c9bbe21455d6eafab55babbe958115e9d5675f38,53
365,ifeval,0ee3cf06d80d93c53b50d5fb943dd510e73b32c46c214233d61463bf386a1139,35
366,ifeval,74c836787286f3c036322d14f1932e151591cfed27ecd96537a6d0dbdfb90933,58
367,ifeval,cb05b95dab6417676724b9fd02b7e28a9da0c6951bc678880acb9a3136ed039a,47
368,ifeval,0c2c7b776a913cb19128ba2767050ab0e7c92772a13ab41de03c9e9011cbfdb3,38
369,ifeval,140a0e2efd130a0ece04ae63d764a0e25b69aa5e41df12f5b738be20759999b3,32
370,ifeval,5c378ab73c09f938ee3c70e42f4e152c83ca34b577bddddd941ffa3d9b2db323,35
371,ifeval,a9821952e84e6c745568d62af7609d1221ef7295d8b5189937d8295e13563513,55
372,ifeval,a3facb548607e28245807b333b1a1e51e84f9f8c056a87bd9d9fa7c2f0cb706d,20
373,ifeval,55ddbd4393d4cbfbff1ff3f30ee41be3ff029c998c472bf53419785953a89a7d,22
374,ifeval,87f9b9d945641cf27fefe2d94084ee3c3e3daa9fab4280e99284037d1eb0ee8e,35
375,ifeval,e4b4bfcad1372a829433fd32599d0a93d209b4bcdbc528b80d27ae71b83d7f61,19
376,ifeval,ad482d2d86c29017a62938650ef5e51cdc9cb94112ad057407ca12f7ac1334f4,25
377,ifeval,1977d69bdd8c0535c797fcdb6040b66367eabd7d5bb8845bf532c8b433772edc,30
378,ifeval,8e4854a4861e2f4f8981103119bf1a473fff6b1c03d294e6c0b1b79d217f27d9,69
379,ifeval,7ca7893901ff737205fa5b5b2987023f890a232d5c394ceac74d66d512669461,34
380,ifeval,566aba9bf7b1b23e1c84d5751ed570943a2ab8218183564fe98a8505b999a602,27
381,ifeval,3d69c541667003adb73e55c99362ebaba85fded37f44af9d11578a1ce08af1fc,31
382,ifeval,55a87037be1602948cfb053a343d25a3238fa13ce8812ddd88aa72df1fd2b8c2,48
383,ifeval,5b55249dcb2834a0b6b8f607647a6abd95c2a3c17bf1ef9f1d0ac831d79720e1,28
384,ifeval,b786fe6ec4f1b573fec1c8b450d92bff1ee0ee16bb84ff629896a9f5bfac548c,32
385,ifeval,7fd89103c60d79aad1edcb9499e249c3607756639a12e159937bf81e3ead6e5b,34
386,ifeval,88c1e61a2f1c5e322ff317b2246827277272a3f8f1268b0ef5fae8e7aa1e2615,35
387,ifeval,5da9c37d70cd33813a4e479fdcf8b5afc2f472f3ba75585ea2d11b1c5fec8370,26
388,ifeval,96cf6bff1ea6c72a2de0f74496f2ebfae9af474da73f7f1dac4f16d81f302261,23
389,ifeval,b83415da9b90fe1fc60e3edb5a66e1c050a0400696984ba49379c9361703fb86,42
390,ifeval,97a812542f05a0b0e0f6fcefdaef5cf355c223658d2fda7e92b0548074505aaf,28
391,ifeval,0e4dc56ec9b229d5c854246385094263aa70f27406c4ca2d4ab4ae04cc19f0ed,37
392,ifeval,7e2dfabf20425a41341fe501ad7189365755267ce506637f58f989890b28306c,30
393,ifeval,3a309d69d8cba232d486f58fd93db8042ac52627d77e09d71c323b2f2012c079,18
394,ifeval,08dede23c72426e2ec43b74c754ed846ad3d119c74aafe6fdc4d0a265da5c4e7,73
395,ifeval,fb2f84bfb7b7fea08edaa1db028959dbbf9643f4eb03d00e3dfe7f4d322a7531,34
396,ifeval,522a5bacf8bef82720a3b170187e510556a5823e75c4dcdf8edb8c5766a6df9b,35
397,ifeval,2332a0b74f1d3d1f29828d41c87fe5e612e6a511edc27ff4a261308e64a8def3,27
398,ifeval,444409950502896d0d638e27d7e1772c218924bf9dc61fb70561f84eb83c9c1a,40
399,ifeval,37b4b8fe42b2a764d6667337b5a0a5aec42918c3a0de97bb8c9c863885f76467,57
400,ifeval,8103d83d5ebc2ce9811e08b5d93933b07a6fae39312016006abfd10218e191a6,31
401,ifeval,6bc6fcee38568d4804f5623dd2624f1cb663db5aee87487e68a241094a1b4ab9,42
402,ifeval,01cb4b2e167a9fd1d6cbc2a83b92ada04d49a3fd35fd34d42a1f4e5b65a69128,14
403,ifeval,fbf140fda088cfebe7b56e4118ca5e4c95e521ec7400ec6fc25bda06aa08f668,65
404,ifeval,7b4d0bf713a4529e86a60662b24841393d707d455af7d587d966f72f020f3390,16
405,ifeval,403dcbf1d3d8be9b91791a85e053492e2200ca4d74af6674ee5de42a02f4875b,28
406,ifeval,3f71b824e070c19c7d6a5e88ae05db82ff359db36ce25d1868390de46a5d3bbb,44
407,ifeval,7eeaa15376406f0f61de6e9c366db7343ab0325df2febf904c366a3437730f64,18
408,ifeval,1be0b69fd525cb7dfcfe9cf59213697a617f267c75d464c5a1037f319abfb629,18
409,ifeval,c9e3dd2374aae39e84ec7c615ed39861cc9fd32c3609d06890540ee7be8ce1b0,40
410,ifeval,57a821e61c3cf275cc635060faa9011e1e6f2f9fc518df9ac8ada968d510b644,22
411,ifeval,e268264ab95b1c462a3cadd56ed7ccab203c1a14e2cc64d28ff265ca68c1ca6b,47
412,ifeval,b44a2d054407920c3d12b1ecf8a6834e6c8a02900da90749d987c5aefb006566,26
413,ifeval,faf548bcc586d9b60d10773eea094e6e6b49771609cb28f5a49add5bf9724f15,38
414,ifeval,c4034931b70c91c687168a6ab589ad0efcee7adcdf9d1d7ebabe463f276b9d67,61
415,ifeval,f4d8dc38bb34787665471c8f0cae8e68d4040a338940f403c703ac29be239042,52
416,ifeval,c2402ea2a41c1a66668e968155c0450a9e2fd7db38735228dff6b8c0face60eb,27
417,ifeval,495a10f381f538e1df476d1adaa03bc5f4f72d22605fc2552923d9af808e2d8d,22
418,ifeval,ca1dad14ea0b178787cd56ce30f3f18eb47cf11eb420d9855e6fc4b2b8a44351,15
419,ifeval,cd8dd376e9a89cb8986339b09a1ba33430808936ff683482829565151fb3d865,55
420,ifeval,25bca065de611021ae45ead76ff3599934356effae4228e15819539af7b1f296,43
421,ifeval,70c5edcd2f2b68103bdd67bccae0aca797351408ce4858619b314a5ed2b5552a,35
422,ifeval,e0cebd009322ca721a8a344c7ffde82170fcc9b9135f74e09803061227737bab,42
423,ifeval,2b6b34c5c4e1c753792b53df171c0f88d178f308f05cc135836a336b6a9bbad3,26
424,ifeval,7c07b4df9e49159796b84c4a89a3375c969432ed2f9773f59d74d0a349643c5b,18
425,ifeval,844750dcfbbb961f51e78c48d48fe2722445a119739d71b8c4e2e9388350ba6e,30
426,ifeval,beee889e1a325f934f5026d623d6f1e756af9965ff7ee6dffd005b2f7f3f22f9,45
427,ifeval,1520d4f03cf98d533b0c8c4757648f6a8ee007d8b6bf497398c92374f701f6bd,30
428,ifeval,f470c920bca357625abfec25e7fad32817facd6e4a94ee5f8ca225376f0cf48c,34
429,ifeval,96b484d41dcaee37eb81833d28cf6226cce223825a3a5fbcf8758e0010d67fe3,34
430,ifeval,3d034b023779ea98247eeaffcee299cb52335c6c9d30e30fa421e0c9a7ad8ee3,18
431,ifeval,735bda29c5d02c67fea4245276ba66d5bab5aaf36d586301bbc17ec072b7da2f,52
432,ifeval,88f721756ab848d5b48a5d3d3cc571f3a52debab7cbaf7ebad534c01ac5b34a5,31
433,ifeval,78390d033261ea4187b51edfffd5ae4456c25141ff6c88db0d6bb58bae182873,29
434,ifeval,6819285cb3b661a2ad006b99e2ac6d2bd1c3e83eaa184f389fa286861edcc64c,42
435,ifeval,61b1b7085376560ecf8d5ac1b442cae273abbd94e52f0101cb5d4b1f4f9eb820,31
436,ifeval,c83a3f11ee735599f3c78f483cc3092bbb2aba7c3a915848b88b4d15098745a4,49
437,ifeval,4f81494760afc2e02a3d94561c8937ac13db9f6fd176ca36b8018f9bbee4fb99,61
438,ifeval,4e893b12476b500962db17f7f9ec2fc775a63bf4a1857e7ee86f95b7dda80485,48
439,ifeval,2946bdd7398a640aac3559d843f8edecc9f926848e25aae158a688cf285bc5cd,29
440,ifeval,4ed425490417883023761c4ddca232f9580556f074bb1c2bf9b7034f455b621e,35
441,ifeval,96d26f5805017e7d516b752b455e63798b7f8be97a646f84ae2d856dad39a76f,46
442,ifeval,051807f949b5a0266ce8edcb32e179b19bdbdddf410ff670c61b2d596b0b728f,25
443,ifeval,0c1bc13ebcde14c8cf56c6efbf77b0a1c443f95f5d4e7557180286618e4c12ba,40
444,ifeval,dbfc659b870fadd08d9d40caf273f747c63713a418f3c8bbb2e2fb4f41e6fc23,29
445,ifeval,4fe82bfc1fdeef9220ead1c9d4b08b133202334f047d216a4bcb1142117d0a20,31
446,ifeval,aabfb96db804097d3b0e69dedef40b450caa09852e546dcb5c5578070bb617f1,50
447,ifeval,9314be60706775b78642b6969816f2f097dd70b1890155afc7c3f8d26858ffd2,48
448,ifeval,49f8216cf7fc7c1c4c55f37908df1f41cdb69115e74e985649359aa17de11e09,54
449,ifeval,d1954964ccb46fe400473c0ff8b14c0ff828f9deff1d1876f24d7302dd645657,71
450,ifeval,c6d239f9b9443dd7c0af95a9dc3508b0c9c70ef0cccd8c248aeb1baf1ac36227,48
451,ifeval,1e013d21b5e9f24e94e47d93e482cc2f358504b00a39782fded65fe4f0428b72,55
452,ifeval,6a26cdd80280ea050bdd1a8a2d33ab093a493b6752f67beec52f6be63e51235a,42
453,ifeval,dc3bb6b2d02e5d4f49b4dac880849af75bf09a04c16fb656799dd19ec7ae2241,51
454,ifeval,5fb4026179e47c90488a0de8f7c1dca6f27446827540237e383b676052a89be9,43
455,ifeval,b68abaf3a3d0b4a17980244905dce8d588c95b2b6d39467bbdab123c42c81275,34
456,ifeval,adb330c9acf0bd946cd1a074ea8182bb5e0e0830c67c4b8c24ae30d6705fcbca,62
457,ifeval,b94faa128a82ab20bf5dce023ac3eaf0135a2a2965c2ff6cb094e2ddfc9d6c71,25
458,ifeval,a9621d1a7c90d8b06fe4a80aed352da260476b520731bb21d17da7c3b0685a5d,33
459,ifeval,48f51f4cb8aa7411ffe71a3dbffd8ad2261dd8e41bc56e352a4ff29f43e78e88,42
460,ifeval,72bd88048f324b8dcb313adced86ac493d92ee0c53a4f1fe199adcc4322ceecc,33
461,ifeval,e1292b1db27e32f74f8643d53ea9e58d52548709beea2b78a37362d91e3677c8,28
462,ifeval,c7c8d980e64d7942bd91038b48d7bc278e9180974c2bda52d170b377eae60e00,34
463,ifeval,04fdad2c4ec154fb0d69ec01508b69fac19767940955d1c6330fd1c9b6b251a0,49
464,ifeval,15de8fb6049c6a171a730d1a9c4791ae8651b8053780823c2c367b6057026384,28
465,ifeval,27407cd0224a08945086e61e0568c509cb5446d637410b19054fabde074ff808,29
466,ifeval,0ce1196bb0f7603f7a3afb2c0e8c0d84f88403138407970a6c52a44477b69154,24
467,ifeval,9224a065a5f1d826aab9b42589bfb071718e6a58258a8f3396ac68f14b29309a,20
468,ifeval,62b8d433445f95886717ea8d1c69c570f47c92b5dff04237ed880bcde3dc36be,31
469,ifeval,8e498bae39344e32ffe2668631bb5de2f63ec814d9cc0a63e0c9a50c28b6e166,49
470,ifeval,b32044fc92599e320f6066facb1f3c7d7de0760b5971eb5e869324ec64309606,20
471,ifeval,2999dcfd22bdcb36ac3bd035bf122cbe793ecbc329ac8bb26e06e27422cf6368,41
472,ifeval,c83b99b7c65339e2f2b233df0354e711963b1cc85e84a49c322e3984649a62f8,21
473,ifeval,ea1541c395c7924ea482286d9ecc205234beb2087a210d038f799faba506bdd5,43
474,ifeval,847392138736a5bcd3abf4ef601246d337ab70ac67e0e4b7357c2cb220ca6e18,28
475,ifeval,e78aae9efb233c3c01ef9a5194d92e11af2a294328a0b1936b9a32cf75e1c890,24
476,ifeval,a300bc297849c2f41656dd1803fea9ee451ee08e98e57f5926613f3b6104267a,38
477,ifeval,1d8a31b0b15d96b62eb433409e90c2ae3ad2312ec00f60afb9f5c6a470ee8f53,46
478,ifeval,a88d35fba0337d931f6d054003739975b85a0e445e0adb7b66e06979dc435d86,15
479,ifeval,4581e9b35fb5f3daceaaf95fb1242c70c6fedf45b95858a53ab0ae34b2836120,32
480,ifeval,6b49df77309a59af3ed81551da8c2ab47f8b8725a8cc31fb8911a6bb6d3be938,51
481,ifeval,43427b0ed903ae18f4b10b8cbd52e0391f070efde7c0f0277e8173c2878a673f,56
482,ifeval,515dbd564fef2efd9c881bef9c710863708e193fed18b13762791937713d5065,49
483,ifeval,176b772d5eec8de9db1170eea06306db88790e50366fb85f0b0142602a6b3b60,38
484,ifeval,33a5f8d8cdf89707aa0cc72c011c37560093f0098dd4e7dbd5fd03d2dca775fd,51
485,ifeval,4ad68a40a2b0996403abb39f6dc39a5d5e81ca327f92ee919c8f73c7b107ec6c,56
486,ifeval,aa4fda0553a3f75e2b742e25cde8bab0b3d9035bb0819d1e2d7ba931d4c52a1d,34
487,ifeval,9e71a8aba3f5829980cfb84701ce8daba1c7a9ea26a53bd34379bd171f89774b,40
488,ifeval,eaf4bc6441ddfb24b003721a68cae13ac2326fe43f18903734e835eb073131fd,38
489,ifeval,ebeefb84d837af871efa910d575618a58b56877de1a527a359036a392eee1203,22
490,ifeval,ec98815d1634f7628dc100b322ce78732a343ef9fe7f01847114ceec35381f6e,29
491,ifeval,1a05915343da5a5a1afb9908450d6a6a7f382764f823fcd6eabc2c333598af29,68
492,ifeval,ae155d93f37bb2a6f240e543ecd124aa054ee1f5f42659ae9a6137e91f8346ad,37
493,ifeval,5390ced780039a005bf7112b06f786e0dd69038383694182e8c9f050621dbf7c,35
494,ifeval,be09eb4aba914e4183c02b57250d871135dbe2814b66011c34d49dc1a5035752,28
495,ifeval,c5a29dbcba9df64a6069b46646b136d2a69018cbc9e2b7aba7fa452e9bd6c221,33
496,ifeval,9736189b4f87dbbc06399ebba9af0a219ecdb23a75cd0e5669535957673b6da6,40
497,ifeval,7d109deeca9cef3c35ab782d63af438920ffb498a6857df5ee3c3f2a93afac95,41
498,ifeval,b06a370428e461b0d454bca353b5163e1d01a3d0599dbd6a15425a93e3c695b8,29
499,ifeval,d36293e935e55cf5ba1a27b045ffc59f34273d6fcc45a7768400fa601d72b3e1,24
500,ifeval,2e218c1b78f5e9b0ce57ecffb3498f2b3206e5e2bc28c0fb68303db37568eb06,19
501,ifeval,6b52e4b0ced0ac0684ad02617fb19d95c2eeb6a7fd3306fce80624a90ba9b9aa,22
502,ifeval,fb4dbb080e463ca75be38454fe700d58c068a733a75e92160efab09c4dc8fe45,64
503,ifeval,39ac5359c3b01fab28fec5eb47c791a99e306a08a9b369e5309bfcf912bb7e8b,9
504,ifeval,9e9e791bf5eaa38d18b8ade0b9881ac3785b2b69f6487afc8265ed86ae77c9a0,21
505,ifeval,695048b73f10f243b94f33749f4b7db16bd59d080e0fc1afa5a4445bfb423217,33
506,ifeval,c981f9194bf6a17f71ebc8e03c02902810b111c983d59baf814a7537c9bfe21c,31
507,ifeval,3d6478b154969c914c438a530a114fdc98836a5ff5354680d511ed3db6f6e4cb,39
508,ifeval,31fd3ac6c4d40d1e9cf90d0c943f65859921943b41a832bc562adb05ec480bef,56
509,ifeval,497bde09530557b5c366117b983907724a26fc65815bd526ca470fbd5531b639,20
510,ifeval,9d9ff3dff045b89e8db6f722a2c97279ea82e6385ae31a6e4a6f1d9677d673f0,57
511,ifeval,5e835d564fbc1da078010ac501dd80afadce93fb34bba07930dbe6ee2999a8dd,24
512,ifeval,930033f2ed87244028eb2ff4815508f50c740de43a997f76ff9df7ab1f80ba57,18
513,ifeval,fafe71347041d221342350cf9ce91c201fd7b115162e3e53abb39583db3e5010,32
514,ifeval,ed80da00d23d4d27873269b4138866490158a17d7a80aaca6789dde4a182bef6,24
515,ifeval,6800ffbf0a0e1950743bdaf3eac42b909e3760d87f37efc50b996e56cc317dd0,31
516,ifeval,7466fe4496c51d30f9e3a648e79d31d15bad49126b64565ae53bdb83799378ad,31
517,ifeval,824d07bacdbe641d7a67d00ca3c6d0336ad18fab43f779950dd2c49ba368c28e,65
518,ifeval,b11a00234b93eb2960f47c39fc72e3f0a88465f8021c62c632d1f216b10279fb,29
519,ifeval,f4f0bb4b9256c7965c002101ef9e017e434c10e97d93a5afa36f601de8ebfe0a,38
520,ifeval,23bf64224e975e9694f50e8e80150f696f2cbc7773c16308d95de9eedd8f4e4b,34
521,ifeval,39a09e32b8ba3009343e95bc1aef3dc02e1eade6a69f4dc00cc37673a2b5fecd,36
522,ifeval,a9dc9b6581806016da17cc15a8ce5fb9208584bd786349b9e6f432e8b76673b7,31
523,ifeval,5d2a6c866d951b12a07e63d30d8eee24e73d5b996068bb44fdb4e1bb18303393,59
524,ifeval,fdca83b6cde66df676cecd0f2f8b5ce4b42c35d3f8fcbbc68bc3808098e7ed6a,63
525,ifeval,3190b533e1026639136a9580e06719e7d718ba8cc4dc5e0ea8137ae81d1bc0d4,26
526,ifeval,2798a9d02a1345d96752aaeb0781de17f7231401a2f04b32a3fa19aa7cf31d04,53
527,ifeval,8eee5111b7ee187817f6a44814604774a85e27ec3959bcff469f9c563c800fb5,34
528,ifeval,36e36afd7274af7e7659b1b18cf61f32c0c1f4c6dbf2fec826fae7cccffffc82,26
529,ifeval,06e1fb41da1066befe187525ed52ced10da777d82772731f401f774c741c06f9,67
530,ifeval,4856c1eceb180f741f9e9e23915268401c137f148712277357d962613bbf3f05,21
531,ifeval,7c7d0f151955ab2d1b678bc9f43517e899421ece183094993d105e259cb5e6d0,34
532,ifeval,f44864ced4d84066d7da743bb609a0366bcba29f7ebaf7e060e7ef1f8e37b6c1,45
533,ifeval,87dda8e1620a8e3a84b47fc86aa5c68de67af588c73daf224abcc70bc01c29e2,30
534,ifeval,a42e6fd78b3225b848d3b72b1ed034257133b03c8420d741df95e9839208d004,33
535,ifeval,707aaf27e1c547f6c1d1dd43acd6246014da51183e2c03d8b9f3354251d8289c,36
536,ifeval,cee4dbd88116f69b969ca34d5366f0468a4e407f24462833c3d9a301213dc36a,36
537,ifeval,dfd5a9250ab2c847d4db19da0438d33a102687e9ecd78e04d9d5cf6220e7ac0a,35
538,ifeval,df125efbf12613e46b88f0ab1b2fafc79d80191cc05632e19ab76b192f4dbf95,49
539,ifeval,abff74c1c520ee3d467670735843945134f1d2b6658635a302034e09c7fc02a2,29
540,ifeval,d1c4ead677b0ef2ac92e7c34407bf49ac635ecb415c49ca77a451f4500c6b733,29
541,ifeval,1ae205a3bd0947b2ffd78085cdac683491c993463fa4771cadfef014d321092a,30
542,WildChat,4655a82ad864f7ba0b26d359f052b1fc98eafbfb6b48ff62c6a119e0e640cdfb,30
543,WildChat,50bd2fba9bee0727196d7562bd6379fbeff8a071ecffb50a1e2de7f758ba5b11,31
544,WildChat,eb779a40078fca2d60a96b3f0214b691d1572233c245d4ae9e24ef2d86fc25ba,67
545,WildChat,e03d665df4529f1872020648e972659366c5d43954a6b5b1782f282b3da24765,103
546,WildChat,9f0c637b8c72a6e2ab176eff4b26ed6cc9829a9a0ddd29e69309e50c3f59bd24,38
547,WildChat,e03d665df4529f1872020648e972659366c5d43954a6b5b1782f282b3da24765,103
548,WildChat,0e221784169da7e134f5046e8c40dbed943fefdf04ff1ef302b032338453c76c,38
549,WildChat,0dc6dc0bba737cd865e25f2179ef7d3e2c2296c6599d22eebeee046af437788c,27
550,WildChat,0dd068f3b248421582e601f96b22752f4acf840112bde74d1c29948ac8471aea,294
551,WildChat,5616e7dd942cacc9de714525d0769197a2b40c34e4f007ab7374c4e3b083dea4,45
552,WildChat,aec635780f76857dedcab78094866c2ee6136299e432d6425856da4645b27c4d,22
553,WildChat,a825175a6c45159787c0c23eda79e715ed8374f46b36020d6518f3dc6e6f00e4,31
554,WildChat,3cfd954807e2f30a0f14d033e26dc84ec70a90bbb2503030c7b83058b0b056ec,153
555,WildChat,465c3b555114d393cefc77b47a3052d26cd805078b05e3121891878d12ff4edf,31
556,WildChat,b4d9db082c93a2e82cb43c100f4ca6f8081104abaddac8c5b127170db0b2b2c0,23
557,WildChat,8a2cc295fcd566f18029c0b0df330a6ab0a5bc3ad344189d617561f4b7e8deb7,81
558,WildChat,1542a862657bf6e568524e5d5e5792bce5b4bd55f537563d7c0699c88f095646,173
559,WildChat,25482f93caee6d252f9c8607a6d034c29a11c76c5bd9bbbe4281b8a5e5602b90,300
560,WildChat,6a399da4c1c78273c0aa36a146fb78731d325a5878b9ffa0746b7e3d2f144b32,27
561,WildChat,9ec443b3134db4e613932617be9397808bb17228043de0d48e353f0356f178e4,83
562,WildChat,fdeec4a28f53faa1baa7c81a66fbfe6ed5740c13d7a302ea203e57948f736cbf,361
563,WildChat,a760c171d72d605bbe1612372650664d3d4dc5d1b8d3d94389c63a808c9bda98,33
564,WildChat,b769c07a08467695c0b430033935e6ca4074520f496d2d2fea2273c4b61124d7,29
565,WildChat,55882fe7d6c93823a31ca6159f3ba22849499f1c3df40145c3f42901e4760e84,39
566,WildChat,64e640ae9339152c8966d4858a2de9f4fa28a926579fbe63bc5cd8c8b1ac07d4,470
567,WildChat,5525f6b47b54545c550eb872d56e383942015f613c0bf0cbf473c284a6f0a636,40
568,WildChat,c2c42548ada48f4461780a5e8af06a531e8557eb227401281157feffa55de777,45
569,WildChat,4be073d82db00ed87226be2af01280f56635d6a782cdfbd76a0285148f6320d8,38
570,WildChat,624a62982d7cc2b1d7017d3b27605f8066134c51f17459c000016fca6cb3478f,615
571,WildChat,fa0fcbbcfcb77e4f14164c36781f581850bc1dd13d9c9561ca66ddbf1bf065ea,401
572,WildChat,b095a081eff3e6d2f63ac9d061b027187aafbde52a7e6be71cc5e37cf7bd5e85,407
573,WildChat,89f7211017ca73588b857239ac0cd854094193ff854110f65bfabb22e942b506,85
574,WildChat,17616a57b1b9c3bc840e67649e454fc553c2d68d55bb7e967ca5cf4a25b9d7ed,209
575,WildChat,87813f15dcfb3a3f5ac4456460e88835fe8640e615ea67a38cb630deae0e44d2,243
576,WildChat,fde7e66f58c1b6d9ded22cf8faaa875b3635174078b6a97aa43f3ce517827f9e,111
577,WildChat,87813f15dcfb3a3f5ac4456460e88835fe8640e615ea67a38cb630deae0e44d2,243
578,WildChat,aba64c69f7129fe15652583964a29e72c2a3bb0ef463817bb8f014e05bf83122,29
579,WildChat,375beff65f088acf044ace4306e7e12db410c1940916813282bd08a18a98e0c6,497
580,WildChat,233f6df3ead67e03ed9e14c98dc7a7182be64f4520a0eafc221b8787706d0225,501
581,WildChat,eaf65e92deb3e8e422eb1414c24128ceb3d34403401fd02554b033b97c129e74,134
582,WildChat,a8244e7aaf14a7c7dc4b4f87caf227359e26b24af2bb794d53182259112487c5,263
583,WildChat,49468bb0242b371b8ae6717a072e3eb4a693a87c1fb87329a0dc017974a698b9,26
584,WildChat,d92d443346723c7c4454043b582c1fdebc54468245844c9717b9e79ad9472ac0,131
585,WildChat,8775d129cfe2112e1f20dbe4deae69b1a39b03b677e6923e4ad65de20ec8e71e,130
586,WildChat,5454e5f43bd39bbc321d058a9bfa445a840db68753cef556cc83915e7ffe9414,272
587,WildChat,d92d443346723c7c4454043b582c1fdebc54468245844c9717b9e79ad9472ac0,131
588,WildChat,e9928a42aa8ef7d261e811a08e1bd5538b21556564b962b15678c122ed038dea,121
589,WildChat,5c9153ca22bd9cf418fb61f73e498a6a74fd9248551f5f582086246302e65cec,127
590,WildChat,c9999ca2191f5f14089928ad0e27f575ac6854beeb8aff33bd2ca55ae4e80688,77
591,WildChat,aeb6bbf8c02fe1e66f28dc9a47296c2b1cfc33388e9fefe4a8bb4359a2947bac,47
592,WildChat,74c03b2b08639e061dd2eb42f32b5e07d158c2e05885285c35029d07e8233058,84
593,WildChat,2662c7d513aaf70d46a29e48013e0a3bc0e64faf65c8d94d2f8d9a87540ee6cd,50
594,WildChat,0dc2e6adce52fde45cb447b110bd89c71453a2cbd47cbf8d2ab8792481c930ed,51
595,WildChat,74c03b2b08639e061dd2eb42f32b5e07d158c2e05885285c35029d07e8233058,84
596,WildChat,a45591153d72924dbdf5574de7d598bb7c223ac11ad43211a9a263158a787423,27
597,WildChat,90e8f1d15ab3260bd541aed06ae89ef7b73ccc1e7ebb996638d656ed0f000af0,199
598,WildChat,62f3d53f98c00696764aebb09695cc84ab9d577c9b5e95bb171ac637f61239ee,547
599,WildChat,afa4b001009ce0c3fe8c30f9ba17909ac5fe4f422f7c346b81ddc24b8396b788,547
600,WildChat,0fb81cb7f2e65581648e05e0b0d18f6611614fdc6baf6c207fc9fd259110260d,32
601,WildChat,ac6ba104cc10f102e7423213fdad41f711fa1ba00769d7f8b9bccff7fca152ff,686
602,WildChat,9c4259e9165b2778ced6c5f3c6342910d55c68c07757c9a8c1df30044196f423,139
603,WildChat,7544f44628013798b14f21dadcafb31d1ef473408ae0ec4557acc7111a681031,690
604,WildChat,43b56b47c21f4779eb18c1ae82711c29c5b0fe2ca4eeaf69874779ee8170362a,333
605,WildChat,ca49359681b398bbc23ee8f6e15c893bb1938c59fb9be3fa96aa026f6ae6d28f,33
606,WildChat,c47fa758c5bed515dd8b6419af9a2b68745c9ecba4b7e68bebf649caccb76604,38
607,WildChat,e4d652139eebe1eba5daddf94fa0f4afef20acaf1ba264ff7f41416feb16e7f2,215
608,WildChat,4fe7f9efb9894bbc3cf6fa3b8c2628cd40c156e38024df1632f44de95dac3ced,42
609,WildChat,43b56b47c21f4779eb18c1ae82711c29c5b0fe2ca4eeaf69874779ee8170362a,333
610,WildChat,07bf25d0b59b67442985fefd9be39d47e2b6e10fcf6b0ad31cea0a9330d72a1a,493
611,WildChat,33b09aee04240440bfbf4ecc443501710a8d57f6852ac39237ef370d319f9fb7,69
612,WildChat,fbf3eaf380ef6e29511e2e7400582c967837e3153cf4d75de91115a404cb9921,547
613,WildChat,686791268a449735662867fa907752495be49d482b885abb1ba9d07b638fdf13,546
614,WildChat,fbf3eaf380ef6e29511e2e7400582c967837e3153cf4d75de91115a404cb9921,547
615,WildChat,02a4ac1e350d2d9ee0605df46e299523e73b95e8bbe3167969a7420f701d5364,504
616,WildChat,42b103fc0d1426646158e568517c1f13345859c2afd77eb527364af43282a202,285
617,WildChat,2e0f04737f4e4e19685a9e3b61c964cf018f8d98e93721c2ddfe15297c509a3c,504
618,WildChat,686791268a449735662867fa907752495be49d482b885abb1ba9d07b638fdf13,546
619,WildChat,7a2f30fe28268fbcb66f136e2bfe24d718488e0edeb20cfcfebea485f3cc77fa,780
620,WildChat,da602349e431047ced73922eaed1ed660ae5a8d942fde82f62d3ea2c79372c8b,84
621,WildChat,98e05c0c664024d5eac04b27d4a08fc120a0c59ea64c14f12c982ef135fe0351,84
622,WildChat,dfaf822d5a985b02e2e25ac72734ea37abca56a8373efc26ecf6db1a04227a8a,23
623,WildChat,33b09aee04240440bfbf4ecc443501710a8d57f6852ac39237ef370d319f9fb7,69
624,WildChat,ef3e042fd7039dfb2864755060cada82fc1276bd699e72878257dbf9b5212b2b,51
625,WildChat,0971d11506ab523f4f3d4e51aa01b38e0bfc3ffd77d685e35a566e5f5cdc1c3e,708
626,WildChat,fe3c713444127d8bdb5f985f4230836d321553d1ac7f47f95efa077eb28384f4,79
627,WildChat,bdaa9af801746ef9bb1850e527de052a38e8ad42edc027bd2eb0eea4a20b12b9,517
628,WildChat,57e9afcd9e1e0651a298223197dfcd169b19796cedef43f5526dc82bebc32b0f,94
629,WildChat,ff88996bb101c484f16120bd2ca3cdd9e4a2db229aaf5ddff6f94d750baa890b,94
630,WildChat,aa453e3316292a7d23060e0bac90c79fb4417c0eb7a0bf6e78bbd518fc6c6bfb,67
631,WildChat,9af6744145f59a9001d7df77604a36d0cf51d5bc0545310424b764cf9cc0d5da,96
632,WildChat,067ed6c04d7ea01942ebc2639fcf000821807e1d11334ae9d9428035b6ffa25d,551
633,WildChat,ed0eaab1a552729718f82c81f4957e2f1c26cff23b43d3d482d12e6fe72a54e8,360
634,WildChat,14052a70b08f75961d9cb4e9ee3ffde1fdc03140d550c2cbb7faeb39260d4419,585
635,WildChat,0b8e47e9bda2967beafc396c2383fc219f0553323511b5716c0f537295ea6908,21
636,WildChat,23c969cc76989b2223956cb86e8fd1055881626174a778a83d4b46fae5916389,73
637,WildChat,6254f482ddc8ac434967578b7a3f59a9479ee5328eaf46df1aa71193ce7cc1f3,92
638,WildChat,0bee8fd3c74f4e92885f583530dac2e9861ff51e6e1f85cad0aa95349de352e3,585
639,WildChat,fb6b2755aa5c6216468769ce8507d59e8bf083ac273bb502e135f162fee1555f,79
640,WildChat,a0f5d1ab5306febfdc7deabe8972ad8431e79a871086143512d2cdcaabf300d9,674
641,WildChat,e8f0da251074bd90f85bb33779316f25e27540177d121aabb1841ad30e047cfa,95
642,WildChat,ae9c21d2de7ffd83be221ce9402f1806e11b405edb96cf378df42a0044a7c9e8,147
643,WildChat,fbd3c8ea8f5b42eec9f1c55991ae05854d1703b0f6cfc630d1b46f04643a1ed7,158
644,WildChat,f78c70ab1699fb82368fb7334c60ad207cc820f6371f3cc90b8ccfd70cdf8653,220
645,WildChat,561d8f8389300280cfa41bc31207bd3bf0dc65635a01a94475773c370b65e590,229
646,WildChat,313029f328662271f7832251896ac5c836cf2276593ac53cf157b501f5ffa8ad,421
647,WildChat,37cb89be49a1320c3f999ee6270041839ea255ff8ba61c92af98a72818f589b1,434
648,WildChat,ca29f6819a8d27b72403392287ca7951e10b57ddd103fce646139c883834b3a6,445
649,WildChat,018aef2c2f7695dc96282712a9eb1d2d4fa058f65ed9075e61d9582463946a29,388
650,WildChat,a2ef96723aea8d3c5ed9a61d39797586cb2003dae1407ba0867bc0cf32386cb4,867
651,WildChat,158659ef98d6cefa65d57489044b25096456c7c151c6f28126b7ce8fbf143269,330
652,WildChat,1a44a72b60bc7e8ab3e5c923e99d57ab7d1e409165c1569c03a75fd8915f84c4,277
653,WildChat,c0a08799ba99b51528482779817bfdd49f76e43623538df95adabbf5037662f1,52
654,WildChat,6cb244f7b6e6b7434dc72e5dbf5e974586219b32c1c44a7fb1a2034a3bfc0716,48
655,WildChat,28def1598365db0597d29aa9c139d9c58229ca165655a1534d7a8d56e9118d26,243
656,WildChat,8b3639326234258f8a336bc244c8d3e9c03f90f7825906b3c09f79a0d45b4901,243
657,WildChat,28def1598365db0597d29aa9c139d9c58229ca165655a1534d7a8d56e9118d26,243
658,WildChat,1d02da19696c6751a1e32356ad5ea1bd7a04e4d720c292b19659132bd3524de2,212
659,WildChat,e2164b86363a7a0fd475835dd6b461191e70e18a7a87658ca004adb4fb0d5c80,23
660,WildChat,edfccf2a7528abf32e34b18a699ca5c56bca3362c98b64589eb6ca5e4ae57320,204
661,WildChat,13fa3d417e8c1467a036f1e133ef62298f603d667ccf568a8b90babf2b55d438,29
662,WildChat,bee9f7c025c1346de51a58df972796271c1e31e2640ea993647c8d4154c9a17f,32
663,WildChat,89fff67acc0a8a96bc5e72aae677c990b5145159a57fa5adf76d170fcdb6541e,637
664,WildChat,89fff67acc0a8a96bc5e72aae677c990b5145159a57fa5adf76d170fcdb6541e,637
665,WildChat,89fff67acc0a8a96bc5e72aae677c990b5145159a57fa5adf76d170fcdb6541e,637
666,WildChat,89fff67acc0a8a96bc5e72aae677c990b5145159a57fa5adf76d170fcdb6541e,637
667,WildChat,7836f1eccda0730b3605c2e01f8f3de84fe668ce2c4fc2e9110990728ac22a3a,123
668,WildChat,36682d6964136346648be282327a61deafd1422508632d1a4021168b33dd31d4,123
669,WildChat,053a08977d77d3e59c78b12bc40d8e29f085ac488756e0fcdd5aaf767c9fc326,136
670,WildChat,de752ca5e670b68a5a0c8fc5bdec152eca09e6cb9e084a9f9cebc1b075e3ef15,27
671,WildChat,78daa97e839c801c840ae22414a5806561cfc2fd67cc8b3f11a0324c8bc4bf87,123
672,WildChat,5a3e4aa99f5265c033a45d1ea77ed9426c75481e9c0f5213bd43e43abd86cae2,548
673,WildChat,14ee5b22f7458634e89295fcd4d73c68d6238fef2ed87bb0c32077acb274d297,34
674,WildChat,d21d3ae6a2365b3438c5174d5cea15cd9e7a411b1dd5338f6d9dddadfbaffa79,549
675,WildChat,61dc246dae4ffeee324ef882f82cf5e18da780d29fd8cd8fcd900e421050bc95,44
676,WildChat,67c8ea4f6e4dd79a82f20e1e60deba3adf1e0395fc43f4ff2c79acf2a2682f44,76
677,WildChat,77d979b96891d370fec4c33afc98e507a1e636cf68615b5d5126f7b52d276515,550
678,WildChat,a18bf3b938646e278ccfb498e2ebf7f49a924f7490b511770475576fa186aaa4,84
679,WildChat,a18bf3b938646e278ccfb498e2ebf7f49a924f7490b511770475576fa186aaa4,84
680,WildChat,129762b15627234dbcb5dbf5cea8cacda4e7e0220021ce897d31e6e0281dd0db,142
681,WildChat,bf7ccd1dc9b9ff332b55c4328b647dc84d52aabcda5b505a65eb5b8525064df9,466
682,WildChat,05275e5f80113903cad99cdeee7f2cce163299b37cad0fc633533e3adda63bd2,265
683,WildChat,4d8a896b6169912dd140127a30a924584fc8dcc347974240fcd40222fc1c7139,28
684,WildChat,79747ab2635a43482632887c9f600c91d3db846160b5904b85313715fb7ffdef,29
685,WildChat,3796ce3eefa8641b9522c7316ff68da6123c8a4e120b3eb7e6d7b865dc681ba7,60
686,WildChat,22c0b8242f49779f46b787e5504d4c7cc06d9efec1b6a4036c46ecf26ef6a4c6,537
687,WildChat,6188e3edb476166d58765ee910ca525d46e0c3fc3c59b55bd557637d4ef93eb1,764
688,WildChat,ad9f4b69f9a4e047cd0c828ed4175deb05f87cb4100d8f437a13004ceed9a962,33
689,WildChat,d2a5e4c12b9c0ae6fb3c393ada50da5e9b19455fb923e4f8b3a95c14514cfe6f,661
690,WildChat,4cc02e853ab836c93fb5a939e184e4d4d3d4c00b9459e04c64d8390833a36552,49
691,WildChat,16eb26816f2bb9ac0908603101e031300fe589be7d5b93a068f770a213668143,520
692,WildChat,1a1740fe7a34f5c34ebf67d0f4cbc5a831ad0d375ede86c0e49ef04fa66dade6,32
693,WildChat,01d69c2f7108efc0fbded33cc2439b908e82b2c5577d6b7201c29b2417c60eaf,451
694,WildChat,54facf505cd1d778898933ba99f2dbcafa8ec61599d316c83a756ddde7b30bf5,124
695,WildChat,5227f1517311a39b01ea5a5db1ebdd6d446838cd4e0f5479c732b06ac3d51c61,549
696,WildChat,d69e9c694a14161d699bac8c56b9190bf2581c9cdfb9419a7bd7ee1ab1d64718,62
697,WildChat,b71cb01b538392da6bf96068fa87a6c1ae7894d68c8a6a273b35dd21a72a67ad,110
698,WildChat,aadc97868c058ceef3c182761123bb4103902f73294e964bb16be40aa7aef382,85
699,WildChat,e4406da47d76c6d9936a5c313080565e98105c148de64fe9736e3ddbe9ca3dcc,32
700,WildChat,7c83e2073012e89a0fec3f3c95a9692cc90ab597902e752813503cd762030c22,186
701,WildChat,37c15bc08c70246fc9a84f6d14ed8e1d601b22364f8adb044897cd6424a0dc47,610
702,WildChat,540d97ce38b7829ababffc008303a7448624a48408c01b4152ef731c0402324e,123
703,WildChat,bb5b4798a20abc6d444b08f15f9c9485abe8314e950d598031fb151ad5099fbd,107
704,WildChat,cee5f3ea09b7461d3ee39d310940b198adaa8de04da814d6b7f7cf9e5333e725,166
705,WildChat,a008ccbc213533cc5d036e3d7d115410f9ec9d939f4eed88ab57dcf313339355,61
706,WildChat,41b7797ba935a3993c85f89406038860487c13a1fe689e889fc5cb549493239a,156
707,WildChat,9e762d29713716d046d72651b247462a32021b9e7f888959126efbd07df0f8de,386
708,WildChat,735df0b9fbe2e7538d7c4b810a7392c6cd99e5fb9eccdf868ab0d21c49e5da6b,25
709,WildChat,7dfde6b078d2d48e203c827be186e6a47415affbfffd42005e1f506be4dae14f,25
710,WildChat,837615193cea6d5777f0b83a736bb96f4d8f0498560028db3b7158a9ef5e7679,61
711,WildChat,30e2bf64c97306402e37e0db9d6062d0f2b5c0900966b9312d8b461710f01d36,93
712,WildChat,2e3c0330d2f5f450bfd75bf94ded3bd54728eeb49d8deeb19e1478cc255d0bfd,24
713,WildChat,6287630d3752ed59ee23bb483e0b3fac20e53a4ba33df361b6c14a315b410757,73
714,WildChat,bb69cc18a8bebbc0d76f3c1272baecdbc868c485081c0a1d6f3745cc5b52fedb,69
715,WildChat,8c50f30ae0e71235c3275c78cfcdc86665a98a30a8553a67c5f1f05c7682b74b,68
716,WildChat,3b3c7532a7606285f38678bb8047d784c234ea971f7f718bc46203712982443c,703
717,WildChat,1e8a8d4f2820c6aaceabf3bde767b87e5367d375bf06744f065cce081e09711b,132
718,WildChat,e1118aa2900f3384dbb4e100dd0daa80b22ee6d8783e729498d21568ba788376,79
719,WildChat,fa79e5fa496ca39be3567a08032a35fa7aa68d41d845afa3825e6fadbd9c1cdd,79
720,WildChat,0273134da710b554af71b3b2721da8364cf6e554e7c24d8a3bbb81e030496c6c,39
721,WildChat,246a62c58ed306bb8712ddcfba30b47518a1e713a45a5d1260fbf1e5c2375a7d,98
722,WildChat,a0c784d41d3ec2c40315000e6fb5abec81d4036af308d88123cb7d93ec19208f,201
723,WildChat,a0c784d41d3ec2c40315000e6fb5abec81d4036af308d88123cb7d93ec19208f,201
724,WildChat,197a7ef49001cc5f789e8115045fde055feddc1ebceeb2f780d4bf9aac3d3840,36
725,WildChat,18585fbc852024cb56d3a9877e97be6f5bb0e964c52c4d4bec1b2a211d633d0a,736
726,WildChat,f8b437703d38dac4cbf04751b66a11eeda8f7e37be9afb8b8c40498f8968f193,780
727,WildChat,2f5a47f46aaed2436405a6e20837ba884e137179bfa14029c3a11c07a6dffb8b,220
728,WildChat,6540d750b8e469a84f64e746811c489ad9a16e2025ed2c96da88ab60cca04c2d,150
729,WildChat,f39b789b6b76f756b50ab12fda6e65ad51aba7499b31ed7e6c94173c8174eda3,34
730,WildChat,b04b9c6c7f75be61959833fdee29cba0b96a11471ed57d91b5baa8fcc79ceb41,33
731,WildChat,bdedbdc56c32af6e7edd378e520353adbc693324096a863fb5b62e64156e4b1d,641
732,WildChat,7bb6183eafb61a08c181fac185b7770ae2c0fd887f0d72c181178d725a7de80e,115
733,WildChat,bdedbdc56c32af6e7edd378e520353adbc693324096a863fb5b62e64156e4b1d,641
734,WildChat,cd27821b19a1686527cf7431b76e5efe255edb0c42416adfa1fee5ce2b286d4c,317
735,WildChat,bdedbdc56c32af6e7edd378e520353adbc693324096a863fb5b62e64156e4b1d,641
736,WildChat,f3680d15060bc076875782fed7e2d37723587a9f05335e4193e142fba25ebc31,496
737,WildChat,260eeecf6fcb9255d1970ead9b2081c2234c41d0c7ad2a7ebce9840cd133289f,465
738,WildChat,a0d883539769df6ec3373fc78a0638abd99145a05e070dbfd12e60de4252d8a6,323
739,WildChat,61516782739f4f3a58586627de68485ea8d45f43bf8153dc9af67b322604b4ff,143
740,WildChat,dfb8ecb26dab82c45ebfa0a4df4c2c07766d6af4b5c950a32d2c1854b0a5a26d,28
741,WildChat,e55344c73fc0d8252a8a4ac1207612f5c661d814b94369a599588dba8f7470cc,384
742,WildChat,33b09aee04240440bfbf4ecc443501710a8d57f6852ac39237ef370d319f9fb7,69
743,WildChat,cb046820ed634a10d457bf061cd9f5eb5a18257b72a0c58a4dfa0051e4fec59c,289
744,WildChat,c121136b4267b755fd8e0734f22d244d79ddb8b5fa13e48b30c3a78cf031f35e,131
745,WildChat,c121136b4267b755fd8e0734f22d244d79ddb8b5fa13e48b30c3a78cf031f35e,131
746,WildChat,c121136b4267b755fd8e0734f22d244d79ddb8b5fa13e48b30c3a78cf031f35e,131
747,WildChat,a33fc9101c29272617aaa78349ea41f93fa4ca6fae16056546567472c970201f,57
748,WildChat,c121136b4267b755fd8e0734f22d244d79ddb8b5fa13e48b30c3a78cf031f35e,131
749,WildChat,1e4cb38ef928ff15330521c8037c045c40e0f79a3a1d2f324cee4c5029f02f24,131
750,WildChat,c121136b4267b755fd8e0734f22d244d79ddb8b5fa13e48b30c3a78cf031f35e,131
751,WildChat,78e3227c9e13f0981d0b858839e3658ce35eb6e91fbca259fe73fad0f16fd24c,131
752,WildChat,0d222684b432257c8beccc9a7327877ad39145cfa338794d46d95b9d3f3b0918,322
753,WildChat,e5e6cdf42fdbe3b1afcb2ad4baa9554b1ed9b2c276174a35b74f8d9cb7655291,259
754,WildChat,ab890e197e1ac82d0b5e79e1e448d8692baa50133545b24133bdcc80e3fc0a96,269
755,WildChat,f62712b94ac46d5e7055bfbcf80342caf30913453bb4cf5e7dd1e95f58ec6001,127
756,WildChat,a0ee5e09492108068d11c4b209a108d419ca811adef9437f3cd6b058c161e99b,129
757,WildChat,ecd4f1f56fc918ff3d37fe80db0dd7a6d454ce1cea44014bef2872feb50982c6,73
758,WildChat,7a8c86389f887efdad98258f27e672dad8b4839c370610abf7958d30c86947ce,964
759,WildChat,81d117e8849a55518df56f28d37f517f25947a676f639f580e3abdaa9405b722,969
760,WildChat,5dba458d18ee2d196163cd19e617215bd46871aaab0e85a1b6549e3bb01407e9,59
761,WildChat,86ba5c1d2df26ab85345f4062b22d5840010d6b8d79a966cbbeb7ec1ad2a1e79,993
762,WildChat,9c833d266637180d88457ca36555993e3da889520a4f0587d1d1e5cc6e9f7f6e,73
763,WildChat,e1a8bce9e5ebc94880c67982dc1d41906f80c8cc5ebe5acbedfb70089bd4a0d6,378
764,WildChat,e7247c542458288d4d2c8a9a10ecb44abd36af2090150ddda5098ebff2da5d40,72
765,WildChat,781aba2e9042b62f55edc67cdf11a8865bbb4389ba4bac2ec441e2df91e53331,909
766,WildChat,4f31600f03f26e9665f423710c53ae73b83db04f3f725554c6c5c41329a05dfd,24
767,WildChat,c121136b4267b755fd8e0734f22d244d79ddb8b5fa13e48b30c3a78cf031f35e,131
768,WildChat,4ffec965b2b4afd4eb93a1490b8da9f2c659b37d3d7ccadb4fa26ce40e49c5fa,85
769,WildChat,7d9521595c581ea4d4c58620d1a701e5a9502445b5d2a3ad2f0c44890b721ad9,261
770,WildChat,bb3b388b28488a918659cf6d5d6647ebe45e29848cf1be8d65300107045cd2e8,77
771,WildChat,d3fd2348a582dddb28f20b8859d40352ad3bbd4a521036e578c61a78a1a3d168,138
772,WildChat,102aa356c836fa2ebce9af062b7cc6f2661f75fc8cfd824cc90f412abc157f72,138
773,WildChat,1cae6a336691bb4b26cd67e92c8a64df76b58ec7e17a7762ea23bc8bab20c2b9,608
774,WildChat,2b85c1406e222eedd783a646879293eede1a6d4f5339270e0b37584ed80cdc56,31
775,WildChat,7c8a7f724d1dc6252f7ef1ab560b268d8f6e8d369dc01784d4edfba88de66802,145
776,WildChat,e8b3bf3c957bfb148750407c95c7518ec70e37253d5e73c88c522d9812cdfbb5,428
777,WildChat,1e2a2f379df80ab13b490f008e49fe437e314255bf2ea3cf20d2e46246534862,330
778,WildChat,75741adf4bd26eee9b9c137f2a31ce43528741286d2a5900cad64a2f2b2e69d4,74
779,WildChat,2d214155381b65ebab3f682b84c7a51f2cd81b21e6b50eb2623a2cd988494ca6,588
780,WildChat,ce8ace20ac1e17d46d23a9ac530adb10c55f2f7b46d4dd82fd46f3dd53594d11,979
781,WildChat,ee2a3326cec8a3820a42232caad42200a306a576d3b24b0a70f22acf9fd0c234,24
782,WildChat,fffc479330f2fe4a07a65a8c2c98c8be6dfca21225c0248f961d19d461876882,69
783,WildChat,fffc479330f2fe4a07a65a8c2c98c8be6dfca21225c0248f961d19d461876882,69
784,WildChat,40f1ca6c50daa2a5bc96d5eeec99967b5379c24d86bb0690e5cb5ae3ec2268e6,129
785,WildChat,40f1ca6c50daa2a5bc96d5eeec99967b5379c24d86bb0690e5cb5ae3ec2268e6,129
786,WildChat,40f1ca6c50daa2a5bc96d5eeec99967b5379c24d86bb0690e5cb5ae3ec2268e6,129
787,WildChat,71e05a6f5ec2741ba535397d508ae6e3be00d83b985a0524641e0b0b176677db,69
788,WildChat,68dd29dd542ed2fd8e51fb956a2cb6226665c90cd3efdcab7e372a031d7ab2b2,23
789,WildChat,5bfc34334903f9283a2f83723f6b6976cbbdfbe07c189f7c5e3b773f8a8bb7d9,204
790,WildChat,281a2c5b36177fac6b0feae56bfe203c4ad20e4dec4a71306e5dfeba967df89f,214
791,WildChat,0768ac750e7b25de2f035dcfbf0c9d871c0eb5810910ddc955b882124114aabd,58
792,WildChat,cb550216a778030f47a1df79de2e8f4fa1847f782e9f91a195ae34e94e7ddf6f,58
793,WildChat,3c72f1e154ad48f3665badf417901038144982573fc6aa312e4b4ed5aa2d5a07,63
794,WildChat,3c72f1e154ad48f3665badf417901038144982573fc6aa312e4b4ed5aa2d5a07,63
795,WildChat,2bb10affc72b64c50eeb56b54c0e9912d791cae1b72a8c20086953f21c802f8d,58
796,WildChat,3a486efd33b17c70384afe2171fde6c7aa0fd896fc31a080f65f923a1ec0b084,161
797,WildChat,83d636ce8264df2de75890e8c606644a6288df1bc48a88f9f151432457f28a68,76
798,WildChat,d6d72948d3eb16ab863f3cca91195bee2e4448e1aecc6bf22645d41f20698bb2,26
799,WildChat,0277c7a8b8c223f684fbb694c4d51e14e25084e3c7f2f6bcbaaa66a5fd5bfcfe,26
800,WildChat,aa1596527d2e4e0005236c0334087e85a4709183365bc0f9ab416e5668374cd1,82
801,WildChat,dccfb8e4b0615fe4e5a5b464c81295a20ea5b041a6a7e5f59656389443325ae3,21
802,WildChat,5afc833f6fe2fca2f50df2412a55a7c774fcd4dae487f07d5d4d756fc9883b0a,335
803,WildChat,3edc1ac01aba5bb8ced33274b0702679fea573a2146b6a30e6312072a822764f,340
804,WildChat,46874d069cac9a5dce1758ba7764cad39f5e28c0ef702734baf016b5811ba61f,80
805,WildChat,1eeb8901cd2067d58923650ba6d1e7d1392d42dcfda883a0f401855032e9ebd0,586
806,WildChat,d25f0253018d6fb78638da744dac7cf4d648d35b9c45c3852cea816028a5ca24,138
807,WildChat,f325b4159f709c5f38cd4ec918d24e862ddccb77b9980601f859c7e4f4b469a0,445
808,WildChat,95ae935939933fae8492762cff2a194a91f216dea6ec3720c3ec2e878945d435,384
809,WildChat,d80c00ffcd74077c4d7d4cf610b8eeced8bfe400582370d0d90aa7efbfb5cba6,28
810,WildChat,b1c95fcf0a6013556da2a267b2bb4b898881040e81d129603229349047b1beba,317
811,WildChat,1ecbf9a6700075b859737db52484ff137f579b78ab9f62719bd9fa9ebde60bb4,432
812,WildChat,adac07afa2ccdbb1c29e2e587d2e81c36765a76e403f7d59449043e9c97a8f5e,412
813,WildChat,78344d4e494e1e9c1e108cbcb3d28c0812696ec1ac5fc2d6c4083d68ac2455ab,501
814,WildChat,88e54d59120e5d2440c4502eb9bd708d08aa91293eb4858c3d29d94ec684f73b,211
815,WildChat,f32a21e44af43781728a08f0d06ad375f8ff678b207aa2394ae582b4fa6f4b2d,180
816,WildChat,b431466eda5c9c501ae920e1736109ab2d45538e68960c7667162e2aa1487514,212
817,WildChat,89fff67acc0a8a96bc5e72aae677c990b5145159a57fa5adf76d170fcdb6541e,637
818,WildChat,89fff67acc0a8a96bc5e72aae677c990b5145159a57fa5adf76d170fcdb6541e,637
819,WildChat,89fff67acc0a8a96bc5e72aae677c990b5145159a57fa5adf76d170fcdb6541e,637
820,WildChat,90f35d1fbd9f0613b5fde4bed3fd147049ba0ed8e5c89be7747ae6dd6e333e11,122
821,WildChat,7894bb50213de950bb18024a95dada272b6b7f5f207ea65dacd23dbb893fa984,709
822,WildChat,89fff67acc0a8a96bc5e72aae677c990b5145159a57fa5adf76d170fcdb6541e,637
823,WildChat,dcee69ea8e1fab4fc538718e0f6f6c5919e11594d3e672a95f026638d0e7ee07,236
824,WildChat,01f211466e7f78b87125dc811af9075ba3b36ffcf82913d2f8f2d93ddc69b699,936
825,WildChat,89fff67acc0a8a96bc5e72aae677c990b5145159a57fa5adf76d170fcdb6541e,637
826,WildChat,cbaa8b7325d747c86bcb395e257335484f885d31996be89a898788ee6b560c60,100
827,WildChat,fc9e26d8664c44e2b3a0c7add55c3da2091105e5d121bf1de2cf4398ca6f0aeb,101
828,WildChat,93e84110643e6a90e6c0140ac139b0863e5c2b18457d70ad4b09ef866e2fe8a3,158
829,WildChat,47be116c4c3b25957e10af430192dddf9b12c2d2d9aebccbf5536417323708c3,56
830,WildChat,593dcf42bb650771466b2da540a5aa17c418ecbaef5dddeb9046244ed1993ddd,60
831,WildChat,a09f79412d5cadfeb50ff85582c601b579e4c8b32a118493903182e5900ae186,584
832,WildChat,f7205b71148ecfdfa197aa7cbc9858bf20a055e5771f2bc1cac861df8c7cebcf,241
833,WildChat,95db233c832dcd567b0943b489c43cb0eb7b3115b34ca328b0724a3b853564cc,735
834,WildChat,ca2d1caa49a2a630c4cb909352d603d44e44fa79179223d7cf1b530c8a3e944c,30
835,WildChat,ce1dcca2047bb0f42d8147a279fd248416adc701f0dcf42811b7fa7243b39ee6,484
836,WildChat,6f6355e23b3200a57a2eef9199b8715f0f5691729de33cfec74dda8e065c29cb,654
837,WildChat,a9aa26e15382d39cd83e9af7c1060c23367e370d3d71e666fd7f672a5901abe0,603
838,WildChat,5c9938f482576d866f50da6e8a0472e82d67b7f8b554c4785482823ab0e162e4,480
839,WildChat,5641b49e658996ec68829fc5d36cb83f88cb1e20689f71b4d083b865bc9494a1,873
840,WildChat,38fe4de82c08d71bd70b37b337bbf8d07529e161d8083da559de508cdf3f54d9,123
841,WildChat,4fa22dc723adae7512d26e0f838c5686399337393cf2af63986bc60fe08b2619,21
842,WildChat,8037d25404c4f4beab58caaac489ea83e1cdb5b98439962d5e12aa418335b8ff,67
843,WildChat,6adf5b76ebff1c649a203f709fbb61cf6adb05c77f0f0a2d4fcb0d336f5187be,138
844,WildChat,d227e6a77391b28068e795906035751f2d9bf40084372e04574e462ef3b8220a,218
845,WildChat,d3fd2348a582dddb28f20b8859d40352ad3bbd4a521036e578c61a78a1a3d168,138
846,WildChat,0f14c6daaf32982d5f8d1db3c4c780d242f8b8be843d4cf96e37e69e0cf1d58f,138
847,WildChat,4c857e30967417315d0ebfefb939287516f09c4c2662987771c8ee52d31eae2c,584
848,WildChat,5bfa3fd0545727dc67c84d841d333dd5adbe1cf3d0e67cf57978058edfac7cc1,138
849,WildChat,f384007509699a07ec034627e2838a1b8f41b2dcbd5eea3733332b85c66550c0,547
850,WildChat,291af5a92a3299f13b77717123531e2f106a1749b5503a522238c42a4983de05,140
851,WildChat,e0ea75b537127a1cc350d83e8202a894520dabbdb37d5f13308d0087a1f38234,547
852,WildChat,4900b08268a71a22966a6c625692c354c584adcfd5499953fe20af431946ca48,112
853,WildChat,eaefc037cc72b191163bc61b88ba49fd3f7a0bd4265cdef488e7f20cc34f36ee,98
854,WildChat,c1815b98cd2c46549ccadadaba8646fe8df504a1238a173f4a10a4e496881748,22
855,WildChat,5102414e5cb8bdc785fc10264be6a3987579ed23d149c867180cb96bd837fc2d,445
856,WildChat,3805687fa32f52e738d72d40bdfc5bbf5d435cf4d75b252959cd3b34a71e6330,87
857,WildChat,f115d0c6e64e36dc6ae84dca926981c034716b8caa7f03db500726d4fe31e876,166
858,WildChat,15a3d1b80920dc5abc96ba89040c24a6a7a1e2e8b3722d40edb37ac252aba889,354
859,WildChat,b48c4578dbe7b1c57d73ae7db9c10409851723bdbed32b16ffb50d3273a5996b,966
860,WildChat,a2d9568535c44fa614020306f72dd18b892c00d7f176a36254eac80b11192148,265
861,WildChat,c1f9f1c9a6af07a3b010fdf470533dd8269f02cd664d7769bbafb3bae218b429,42
862,WildChat,589b3564ae679b47d8595fd9cd9e4131bb126e428560079aed46b49da3f56122,47
863,WildChat,17987b240b1d70425c44d81a927c53ce99b18dcd910111370851c1a7d473310e,494
864,WildChat,0d1ab962d90ce06a8aabf95a2ef7505ab0c78bb76b5b9da9273d7b2e88aafdd7,81
865,WildChat,a5687671cb81a782467d354bd33a3598b41c4cdcf85a2d12d58808e3fc9a3dab,193
866,WildChat,988968bb3897687a96689fc793acd8f59383cba5d261000dd87106da833d04f4,272
867,WildChat,30782990efa78e946a5c94da4d55c3c7bea6cdf9ac8b2c2bfa7448aabacf21be,210
868,WildChat,e62edd25028d413aa8467f93d99f79202200abd01bace1dda69ad52fb1d6cbd8,493
869,WildChat,8747f763307ba6ce38bfb76a2dcce516f2ecc640dce6ccafffdd7b7fd83c5931,513
870,WildChat,9a47ab095367c0dd6f090dc485d2ca69ddf49423ff62a2f8db8b54a139671378,140
871,WildChat,7e880030f506b8511ab9d1de869a81285669c237310f0265af8a13f18e9c7c37,462
872,WildChat,fcab12bf8ee2caaac07aa7c4f9b33bc9bcbe5ea6289278373f995bb7849a1e45,464
873,WildChat,c607adb63599ac743ca2cbb3384e40819e1258f9ca230db9f7651ba61386f97c,34
874,WildChat,9c5b7a327836ec1933fb041bf1d8453d0b413d9ac1cf7e9bb35fa8ea015e3a9c,50
875,WildChat,9b0309d3210737eba31b9c48044a0cee7ad2c4582db4a753f99907ece20c903b,35
876,WildChat,c2cbc1c2c762d0ce4d49a628585763752efbb5e68cb6941b68ef4b83e565116a,66
877,WildChat,48d3d223b24a998f013c950fb1baa02c329e74b2212513444fa1b8a7e929491f,49
878,WildChat,fe1934e5c632f30235abbfc7064f1daef0c194cdd3e361aab86beb1cfdcaea97,59
879,WildChat,49d9c2d568491ee36376fa6c72aa7da85fbff9514acdfcccd63286d03ae15839,131
880,WildChat,49d9c2d568491ee36376fa6c72aa7da85fbff9514acdfcccd63286d03ae15839,131
881,WildChat,cdda0b2b29473e0a0f46e2f602bfb0a0e7e11bcaa7dbde993ee8e2adbe908aa7,119
882,WildChat,d7229b62865c972e9df71f8ad9452cfbca4c8081a6948803a775e6f71740d0e9,134
883,WildChat,d7229b62865c972e9df71f8ad9452cfbca4c8081a6948803a775e6f71740d0e9,134
884,WildChat,d1f76cda3ec366bdba42e25d4f6958bde0ac00896738c7ef8c424720ce8101dc,138
885,WildChat,d1f76cda3ec366bdba42e25d4f6958bde0ac00896738c7ef8c424720ce8101dc,138
886,WildChat,6b59b677c514b697cd2c60fd56fb3a28f2119c599111935229617fe5375f9ef4,24
887,WildChat,9b24aba6a11b5892eb0a214570389750ed924ac2345f5c17d36d4c06f8a1fa74,21
888,WildChat,8aaf4ee281811c373c506be5c0d5b9e0cc243384ec38557885897df7e38b30a4,41
889,WildChat,196736d96341f61c66de77fc0536ca181ab6df58408f7b62e7e53a9d1c230efa,29
890,WildChat,1a754d01dd6cf9b9d66b9fa12ab6cffa930031553e2ed95bb716e4f3b0a32a3c,35
891,WildChat,af2f8a0b7b64f838ba76511d77078e6f0aa1ab18f1f295dfb247567e446c5e90,789
892,WildChat,cf9ab6efa9a24dbb948dd38297c3c9e76e1c388d1380dc572d8f0532a0755c16,36
893,WildChat,fa31c0fff813acd623c8ade45fc986d5b42ce520974c441910847b3d711ee5ba,65
894,WildChat,b1c35928976d429babcfa0dc61e4d427893e7ebf1e7ca0d7764569fab488855b,37
895,WildChat,3c7e1b7e6495ad0ad8023840ff3904e7c722dcefdbb92560a61bd7d146e191cb,674
896,WildChat,1628b0b6ab3b98eacc28517c3f4ba8bf41eab9aac85ddb3e43122600cafed712,209
897,WildChat,a8be4afde91bf7fcaf72ecabccf07ed208cea8f389bd8eb40df9995bae6d126f,627
898,WildChat,ed7b3b4de851f1f64c10b07eab3bdc2bf982c9bd609a677e71242aeb9794f698,187
899,WildChat,d70d1681eeae2df5994db6bc973e9a4889d3e690b018abc9361b0bfa23c8f744,763
900,WildChat,ed7b3b4de851f1f64c10b07eab3bdc2bf982c9bd609a677e71242aeb9794f698,187
901,WildChat,94d36a334856cd53a6c890de18e7d613bdb17d0e5f8532cc6f1b24c1da7a3a54,755
902,WildChat,e2d01d0a9e7b4b6431c8b68507657e5c24a8e9b8e32921926931d619da8dd300,452
903,WildChat,9b935e10d2470f81d8301bfef4986dd7d3ad9aa5259265396e7e3f661f92c7aa,50
904,WildChat,c66d76b8aa3a8812b01f79eb48ab0592419f0c621e565bbcf7a7379abd069a01,397
905,WildChat,68b0d7c9dd958e9eb3a826ce13686880a3535fec8f6682394697250def3d8879,384
906,WildChat,714b394f5b61605b650fd9999f86de599bdbc8775e77d79050f8a3ff9a669169,300
907,WildChat,a01fc20fd0f4003dc6a0dfa4230a7db466e0596d1866ace4579d97c734709b61,95
908,WildChat,30081ab6176ea2ef37a5a5a189912fe0df191d1c600a477937db96e5fc5f3e8e,117
909,WildChat,9ad59e08d49be750b4bd4cbd2ac75cfb828598b0dab42a04f0c8b658376faaa8,713
910,WildChat,a91332d8aad9f76b59359a7c650c6fdc3917a0dc67e4df9bbcab5eea62153d66,71
911,WildChat,a91332d8aad9f76b59359a7c650c6fdc3917a0dc67e4df9bbcab5eea62153d66,71
912,WildChat,9b2270004b79582c48d2b8bb598ee53f5e390c1f42f0c952bde47acf942402a4,578
913,WildChat,dba3967eff6e3c53574b2f4f7b7387cf9fda4f7c37ad1259fbfd9649fa89221f,451
914,WildChat,4b9b0d887f96e4b6765c90f026c2a23b4c6ccf31489ca75e69ed6bb34f14984d,55
915,WildChat,4b9b0d887f96e4b6765c90f026c2a23b4c6ccf31489ca75e69ed6bb34f14984d,55
916,WildChat,4b9b0d887f96e4b6765c90f026c2a23b4c6ccf31489ca75e69ed6bb34f14984d,55
917,WildChat,d291b4c215f2a8d52f4b5b22bb2560f89e1224bbe6fea8bcba036d7ef1bb5b15,47
918,WildChat,539c746ecbc6a598de81eb00e768a79b3ed6ed0377ec79bbc01eadb9206101db,457
919,WildChat,50bf4a0eda02fa887b425228c0e1762bcebe8b9e7dd5af329c9635188f0ce4d4,729
920,WildChat,01f9e144264d071db5454978afd1c9cd61305a30f2379141adf0fc8299e6c765,337
921,WildChat,8235d03f952513afc57709df1e704991d3b21edff1a299168b51baa510567f9d,137
922,WildChat,88eca31be5201428ef12614e4109478044860bef3b5a7d7448f387abb1b0bfcf,98
923,WildChat,8b089f2584e1e3459737a189d95bca73da698b3aafb00bdc933033247a07c8e2,140
924,WildChat,288d12f9020d6dc2743a1dc12ae6a2a674afd7017d0d695a8165b98b866c2ab4,276
925,WildChat,8235d03f952513afc57709df1e704991d3b21edff1a299168b51baa510567f9d,137
926,WildChat,544d49a7da940ee5249c8823247db37ead5613d816f9cd088f9132b965c440e2,295
927,WildChat,09bbc4172eec227c6b0361a681137ec911be09902e98edbef784dd600f5f41b2,302
928,WildChat,accffea5160c37be2f040f61838e90fcc5b23d0a6accdfa5ad71f8c8cc18e88a,308
929,WildChat,ccbf37d0618211e890db47fc8d9818cdeee7efe11b890494d7226b1a6d7319ec,295
930,WildChat,d622fae0b931ab1701de274b179218fa1bcaf8ff9b1bb08bc9cb1603090fc706,294
931,WildChat,d5fdee48ddf0b758a24aa96aaed090aa918d2a81ea6f5b1340de8560d5b0c233,404
932,WildChat,f37d31987369bc926a28b35c2602efd5eeacfca60c73cd515c8976da5b387d27,47
933,WildChat,742b18c3c0267159168859c97ca9feb932fc2cd326b2d9b16d6ac64c458f5107,444
934,WildChat,b3ce9688ce4bdecb115b4a8da42b865a61235f1fa8fb9e411a6d708dc29300d1,939
935,WildChat,67f834999f0a91964c928d049fc4afcaa170421e62ea803b649d78100d0193fb,251
936,WildChat,6b59b677c514b697cd2c60fd56fb3a28f2119c599111935229617fe5375f9ef4,24
937,WildChat,3289905c4e0c40506b361ca363bfc5cc148d9d27358542cfbcc65598b54240e2,34
938,WildChat,f1f740d0479319a1b586aa39f63ea78070c429892cda04cce520537d8d2bd235,58
939,WildChat,1b0c9474ac2d2c052ef507e3c4e30f4ee10f28d06b9a6cbaf0780db8ec57082e,50
940,WildChat,769ff85dd8b90824ac7f2aeef2985d49528b84cff38f7241a97d2070f6e2498d,33
941,WildChat,c5dadebd3f584e6a4b5947e58cc5ffaa741cc8baa12dc2379ab57df584cf6e4e,26
942,WildChat,33c0810f263b8549bf8aa9fc0df3f7f94bf16cc76fc03551ba510a7b71a55bae,393
943,WildChat,f943c60dcb0fb7de80e38f1c5e98aacfdf138be7b799abaa30c876ab6a06658f,32
944,WildChat,33c0810f263b8549bf8aa9fc0df3f7f94bf16cc76fc03551ba510a7b71a55bae,393
945,WildChat,286bf0e2234f77a893316b0fd8c01ac222d0dc980c61a747aa86d6f05c3af48e,82
946,WildChat,8c571079406d47834a5b663f7668607d01ad63781d35a81b14aeb7d9ee631c3c,56
947,WildChat,960fe600f4f57ae9fbc6f1999914e0a31046232b267da72ba2b3aac2c8a13ae8,138
948,WildChat,94cb63de1fb100ca39a7f3d9b3aa262fea5da49a3302e55c4eb4cd4d6e8041ea,36
949,WildChat,94cb63de1fb100ca39a7f3d9b3aa262fea5da49a3302e55c4eb4cd4d6e8041ea,36
950,WildChat,20708e815516274fcf63be67b36cae4fd5207e4aca067e05481c44b1bd75cda3,126
951,WildChat,cb6073aad1e071d8f290799e86822fdc82da197b597d51240aaad581897fcbee,62
952,WildChat,eedcc656e41241a6c2b765100fa6d66ab53d3993382a2ac16d99a98a688b502a,287
953,WildChat,cd6bddb3e480d061094f80d8a1da023f85e0c4371e9bb0df55044ff196b7e1a6,65
954,WildChat,807dd382b454415eaf2ad610bf5e4b9aa9009be9029bda4f31c6669fec09e98e,538
955,WildChat,b4e26c2503efeb5ae963e7797fbc48b91afd5e92e4b6d624364dbc577ff6ad23,61
956,WildChat,6cb25467fbcdd166bb29fcd562ca32787d73b5802b04ea8af297e0aabd7e34b3,216
957,WildChat,15f7085c44466c3f1d462f0392c8595f75cd283c1c57ed6aff95109f091b81bb,239
958,WildChat,58693b79608763728ede814904dab09f8db13bd6526d933e63e0f2b8beb28f57,628
959,WildChat,a9bf965e6b5789dbcf0749427a41aa74facc1f70cd27c313a17f8a883e34b415,75
960,WildChat,c170bf4c27d6de7aa9907e1a2300885dd3c64b6a810406b0d6f726709726abd8,195
961,WildChat,d998e5c1a8bea7eeb9f0f787e36ae935abee7bc1d613a3123bb0357aed3a6a6a,231
962,WildChat,4068b291f2627ef9512b69dadb6e2fddf499b100b307ee53b6400944b9d4665b,120
963,WildChat,13317b44d59e96c753cc0789a736084b0c8290daf83f2b72ed2159d639fdb76d,61
964,WildChat,afae159da8590720df3f872f38c3c3dc931f81767d66b7a467dc0aed40ca84d2,168
965,WildChat,7bf03f5917c9a70ddcd34e0fecffd5ce48616960e4331d2dfef4bc3860476fdc,333
966,WildChat,7b2b5f9294ec2227935be46ddcb909ea48edec8bfafb75a1e673ad50592a4add,343
967,WildChat,b7672828f6191eb2b42f9b934aac19ebf4cd2259aa4be2b4446794497cdb2a2f,167
968,WildChat,9dc4e294468bc00fad3010500b92a6e9bb101ac37105d5d67f0e76285abe2405,242
969,WildChat,ca24726a3caf59a9ba01fadfdef0e7e4442051a634fa01217a201d26f1fcbc5e,106
970,WildChat,4cced25956267f11cdaf783b9a76fbf66c1cbcab4696d38b44b6089031445c61,612
971,WildChat,3b6ac0bdba1fc2e952104ae84327d14a700785c69c2fbbb7cdd9cc32dd8f0024,24
972,WildChat,5258dba7be47aad2522667fd7bc0c458813ce9eccd8e3b00bf06808524db6c57,960
973,WildChat,4cced25956267f11cdaf783b9a76fbf66c1cbcab4696d38b44b6089031445c61,612
974,WildChat,f516d3002eca6f207fa500207b3391eac6fb4a78b7a065c3ddf389454ebc61aa,188
975,WildChat,3b6b89cb068c6fe0863eac6eca6d74001cc6de6e8886946a7baaab71a58477a0,108
976,WildChat,5a10eb69a0529a5a1b6de4ad16688e16bc09dcaad5a6762d1a3d262acc9579a6,150
977,WildChat,c4e414831c25045fb312444f2795efac9fe24ab378872357eac105a0d023ba20,158
978,WildChat,a6e9239f860b51ddc9cccfac6dd4a499aac8bffc4c18412ae587e830d3b7b8b7,150
979,WildChat,ba59b59c3bc26de37c0651fd23a43c012bad551a2e9a5fdef200a06d007bf35f,178
980,WildChat,5a10eb69a0529a5a1b6de4ad16688e16bc09dcaad5a6762d1a3d262acc9579a6,150
981,WildChat,c16db3dc0e131fb80ac0aa7b9c377614098dde61e50084efb7d8b6e4d408d713,888
982,WildChat,31e91773a94526a2f578b3e7afe305475167ac9865913dc0e3a39b346eccf051,732
983,WildChat,92bee201134155dec1817a00efcad411a72fd2b1ae8238458e537a7fcac2c56e,47
984,WildChat,6c321b9ca4ddf660185bf710ca3e943915dd1db18e9fdac4d934743049449fb8,859
985,WildChat,556fa032514e7730be9fc37d989032378df7373f627d61ada5b5264435041ad6,141
986,WildChat,776ab51fe13694d8d1dd3c5a71efde13758b86d33220eb1b28b4352c13858448,684
987,WildChat,776ab51fe13694d8d1dd3c5a71efde13758b86d33220eb1b28b4352c13858448,684
988,WildChat,5680eca4b035e618d227fdebbc9dd66c622d27309bf35398a1d621f728d627e4,780
989,WildChat,de8d07b0fe62fa976a5dac0e57519aa33fbdfeb9fcc52360a633299df339ac3d,97
990,WildChat,113c6bbd5df98cc355b82336e24a996b7015868126d3adb8b1fc85cbf8f73c99,55
991,WildChat,534c84aeaec217a6e127a1ce7f2946d66829b21eab52800f940ad0b2f603c538,148
992,WildChat,beb666e1c0c5daf2c92e7332e385f8e6769b8b56841e61330b6aed3b4f82f308,42
993,WildChat,29385dd95f5636149778c838cdd6dbf4bb2afd2713db4c80e7dea2b8633b6f36,199
994,WildChat,174c65a58205f7cfc88bbc1c8ed313bbe02734c867d87cf00ebc36e033b16403,63
995,WildChat,bc62d2ded1ba48012f25e74863d0a9683f724eb2517de14ef91ab7949e6c02bb,592
996,WildChat,17a7649637f50e94b7e1ebb21cf90964939314584daf0ff915de43508034f95d,50
997,WildChat,b1588040d7342361e4e941e50eab743528007c118413728a54daa456dce7de81,147
998,WildChat,f0f2fd696d48902744a7ab46a50112694c2ae4054ae3421c4334f94159457f4e,162
999,WildChat,10db3bd11079aeb22e5083d631184061c1a11e4d2ba82e6bfdfe065f5b37e819,752
1000,WildChat,e06886b535c559861f797e99dc83f3e7f548db97e12890b625d8856a794ac05c,861
1001,WildChat,cbb63aa23c1b02a41b71ac97bae3b1b42ac35847a98d9a2cc33d30a28a45ef4c,875
1002,WildChat,c89d77cfd6f4afa965acc5617f34a8684aae817a76f1bd545d5146450a43e6c0,201
1003,WildChat,5eddf55edc7fca3a4f6541d2407be17517ffeb31efad140dc3715c31b5d9db92,528
1004,WildChat,5eddf55edc7fca3a4f6541d2407be17517ffeb31efad140dc3715c31b5d9db92,528
1005,WildChat,ad7d76b61eb0a1118170af20284ab90ad26b2c8be46010a462e63ec7697b81ad,53
1006,WildChat,b8efbc78035252347e04ffbe6160ee7e8a0bfb2e784f08ff593f021534eb05c8,45
1007,WildChat,4972911fae040a44f81b3f60ad3e82bbf83717ac926fb0241af2dff2c536750a,133
1008,WildChat,a58bf3a61d0517f6b73231f674fd6da9073043572385b34b83fed1b20aad8c8a,135
1009,WildChat,cee0f2602cdb81057fc036411d34dcce25070655776f14df6cc9a87d9e9142b8,41
1010,WildChat,2c455c1e56d9312e9d67dd0e32569da9b07d2a323ace6ac8e2a9f3bc9cb26d33,142
1011,WildChat,626b2ddd7cee037e2a12593e75ed4491aebd720f11efa22ea14782f4e3c88e1e,377
1012,WildChat,6c6dd9fc9fee333e60ed0ec0ebcb5323dcfdc21dab463d2a36a4f698df9b1a45,295
1013,WildChat,c07c1fd8902d884650c25c55e71ee0f3dea9323ee304b00a437477c538c69673,660
1014,WildChat,da4ca9dfdc5606c2d6cc62e60630ade75f198e6d75b9a73e54617c95df56dc1a,50
1015,WildChat,0a3e52a5b6d2ca6fcecf962472285d077d6a5a3f1dcd6c91e28fdb0786e76dc0,598
1016,WildChat,6357d1044e3903ca0046ce16c1d39c390e04d8a1c51409a13c8ea20ddb1cbf24,138
1017,WildChat,81801048980bae89cd329a9a57ce758e5f91bd168e5ecdcedc5206128bbca143,545
1018,WildChat,c4e414831c25045fb312444f2795efac9fe24ab378872357eac105a0d023ba20,158
1019,WildChat,cc1812d0018a87c057654c5bcfac1591352b3a8d0a75216887668387eca355c0,674
1020,WildChat,18cd0b45b2ca2ba3bd5c6c00eece31d30841fd6ccaa845a860dcab56a1b2a784,540
1021,WildChat,71682c7d1953f6ba7b784a57222b133abd2ee1135c239326bed83d10b9532181,234
1022,WildChat,490c96401c85988080f2edcf5afc4eea51e3b2956ddfc2d323db51d2804410a8,295
1023,WildChat,8ddcf3d87c66ae55ebc91e6cf3882efcf661ffc614d1dc3741673a227db6c187,37
1024,WildChat,524246e51481a16afecece2c4e25bf1b0288dd7805724f25e119375e4640845c,440
1025,WildChat,305b1b851cc77b89225f90fda6ef6acffcc916e2fa438644ee3bf5263ad02c26,353
1026,WildChat,dc0e2284786702bf002f462e7d7840b638ba6f5a81469aec3ddd550bfa1c1157,253
1027,WildChat,88617cfd5e6deadd4eba180988a99e2c9da6e968a95faaeddb6d9eb74ec60f80,761
1028,WildChat,408195503e4c0af45f811820e27abd2d6b5b47860abffc908a38152a88b09230,213
1029,WildChat,898674770bc343f6fa56ac19a27fa1afc404a3d4572afa562d2b0af2e2463cc7,29
1030,WildChat,8fecfdcec6515f944911536e68d2f1042f06d76bbfb40b6503b60364fbbf6d42,181
1031,WildChat,18cd0b45b2ca2ba3bd5c6c00eece31d30841fd6ccaa845a860dcab56a1b2a784,540
1032,WildChat,2c12568f4f0bf1b10fff7309a629d3be584d6203ee4726609cb8b837bdae1aa8,103
1033,WildChat,084cf61ade2b906621788c59c43789668cd0bf92b877a39d02d0b5222a6742ac,524
1034,WildChat,7a2f30fe28268fbcb66f136e2bfe24d718488e0edeb20cfcfebea485f3cc77fa,780
1035,WildChat,7a2f30fe28268fbcb66f136e2bfe24d718488e0edeb20cfcfebea485f3cc77fa,780
1036,WildChat,7a2f30fe28268fbcb66f136e2bfe24d718488e0edeb20cfcfebea485f3cc77fa,780
1037,WildChat,7a2f30fe28268fbcb66f136e2bfe24d718488e0edeb20cfcfebea485f3cc77fa,780
1038,WildChat,7a2f30fe28268fbcb66f136e2bfe24d718488e0edeb20cfcfebea485f3cc77fa,780
1039,WildChat,f986c3edec616680271d6773add628fd08c321392c747e6fef8da72a84624e3c,57
1040,WildChat,7a2f30fe28268fbcb66f136e2bfe24d718488e0edeb20cfcfebea485f3cc77fa,780
1041,WildChat,7a2f30fe28268fbcb66f136e2bfe24d718488e0edeb20cfcfebea485f3cc77fa,780
1042,WildChat,7a2f30fe28268fbcb66f136e2bfe24d718488e0edeb20cfcfebea485f3cc77fa,780
1043,WildChat,7a2f30fe28268fbcb66f136e2bfe24d718488e0edeb20cfcfebea485f3cc77fa,780
1044,WildChat,062422f1a051643bbfb15b71b9e87d31446c0e3ef6a45dbc0de1bd30c0e41de1,45
1045,WildChat,f46c214e61210dcc5cc0571a1df0ecdf70f1db9a6db65a8484883dfb66b070bd,23
1046,WildChat,21ba77438ef5d32f668e31d054bc3b02b382b2c507b0654fbd500c9cb005d098,524
1047,WildChat,fee33657c33f723be052dcd9ca64d6e3d26f906c171900fb1d0772f6d70c25c4,29
1048,WildChat,7f65fb7d2e18975ea345effdfd73f4c45d49fdfeb148a109c4fff23637113ba3,827
1049,WildChat,e4120f1a1456c608bfa88fb2671397d9d677d31d6530de8c098617e05cdecc1a,37
1050,WildChat,655861dd337cf4268a2243790f1f162bdcebc828c9e28108005a57c52cf6cd81,284
1051,WildChat,93e9ea05c8c08c866623a89cbe0723649669ae1a52791e9c16f07463e9804427,718
1052,WildChat,7a2f30fe28268fbcb66f136e2bfe24d718488e0edeb20cfcfebea485f3cc77fa,780
1053,WildChat,084cf61ade2b906621788c59c43789668cd0bf92b877a39d02d0b5222a6742ac,524
1054,WildChat,7a2f30fe28268fbcb66f136e2bfe24d718488e0edeb20cfcfebea485f3cc77fa,780
1055,WildChat,7a2f30fe28268fbcb66f136e2bfe24d718488e0edeb20cfcfebea485f3cc77fa,780
1056,WildChat,7c327b35727e162372c2e54f5110a808985a423e42d32c91f5b7a57e0dd9152d,307
1057,WildChat,7a2f30fe28268fbcb66f136e2bfe24d718488e0edeb20cfcfebea485f3cc77fa,780
1058,WildChat,7a2f30fe28268fbcb66f136e2bfe24d718488e0edeb20cfcfebea485f3cc77fa,780
1059,WildChat,7a2f30fe28268fbcb66f136e2bfe24d718488e0edeb20cfcfebea485f3cc77fa,780
1060,WildChat,7a2f30fe28268fbcb66f136e2bfe24d718488e0edeb20cfcfebea485f3cc77fa,780
1061,WildChat,7a2f30fe28268fbcb66f136e2bfe24d718488e0edeb20cfcfebea485f3cc77fa,780
1062,WildChat,df2c2728d060b61380848943603cbdbfc6fa2797b95c7f8fa3de9a8a5ecd1aef,631
1063,WildChat,bc020e72eb79adc82230e731397cc4b6f9f28c3fd1b8c3050c0d2812b1e90e38,35
1064,WildChat,f1b44161d14c038c7952771a80cee9a085dadfb418a9b3eaf0e8d02c666274aa,33
1065,WildChat,6bb8fea6a4fecf4b4720a45c194e79b82491ce21841df6804b95db84ec74036b,39
1066,WildChat,18d9ea34ab069132eb3f4b417aa59a1d89ddf2b362e448d989475e8a65e01ff8,209
1067,WildChat,fd75026f9269472e31053da6663532be2af430f7deb2d3c68b98d6f823fa6f29,540
1068,WildChat,bdfed7958be1c8da076598c1481c1ce6df01b37af5f6bee62bd4c3f873c5f82c,787
1069,WildChat,ca57e9e74813a7770e43ad4ab3148c957408fb75d4efe73c0a56b81ec5444883,454
1070,WildChat,ca57e9e74813a7770e43ad4ab3148c957408fb75d4efe73c0a56b81ec5444883,454
1071,WildChat,ca57e9e74813a7770e43ad4ab3148c957408fb75d4efe73c0a56b81ec5444883,454
1072,WildChat,ca57e9e74813a7770e43ad4ab3148c957408fb75d4efe73c0a56b81ec5444883,454
1073,WildChat,ca57e9e74813a7770e43ad4ab3148c957408fb75d4efe73c0a56b81ec5444883,454
1074,WildChat,37f906d313b755152a201498db3eaa090bcd6cb788a105f1fd8839885fefa924,122
1075,WildChat,ca57e9e74813a7770e43ad4ab3148c957408fb75d4efe73c0a56b81ec5444883,454
1076,WildChat,ca57e9e74813a7770e43ad4ab3148c957408fb75d4efe73c0a56b81ec5444883,454
1077,WildChat,ca57e9e74813a7770e43ad4ab3148c957408fb75d4efe73c0a56b81ec5444883,454
1078,WildChat,ca57e9e74813a7770e43ad4ab3148c957408fb75d4efe73c0a56b81ec5444883,454
1079,WildChat,ca57e9e74813a7770e43ad4ab3148c957408fb75d4efe73c0a56b81ec5444883,454
1080,WildChat,35f0f80bf3d8f7379e144044d7825c93b861c065b48ed60c5d268abcd19118b8,320
1081,WildChat,ec0ff5f98f80771fa1229f0682ef89e3ba7b54d022efbdbadac3d82568196cfb,720
1082,WildChat,df2c2728d060b61380848943603cbdbfc6fa2797b95c7f8fa3de9a8a5ecd1aef,631
1083,WildChat,aa151ca004d0b54d53540e546b5d6096ddfba2e8185f13e3e96122f21d2dc6e2,614
1084,WildChat,a8acb12d41abee5b4a0cdd0372d410923fbd8db022e460ec56a9a61de36cbd20,251
1085,WildChat,fa64891a47d268101c64daf0842af934a6497e0b3c4d8c830f8d83632b60ceb5,867
1086,WildChat,8002f14da0cbc5aab3ba742ac1c7d513752472abbcb95b340094e9d78c4eeef8,604
1087,WildChat,93b48b46d4e40a0a9ec0e89c53cdb7075f30b36423e5c0ddad79660dd9e13cff,904
1088,WildChat,3cd7cedace8e2f63d388a3047347409aeb3734ce2820faf22805179ecde2c637,113
1089,WildChat,3cd7cedace8e2f63d388a3047347409aeb3734ce2820faf22805179ecde2c637,113
1090,WildChat,0637527a6d1fd07fd2b54b8b2ea9b943fbf0dc4d441189ff9f421f7e8f6a052e,53
1091,WildChat,ba84743f686f42776f31f1996f18210aa6d9c3982e41c1862d05f45c0298f7d4,104
1092,WildChat,acf1bc9fad1aea0c6e86eed87c6a10033d813b001bbbe12723da02f34af8e719,147
1093,WildChat,acf1bc9fad1aea0c6e86eed87c6a10033d813b001bbbe12723da02f34af8e719,147
1094,WildChat,932ba76380ac864d167951ce83c3b3ba953a3aa62b36aa75d48e6178c7f087e0,80
1095,WildChat,7e832c7e14ef29f4ccef8d46ea189aec3431aa10e4accc56597c94cf723fc5ee,379
1096,WildChat,6d83408d9d9d6239e99280e86269318a63aae2967edb40696f91d52bff795ebb,137
1097,WildChat,7e23a698ed8299974c43917ad84bce44d0b0302058ae9bc70f0b2cbbd3a2985f,704
1098,WildChat,9c6c037154ffd08f10afa02a1341adb400f8a2bd935ad63445e769c75e38e48f,151
1099,WildChat,0866f0c806a883114e874dd29d9c09e7deed2f8d3bf1a092c8edc7b4d9e03dcc,704
1100,WildChat,0866f0c806a883114e874dd29d9c09e7deed2f8d3bf1a092c8edc7b4d9e03dcc,704
1101,WildChat,41ad281c605cfcdcd99e0ea6fdab457c8e5519d5ccb8ca81b4dd77b145cd2fda,594
1102,WildChat,6963235ccfd594f5b91808f9c5a2dd4ffbaaae460a4c1a1ae97e50f96cbcb7e5,196
1103,WildChat,9c9f0a1cd9c6d17ddccaab4f7b010d66d048b33d0dc3cac5e30c8c43dbea7113,596
1104,WildChat,41ad281c605cfcdcd99e0ea6fdab457c8e5519d5ccb8ca81b4dd77b145cd2fda,594
1105,WildChat,e4a94f1506a1fb04bf66524486d047aa143e6dde8fc8685af3c38a9b8952f7d4,34
1106,WildChat,b41e51e73b66dd52c26d5b65f6da147933c9253fc275800de7cea54aa23f5af0,50
1107,WildChat,778e7460b6af25b02f2564bdf5ec10527367d80213ba2b2f9eac3dcd312778fe,115
1108,WildChat,513c83a7c8de84c08f3a02c928d63ff8c9c3235cc965f0d44f9968cb8daf9b4f,32
1109,WildChat,f715fae6bc8147047e4cac580a9ef3f76e96fdf5028237a33b059d4fe1b19b8a,49
1110,WildChat,d901c77a8cca6437c36b384d268df34769f777e5d6d23d46e8348a3f0281f0e5,180
1111,WildChat,b22477d8dfd570b85a4dba848e962e4db19a79db7cc149bb8fe72349601b84d8,704
1112,WildChat,3b76c7c6b4647a1e7d7ac9d5a87953c58a3253b7e3af817d46f9fb485c628cee,23
1113,WildChat,81520986a6af1330676ad998a294affe8a5c92a968194e725deb8c69d5219084,675
1114,WildChat,b14b8410277afaf62cbcf680e9e66b94483f88a9e7d9bcda6fa7663909520967,620
1115,WildChat,b22477d8dfd570b85a4dba848e962e4db19a79db7cc149bb8fe72349601b84d8,704
1116,WildChat,ade1666bb2f32aa27b9ff4309a6e9f9922feb243b00d4cd50b80a5855670fc5b,62
1117,WildChat,c704a72d6d47de7cff968f4dcad58713506c617b1ac545f9ddf2b664bf4f44b7,57
1118,WildChat,b22477d8dfd570b85a4dba848e962e4db19a79db7cc149bb8fe72349601b84d8,704
1119,WildChat,1dbc23d97cba908508a4f154827a7b35849c5b11658fa8e9f3c9d5fdc200bfd8,296
1120,WildChat,b22477d8dfd570b85a4dba848e962e4db19a79db7cc149bb8fe72349601b84d8,704
1121,WildChat,827267343f6095af4b46c10971bb0aa10e2ce888e15ddf4f0b18d96efc367680,736
1122,WildChat,80d3b8f7ef1c3f1296ae48b037787c99652ebdff9036fe687d673dba28416971,781
1123,WildChat,21f743d3789a25b7d0b371f906668019b810f39859124e1327caac70308e61da,178
1124,WildChat,d7caf960fd0e7171e08c3040924a4072e1a87b93669ff85f2c0c0166a59424ba,552
1125,WildChat,63ae32842bf7d4e7b58414a362090f09848ecc202799e16235cfdbdbf2d5bc93,128
1126,WildChat,40bf0c2ea07ccd226b4ec4fd11e6c736c7c35ec32a483b392350209f3a1407c7,322
1127,WildChat,d5202650ceaf08d40de4bda76d8a7a1e74848952061457f4de44148a31ff6ca8,137
1128,WildChat,a71ffc2a97d95e8dfbfb12acd1422798702cd93e0da03156317c3faca3d898c3,260
1129,WildChat,932ba76380ac864d167951ce83c3b3ba953a3aa62b36aa75d48e6178c7f087e0,80
1130,WildChat,206738981b81b1075676ffb27c0ae49d6cb9eba0a4425ec2d1254044f7841ab6,137
1131,WildChat,56a3ed9bcb186d7338c801b98e9db60ebe671519f21af2d4ae2a8382afa369bc,147
1132,WildChat,d5856f92fd5b1cac325cbcda781988fb69e7ad6c6423f0b4f96a2407670a34f7,886
1133,WildChat,678e2f5e0d28ae608d699f3a0c1461474149d5acd287674c8a5274807d5ad7f5,226
1134,WildChat,a11efc7a7edd40fe22c8b199b02d0774355056e15c6b2d347b5174af669ddf24,132
1135,WildChat,5f0289480a6cb6801dfd916787b82c247ae882b20177a0e2a1ac22e1636314a3,904
1136,WildChat,91c4cc5ac5d618ac0be58f3ef3ca61117081e87d2c5fd1846a44831138f6a633,262
1137,WildChat,1579a51720310e74d9df1ce733c1f44869d9681b502e046d80bb709b45d90474,167
1138,WildChat,a4ddb36ff33eed9dbc087a89c8917f4fc9722571fe7c47351c72b90281e7c5cc,165
1139,WildChat,c33f7d25de7df7ce7290afe759704345767fb2ce693f30b1d6a75f5eb7906be8,284
1140,WildChat,d3e7b14a2cf426fce9e7dc668fa351b9d38cac3d53bc4c67d94236fc2c3cf843,859
1141,WildChat,25b25597766598427b0370443ada736291a8468b8e9c44d84c66fea1e02d6e02,401
1142,WildChat,e192107c7c7dcdea58816a054041e68721a4c357a0278d33ddd8a1836bfd835f,27
1143,WildChat,83885debae89355d8cbed81f38b1d64d29bac253174d98f569118b0c6fea6091,21
1144,WildChat,83885debae89355d8cbed81f38b1d64d29bac253174d98f569118b0c6fea6091,21
1145,WildChat,93acb75a6d264d483976b0cd2ea6ec557734d09ee04993aaa983f20ed753f29e,128
1146,WildChat,d336a15e4386cd0e41e0c6460b860ecf9735bf13a8295eb5d7fa34c6c56686fb,23
1147,WildChat,1f576072b7757aa8682b65bec3a2f9c8cd9a07a908fd067e8991d813948a7e87,582
1148,WildChat,0aadcb69448d439fd5806673b0ed9194efce7f3dd3524646f637559c383fe6f6,60
1149,WildChat,5faf35772823091d7912f0065b217cec024faecbc0e6d8e2e3b6a8942b547f7b,48
1150,WildChat,1b37ea740aa81a5900f6e57a5fcbddcb83b58cfbd543ebe14903a2f05990cbd6,74
1151,WildChat,888c4b9a26981c41456b89fe88122cf8e07a878d47ce172823eab41f5c4dedd5,24
1152,WildChat,3da82d3f69fdc78328f9c529adb7e99a1a38fb8bace23d2e1ffd162636ebef94,34
1153,WildChat,3fa830a97daca85f02375ef1bf09df65c96a38fbf4c09cee78784a9889059685,44
1154,WildChat,dce71dbe18bfe95f88037d4e9ed0b6382e7fbc6404eabb704c6cc018cd8eecad,483
1155,WildChat,a2c74f36b61273d4c1836163d9fe44834840d8c0121e4da58e01774e10e22fad,280
1156,WildChat,8690175e508785d486d8d437ca78e7cb1c70a4a12815602dae2e857d17ce1403,143
1157,WildChat,090ee91b5e9cb8f97953fd25fc15b2814c202b4eebcd8aaa92de2d6fb581bdfa,235
1158,WildChat,a69a673693b50b56804fdecea97cab0bb6a13fc098828ac66117250282f8602b,44
1159,WildChat,948276ceba14418324e63da302308f19e8c162c564f71ae79c80374b5ab09032,56
1160,WildChat,948276ceba14418324e63da302308f19e8c162c564f71ae79c80374b5ab09032,56
1161,WildChat,29dd6e41e5c4ed486b49f83d6967b0e93f5e4e7e4d1f16178ef1de0bb871a002,50
1162,WildChat,d3e6058f2a0e69bcd1a712f6f38a2d2e1a5790b49f25c07dff15f07011c2d12b,147
1163,WildChat,78bbe6ea942d08354560970131892f5b811e1188b2bde904561337fc6050427a,301
1164,WildChat,65f11f4c333e4707225c9d2fc61551cbe35ea6a471491f72f042549adc9b73e2,21
1165,WildChat,f5592317a8de801d3dcb2365c93aa68b02c90f999382f37d76012a0bee92956a,530
1166,WildChat,78bbe6ea942d08354560970131892f5b811e1188b2bde904561337fc6050427a,301
1167,WildChat,944855995fbf8424a71c39b78a7ec73fad70fde03b97246b500a1b70ce30ba1f,313
1168,WildChat,e67c4c8b9974a4dcf6c4f9aa88a778b72c41d2fd826ddaa9f494a2ac24a8b2b6,368
1169,WildChat,f117ef781ef4169d10382328bb4968c05eff6e6708e7c726edb321e02cea2f4b,97
1170,WildChat,1ee83317c410bd973bf0172cd1d9c6e2c7db124c2802afe11570357ce7cbad23,72
1171,WildChat,d6be5044cf3cdfb90c21c84232b9e8b09232f1688c3b41f5d548b84dfaf0327f,318
1172,WildChat,b588cc714d217fea1dd437801e143d759343d85237573221116cb484d793a295,545
1173,WildChat,a978489ac9d8433ed76f87bcdeaca5045b235a5486eed7ac2dcbd8a06b34d983,32
1174,WildChat,19096a7ddab19d10ddb34ae482086b03b54210c1f58d79719a629b9371729d67,638
1175,WildChat,d32ad107e8169ddf041ffdb6dfc4180a2a5a2d985603b16ea1602a3ae1a18e95,140
1176,WildChat,4341640ad5bb0a87f977586984742986b875b1f69b3ac48d46cf1e7d4cf68566,920
1177,WildChat,4341640ad5bb0a87f977586984742986b875b1f69b3ac48d46cf1e7d4cf68566,920
1178,WildChat,8d303882a77403db5280159b3c2de6565bd6dfb9febeb09f2a214477e5bc0949,552
1179,WildChat,46ef9cb90b95215cf148013bce3ebe49f59185f460f9edaf9bf66d22fb5b06bc,371
1180,WildChat,056e02ab0359559315dfe48f8299a82017400427222ebdcbadeb435849d8c801,148
1181,WildChat,0e5894ed8dcf97b40b977f9b2ea709ecca3e1e6c7d8dd98a2d6aeedfdd17cd74,147
1182,WildChat,da2a83d3ec844c58d75b7a9709c83f5ce328e1e8d22b562b9c62b1c68cb366ed,60
1183,WildChat,7d9dcf588e6ab354ffb4984df4ec4f235cd2f2e2ca277fcc9478aa41725156bf,165
1184,WildChat,9613490e68b6a56e1679a82d4ab056b0b94566e80fa0aa2742dc69c1b1a5526f,25
1185,WildChat,5470ded1dcb2d5cea79ec3f3b663231f2e820fb2f751efb53d9bc5e2856e2606,148
1186,WildChat,46ef9cb90b95215cf148013bce3ebe49f59185f460f9edaf9bf66d22fb5b06bc,371
1187,WildChat,e51873eb3d249dc66a6bb187aba37500680360a9d45ff4398e74ffb7843f2b7d,48
1188,WildChat,2fd8a80f23d8a2c64c7d4fb3aeb03c5353332c9e7222a1164421245ed501ad5b,70
1189,WildChat,06f6b428fa445da3ee4b1e356a2cbe496709ac9f9d19600b87fdfe01878b72dc,551
1190,WildChat,c962dfc660023b3fdac1988f83f739534a735006f326c54332a7f9fb609746f1,568
1191,WildChat,727c4e7ebfd2c8b0a61c4cf0e92cb70b5df85c640aeb7c85474042508a926aec,80
1192,WildChat,d39a31aa3c0406f6e2f806f4e5853accb266a167b9b5b5b08a496a071c5303e5,56
1193,WildChat,25bf4d571efd24dc9e18636cff6ee3917e440cff8aba0082dd7dd462b760d416,80
1194,WildChat,727c4e7ebfd2c8b0a61c4cf0e92cb70b5df85c640aeb7c85474042508a926aec,80
1195,WildChat,88ba1755ceccc60fba03a646201d2be21363ae17a57c4b49ae3329234eeee50c,552
1196,WildChat,69cac25b827995237b88962a698329a8f71c72a34d07aea211e5bca29ff279f4,142
1197,WildChat,02ab074c2818fcb0600d67c0f45467dd6f86cad5e94ea34ff8ed25e14f452ee7,143
1198,WildChat,9ac2c754158dceff01cddd8a845600a1cc38d0c14e167002f8ba452d61a09c78,544
1199,WildChat,9ac2c754158dceff01cddd8a845600a1cc38d0c14e167002f8ba452d61a09c78,544
1200,WildChat,6281402026c5218f5c90570ffffd9b34eeddf0422a99b961180e627cdd064524,665
1201,WildChat,0692977ef2998d902ec063c82b90d0b7857a523f026d471fe85469acd932ebd9,149
1202,WildChat,a9a956e3fb8ff897ab518d62cca5c1b960fcaea0a429e3b170cc9488c88fd15b,184
1203,WildChat,6bb6de7d60ad76c4514f98644391db487cb724f7b38e44101bab0c5a77fb8464,21
1204,WildChat,40d836db61b371f72bbe2bb03d4e471bd747863a12cb401d74f7424cbac3d172,543
1205,WildChat,634b79575dde236bdde3f92d1dafdc82b189825cc7980f3b2736ebf489f2b221,704
1206,WildChat,b22477d8dfd570b85a4dba848e962e4db19a79db7cc149bb8fe72349601b84d8,704
1207,WildChat,e53116d10b67f5c11100f67fddcff86497968ec6f5367a86b30f463c1f215171,234
1208,WildChat,ff5a1b7b252885b5cb8653cdad3be1232fdf9a2a72d8a1f5e7970d3b0a5635ff,187
1209,WildChat,e53116d10b67f5c11100f67fddcff86497968ec6f5367a86b30f463c1f215171,234
1210,WildChat,8f8cc980cae2ed75c70065721aab9dfc10d37ce709dfcb6034e4274725624399,30
1211,WildChat,c453780f19efeb8a12a17c17739bd086f513001f244bd31cc72b0735e9ed1fd5,234
1212,WildChat,b701d7d699f0da723e7dc871df61c0c967e7e887de76a7942a270f3260e19f23,280
1213,WildChat,2bf19eb3c308ce6f4f04ba17dfabdc72af900b47b7aef472d7306fde03f33d7f,41
1214,WildChat,7b394fbefd9a006cefb34c99b10a76d5934e0361b70f7d13fb02e89f9a54dc67,553
1215,WildChat,7564eda8a9e1c46eb6d560b1b8d820c35b3db7e6143ab9dd15f04497a3126b95,426
1216,WildChat,ae4bd11715cc85c4b0e08d9f3f3348b906d98beeb00367adb91960f6a005facb,147
1217,WildChat,7564eda8a9e1c46eb6d560b1b8d820c35b3db7e6143ab9dd15f04497a3126b95,426
1218,WildChat,678704b2624107731691e1205e4e58b020fb9a1a6552399019a3224f689c1ad9,23
1219,WildChat,41b6f4cd47468fcd98cbb3315a472b0bae51c938c32e038f18fb854debc0f66e,157
1220,WildChat,e1162ae46e3e57e0f0d31e5e8c683aaa29f0c241e237c462139886f98cd51263,237
1221,WildChat,a6b58bb29870281d48692c62ca36a9b1c5aa6341b8d6c7aeb5c52654cde37e69,25
1222,WildChat,97718b648b8dbc65e1886edc84a2e3c41951c2e3cd6d82dbc289318e78353bf4,316
1223,WildChat,e3203a5d0e0dd324ef7d9ad755e0caf8f4046050a54a2e223c849e15b07aa2e8,26
1224,WildChat,1c0c71bb872a79aa8bbfead73f4281047fd62bed53b5782ec14c3c5347b8aa24,25
1225,WildChat,5eb444b3dae52821d7f69a2b2d88d12903890b1cb1cf1a5729c20043b68d8d43,129
1226,WildChat,b1dcd287cbdc566cbf4e2739b1d301d49517607b45c6a6f2c50df2a910729976,413
1227,WildChat,821189764e5cb81288f1cd3fc1d549c2e85714c02c97a98c99173f973a73cb91,552
1228,WildChat,823422d8deb933aa5fd7031366d82c87cb33855d6fe6a41556b8f4474b449cb7,579
1229,WildChat,1913a4101774af9c24fc031ff3382e34ad02348b086ae6076c30e14f52befed1,553
1230,WildChat,e929b29219b5d87a2984b2df38f7ae98811473b6be2351860a93754ac5e72a33,72
1231,WildChat,23268b3ba7009cf32d49eafe8479a5b03a3d008d6a083a6f26ecb2a666058681,114
1232,WildChat,e23522366a26054e65e9e60183e24d8b290918f5082f3fe8e721c35c54b91f5b,97
1233,WildChat,ad37e9dff12866faeed055539cdfe7cc1cf40eb8d0280c29bb99b355a89e8ac2,141
1234,WildChat,35d639d5ab0561feb27c9ee0bb0e906d6e873ca32d0ed18be276087e1c3a87df,147
1235,WildChat,9a2b4a7d09301837e6aeeaae72611219b29040f11a24dd252ee676c82d0c8446,237
1236,WildChat,5bc4c9f5bc1aac9bda616d140dc0e7b473d2b83faf520bbc913bed28f00ef8e2,669
1237,WildChat,558212759377dabb69c87a10887f2b81c0c192a9416bb95f5ce429f87097e599,246
1238,WildChat,9a2b4a7d09301837e6aeeaae72611219b29040f11a24dd252ee676c82d0c8446,237
1239,WildChat,9686c31c892809b50685a2a743c5645cfb0f81d08ddadb5879c8d08281a29c45,97
1240,WildChat,8e70b1d94cc51c924058c0c81d2630b30b55ddd89206520c17e9f55bd7520db9,158
1241,WildChat,4d46c80790f7d00ddac4af6b442c7676a3ca723bc01f41883ba23525655c642a,840
1242,WildChat,f76d2c078ec30335ae12fc7277f5a3c3164a1dcd0225b3d623883e174f043b05,147
1243,WildChat,c65bad0246699b580c656684862607f0d3077f9b4fd5f93c528290c073910a7f,552
1244,WildChat,6679cef416b445aa974de497417a8bb10bef1a7e9dff8dd8045a82f931756d7e,132
1245,WildChat,2308103bcc22a9b8f39395d1a250f2b8c5884b664a15864ce5c534c3fc8ebe75,76
1246,WildChat,2dd7421efb6529cc5756e823f16cde8d940c6f8455467f6997a3fa92f2e6dcff,88
1247,WildChat,a5d3653b148221428b023927e7894222fcad9ba18ae4fde218826df797e50583,440
1248,WildChat,38bfef51d2619664bc3d1994af8d44fd8b95f2d11e730c12b079cf6c63bde0e9,123
1249,WildChat,4fe4c6d0c0541e8258bf9f2da96639d22944f36f1838243b8fb99e18ab1f7d62,158
1250,WildChat,1e2527df6943f4d54f1b902c96e7547e6118143abf8a1b50a11ca6aab4f6b1db,628
1251,WildChat,5ad8fbc978e483d132d8d96833c672dbec110d037d21f0ef203bcfe1a5c77210,633
1252,WildChat,96f9b5356f4df0f5fd87e1aab6514ceb3b853523adfe73e1d25612f691863e86,269
1253,WildChat,226c92cf9e3e6fed8e1ae8c6afabfc5207d52f8ca081297fd39686e97bd6358f,128
1254,WildChat,1b32a907a58c11caf99b614ad92de262ddfc2b44e1ebb8264165a9774f578d44,587
1255,WildChat,1b3a8ac9b88b472807c895372fe24728d4f34e9618bbca33af73172b7c2240fb,158
1256,WildChat,c2804470e7978854b7343d3d6d2953ed741128c8215bc05539a9e0d53d312a5b,149
1257,WildChat,5941113439f32d58cf466e2ce4a211f4c08ee25880132b2606cffc64315737ef,32
1258,WildChat,8fd88a4106772936b68bc4d98c5b43079ce626ede10fc538732b223c41139d7c,160
1259,WildChat,8558a77c48874eeef6c7273804b7b0e82473993d71a61e2eb28b8f3a9b02b32a,69
1260,WildChat,f760ff244357b82b94a0f0b1449188ca8a8150d0a2231e958de8c3d0bc0f6f7f,69
1261,WildChat,05c2eb43d63b3dfca80ff03b86dd317f9eef5fe65f94f154cc501ebe1817e6ff,543
1262,WildChat,05c2eb43d63b3dfca80ff03b86dd317f9eef5fe65f94f154cc501ebe1817e6ff,543
1263,WildChat,2b35689b9a5d2142f4dfd6217bb6e18a44354ca21678ac498ec26a2cb3de5cd1,325
1264,WildChat,2b35689b9a5d2142f4dfd6217bb6e18a44354ca21678ac498ec26a2cb3de5cd1,325
1265,WildChat,6d7d5fef6c4b626fb9bfdfc4ca2edd0aac8246a1da7daf6aff02f54f125e8ce6,334
1266,WildChat,8e7724ce0415d094390ad2e575b91707ed43bcde9e97208bfe307c4efaa4618b,339
1267,WildChat,8e7724ce0415d094390ad2e575b91707ed43bcde9e97208bfe307c4efaa4618b,339
1268,WildChat,433d205f49484b98f5ecd79e248024737f8e9b990a87ec45e7d87e729596cdd1,330
1269,WildChat,433d205f49484b98f5ecd79e248024737f8e9b990a87ec45e7d87e729596cdd1,330
1270,WildChat,a5d8e920f7902b8c4fd506f751bcabb018cc691c25b3ed8f9c98a58f8db4c627,323
1271,WildChat,e19dfa2fcd07ec9859697a77c7ccf3d2decf0409c3efffc46d671404c4867e25,686
1272,WildChat,a5d8e920f7902b8c4fd506f751bcabb018cc691c25b3ed8f9c98a58f8db4c627,323
1273,WildChat,f8fee850d1e7545e33bbe726292a530a6681d440c60754721f565b0d2912a1a5,66
1274,WildChat,40ccd79c577dd20153028f6cfeb857cb477900a2c9b06359c5ad75c3875b7ef8,25
1275,WildChat,226c92cf9e3e6fed8e1ae8c6afabfc5207d52f8ca081297fd39686e97bd6358f,128
1276,WildChat,d77533e43c1fd04bdad2a8f69700edceb35f264886d8bc3d84bd0d64c1f7341f,158
1277,WildChat,b3b409790f293c09f352ef52185a0a0c34f06eca763478419e18dc83c102f067,24
1278,WildChat,b3b409790f293c09f352ef52185a0a0c34f06eca763478419e18dc83c102f067,24
1279,WildChat,9cb0043caf0201817e76f2d2d2f80c249e9dc97d0f1300dc23bdc0c595af9c35,543
1280,WildChat,b781d915724caa03f6c3998908d2c13e1789a6afbc3784adae8e6f0a429a730f,324
1281,WildChat,226c92cf9e3e6fed8e1ae8c6afabfc5207d52f8ca081297fd39686e97bd6358f,128
1282,WildChat,424c0884975e02238cf2078ffeeff4b01022581e075aa49b0fa20966d6aa0791,328
1283,WildChat,da7dd9777b3868798f5b7bf1a0b7178b5a438fcd58ea5ffb2c903c8f5061ef48,380
1284,WildChat,4b1e26cd2a819890c93cd9c61e8e0ef28f6e636d03c70dce4399c4485f3d7670,380
1285,WildChat,abd092c6de005b9f2a94e84802e2a85c3bebc7bb71814c82d87e98fcbee8c98d,389
1286,WildChat,abd092c6de005b9f2a94e84802e2a85c3bebc7bb71814c82d87e98fcbee8c98d,389
1287,WildChat,5d8e5d08453cae7ad71556d5921dede10a331ff82fb79a0ad2a2bb9da5ed0a9f,381
1288,WildChat,5d8e5d08453cae7ad71556d5921dede10a331ff82fb79a0ad2a2bb9da5ed0a9f,381
1289,WildChat,58bafc68d77bbc7eab9b6c3302fb616d55f1d8087b3185e64ab82aae64016ea0,22
1290,WildChat,aecc21858cfa3cbfe24eecf257a5f14c0e14cd598c5dc4899d89d505e0d80a5f,513
1291,WildChat,947c461640cbd58cf325706b220b2049e7816ad73dace2cc61feed491587343d,386
1292,WildChat,58bafc68d77bbc7eab9b6c3302fb616d55f1d8087b3185e64ab82aae64016ea0,22
1293,WildChat,947c461640cbd58cf325706b220b2049e7816ad73dace2cc61feed491587343d,386
1294,WildChat,439db9f5acd22d4e92a22edf2a4e426d842928fef371c538e84092286e900b2c,511
1295,WildChat,bafe7987c1a0919f38383b943324c292fa69ab71d37e6cb2662c52dd520a8a1f,159
1296,WildChat,4930e9b5fe874e14266bca8d2d5419b9d22b3cf8ea9a970976427bc8222185cc,382
1297,WildChat,aecc21858cfa3cbfe24eecf257a5f14c0e14cd598c5dc4899d89d505e0d80a5f,513
1298,WildChat,a343119a11d06872148503d872ef94241e132c6332cf98a109866290d6896ad0,52
1299,WildChat,510a82c5de94a5867e33f0ffe1936ce470c845de1be66843fe92e3d5c2eaf697,386
1300,WildChat,7a5ff0eebd0ad1b8b58f4a6caac3ae691752854aadbec83870228076e33e4626,260
1301,WildChat,2c7e8215480a263b8dc87c2e78dabdf29517d2e537c44145a144b321d50ff17b,409
1302,WildChat,de96d1c42a517924b778ca9acd3bea41a557326b81be7d25eda6bce9bfbbfc8f,676
1303,WildChat,abf2da6394f81c69c05631a92bc529d1c84006b1b92a5ca7e8550209b08d80a8,676
1304,WildChat,dcd9b0e494e401ee12e0a070150acddc024007ed75eb529149ad3dc9b7e28a4f,68
1305,WildChat,2592ba91c54b55e64ee20535aba36966dddc4a3404277e3c315324aad8f20b1b,379
1306,WildChat,36925360839ccd2ffc335dbc81d87cddbd62a3f8fd43b910fc21043d60026a11,384
1307,WildChat,36925360839ccd2ffc335dbc81d87cddbd62a3f8fd43b910fc21043d60026a11,384
1308,WildChat,8f8a9016fc147d6ed48925a441b99caa9e4839cd59492a50c02df09129c073e5,159
1309,WildChat,d3163078a217c16e80d9d13f7ede677756cf1aef4ba97ffb25936547fcfe0ec0,24
1310,WildChat,9623e4290a37430a11b5b23ef20c389c5166b90b422c71ba4582ef622b16cadf,209
1311,WildChat,d38a7cee5214e29c5336e3bae2f6e6249c3e9e221ba51eb33ac7506ba0dc4acc,853
1312,WildChat,538aea5fa30951e07fa64c7c81324ee7079f33cdf41b022ff017c57958762924,179
1313,WildChat,3dbc58757a5adfb19e4198c60399a378ebd54f3ec89e7cd351c24f32a835c4b7,270
1314,WildChat,e5359ef036374d276b00eda19a28a8b0f3e25ed95b0dabffdc7e4f07e659c59d,546
1315,WildChat,c4ef6bf6253cc8af35d85a56a2735f0a835383be570e0bd625f141f2e45e67da,324
1316,WildChat,aa1ec6c274d35838e22610671659d200c6991de85b9f15c1c89919839783ea64,664
1317,WildChat,c4ef6bf6253cc8af35d85a56a2735f0a835383be570e0bd625f141f2e45e67da,324
1318,WildChat,b22477d8dfd570b85a4dba848e962e4db19a79db7cc149bb8fe72349601b84d8,704
1319,WildChat,b132dd0afde7f77aab1d50a5e7f497f1e875349d5a0d98755bb26d975e00060e,343
1320,WildChat,1d13289de034e4fc46cd607361b1995bc811558f4c2c89e67ec35e78fa3e2799,109
1321,WildChat,076d9b18ea82dad548461885a2a157ccf13beb001f9dd86d8434ced84a1f4315,210
1322,WildChat,9e1d50e37997c45631ff3e5744e4ab60b3b32df04eb97ae18c6cfa9700e57b32,266
1323,WildChat,78e005b2dc2654f973eea33dccba6ad3a429688b5714a19d3af70e9ed2320fd1,239
1324,WildChat,e662cf4c2deca11e12634bfd87f954615b0c09f3fa1089f02f49cd7be6fde9bf,44
1325,WildChat,f6b3a102dd22e30df95cc8c7da03e67799c6afdf9a8347cc17ef0d90efae6c7b,37
1326,WildChat,64a536cdf073532cccb85e3f7a9e5b558e574a898b43e4bb69a9e1bcd76bcda7,179
1327,WildChat,7a2f30fe28268fbcb66f136e2bfe24d718488e0edeb20cfcfebea485f3cc77fa,780
1328,WildChat,62e7bf2c2b8d8b040861c3bc12153af899e834c94143fee6b07d260b4976d93d,239
1329,WildChat,7dcbbc5381b317cd6fa55a22cc54b6a32d80561ba894a335e7fe35ffa39eb92e,239
1330,WildChat,de029a915c8be534b08c99e22192688e5c2a9cccdc41b9ec5ffb1625763cdee2,390
1331,WildChat,96caeb8a45d20c4481519719b79d73756bddf6ee50b08663084b8308bf5b9c5f,239
1332,WildChat,de029a915c8be534b08c99e22192688e5c2a9cccdc41b9ec5ffb1625763cdee2,390
1333,WildChat,96caeb8a45d20c4481519719b79d73756bddf6ee50b08663084b8308bf5b9c5f,239
1334,WildChat,96caeb8a45d20c4481519719b79d73756bddf6ee50b08663084b8308bf5b9c5f,239
1335,WildChat,b617fb698ba887e1bc2820a350f5770d1f96d2b7c2460d7c28a89f46c4c6bda3,386
1336,WildChat,b617fb698ba887e1bc2820a350f5770d1f96d2b7c2460d7c28a89f46c4c6bda3,386
1337,WildChat,e36a6d87f52716a7d5b56c773728e6e844c2f397e2033e1a260c233003f35f50,389
1338,WildChat,ef28e0a6309cd296f472df21637e048a8e617724c9cb3428b6a014b76882a61b,177
1339,WildChat,e36a6d87f52716a7d5b56c773728e6e844c2f397e2033e1a260c233003f35f50,389
1340,WildChat,4907597cc7956c0719ede647c7da7a9cd90578f4ac03db6329de19ac0aa068d9,351
1341,WildChat,71b44d3cf5757415a7c369202a18520a88f64b22a3f0e9a5f2e9ad514e0af00b,404
1342,WildChat,ce833a2cacd6b5d2f111dadf5d8f7c92704407fd0563dec9808e74759c2210ab,394
1343,WildChat,27d3e80cc139380ccc2a72bdee4589928c2bb1423dd953810a9970b4262cc7c9,405
1344,WildChat,d3163078a217c16e80d9d13f7ede677756cf1aef4ba97ffb25936547fcfe0ec0,24
1345,WildChat,ce833a2cacd6b5d2f111dadf5d8f7c92704407fd0563dec9808e74759c2210ab,394
1346,WildChat,dcf53e9377b675607367569c564d7e8276d7bd191b005d85a05ced6257bce807,383
1347,WildChat,dcf53e9377b675607367569c564d7e8276d7bd191b005d85a05ced6257bce807,383
1348,WildChat,45fb6c3ed7abd522cda95ba968c748777803056e905713c4be09f5906f2632b4,204
1349,WildChat,ace8f9eb2a44bc2de1c6674e89b6269408d2d08a8bf70581ab8ac04ab2251b59,394
1350,WildChat,df8a7319e4886cfcdeddd45949b058a0963d9f7fb995a9cc08bd93e5e7daf5dd,383
1351,WildChat,4b7852b584d108416b195bb02d74203f40060bf831e7d4f9b1c574c9fdd484bb,150
1352,WildChat,f517ffcfbbd96f46696e9b74d67e6891bc1e099392dc1e09d8e694a566dc09f9,389
1353,WildChat,f517ffcfbbd96f46696e9b74d67e6891bc1e099392dc1e09d8e694a566dc09f9,389
1354,WildChat,c3f641614e30e4079ff030086fe4c05dbc5d45eec4b821a5514725ed103c7dbc,386
1355,WildChat,c667155d1f7578e20d695fd9c9752afd47a200f7096473ec8b1f9e7b2e8fbfce,387
1356,WildChat,c3f641614e30e4079ff030086fe4c05dbc5d45eec4b821a5514725ed103c7dbc,386
1357,WildChat,8f6eb670ae679dde64dda37741411f12a0784abcd5b9916c707fd9072f5bb14c,53
1358,WildChat,ce63bd4972f1226c86b942cd249b33d4b38f0f5df73b8e87e41a3ed3fd87b48f,385
1359,WildChat,69f0fc23a13bbf8961a139ba17d9e26cbbf59020310e90be0c3980ca0f740b34,387
1360,WildChat,4b7852b584d108416b195bb02d74203f40060bf831e7d4f9b1c574c9fdd484bb,150
1361,WildChat,b3e22b8e47f393f68ebfff84cf3d0dd5ff3f251158c2b19bec458daabfd6e29f,379
1362,WildChat,ce63bd4972f1226c86b942cd249b33d4b38f0f5df73b8e87e41a3ed3fd87b48f,385
1363,WildChat,b3e22b8e47f393f68ebfff84cf3d0dd5ff3f251158c2b19bec458daabfd6e29f,379
1364,WildChat,c3bec482e54d2ded8104875e7ab73938650285532d087d091d85110f31ad6764,386
1365,WildChat,03001e5c7566e2bbfb1ee2c06da2d4653aabce657271836042f08662fd0ae19c,383
1366,WildChat,202c199d8560ed4d8e7c60979ae000f95ee7e32681b8959a069e72b9b752c5a0,380
1367,WildChat,202c199d8560ed4d8e7c60979ae000f95ee7e32681b8959a069e72b9b752c5a0,380
1368,WildChat,aecc21858cfa3cbfe24eecf257a5f14c0e14cd598c5dc4899d89d505e0d80a5f,513
1369,WildChat,5003c0610bac7c393c8e2612fdf7756820ae980692ab26e1ac01f1b6a09c9310,670
1370,WildChat,fda22430d71b658c1e22c4a350634c4a13b1c5b699ca57a8b955c72a67f1e2c6,382
1371,WildChat,fda22430d71b658c1e22c4a350634c4a13b1c5b699ca57a8b955c72a67f1e2c6,382
1372,WildChat,5003c0610bac7c393c8e2612fdf7756820ae980692ab26e1ac01f1b6a09c9310,670
1373,WildChat,fda22430d71b658c1e22c4a350634c4a13b1c5b699ca57a8b955c72a67f1e2c6,382
1374,WildChat,d3b8d4e4961826b386d5bf3785d43e8c8ce526769098ed5f33a61ec0848777ad,548
1375,WildChat,c5f4e4dfa471213982bd05f0c96a4c2883e0f74f3688bfdf3403be6f90b33de8,379
1376,WildChat,d3b8d4e4961826b386d5bf3785d43e8c8ce526769098ed5f33a61ec0848777ad,548
1377,WildChat,970cba9c0bee415d2f044882bfca3454e15c1539fddefaead34e8cad0e030784,316
1378,WildChat,8dd8fa353e5022f11a5cdbc553ace928f6a79096f1d711a46eee1e991da0f72c,393
1379,WildChat,4cec584b9d454a320319d3f7b5431fcc6ecdd6459635ea5de1754e6a53e26f67,408
1380,WildChat,549a39792e0e35dff2e2f6cd8dd7aac44a00a6383230c94071bca6e0d576f2ba,331
1381,WildChat,4cec584b9d454a320319d3f7b5431fcc6ecdd6459635ea5de1754e6a53e26f67,408
1382,WildChat,c50fb3eb55fca052b6ac8f9dc3988bac9c9e3b5f7c823c7ad3edfe139cddc184,393
1383,WildChat,0d138a3b0dd060b73a2d1435f8bd7ac724e442ca87e8d48e53dd474ffba684dc,996
1384,WildChat,c50fb3eb55fca052b6ac8f9dc3988bac9c9e3b5f7c823c7ad3edfe139cddc184,393
1385,WildChat,749b9e0d1f6b3b8f0404962dfa1efb5f3afe60b52dbbd6c653b14b64f136ed31,28
1386,WildChat,bf96f19fdfc93cc2f6ff8fa7669ab0028d0af9bb2f1445e71f321fd57ed775bf,383
1387,WildChat,bf96f19fdfc93cc2f6ff8fa7669ab0028d0af9bb2f1445e71f321fd57ed775bf,383
1388,WildChat,f8f571326a1d9a8518c01ba76678d7bc16e06e3b09bd0380c28aa54a7a0cc231,40
1389,WildChat,f78f3aeadcc9ed6d8e984f1e44e701a76b514dbccd6312c7b9cfb042d5a66a5f,57
1390,WildChat,a8c1f6e709434a671984515887a55001128a8ce48dda10146fc5df4e9ddd4b1d,30
1391,WildChat,2668b469e5e17e574e0fd38a667eb38c367fb08b25eea7165c68866791ec0b15,51
1392,WildChat,e9ce790cec228b115a7a80963185a7e875e7d4991595f7053fdb80bd9aab5414,28
1393,WildChat,df2ab7d3ebd0015a1bd9686dece8e3034bfcfddc06e5572159c9982c07c55da9,149
1394,WildChat,b9bf582d6d23b23df71dc9467b215b3e8c3bd6d4d0a7803ff43f7fe4ec7f76c7,327
1395,WildChat,4efa2d2eda12dbed60c66da73271b240d0b236ee29af4b9d58312d63effe8541,37
1396,WildChat,aaf1368fc5d7a1ca8f9768b0449cd5b2db04e3e8bb6f15a662d06b434b54d6f0,115
1397,WildChat,3471cabd78a6fa21d2b5fe08d38cf6bf7fc99efb7a382cc3c999385ac23773c1,25
1398,WildChat,15a41bd2632fbf9974363c2427f0e0c00158c6847100a9974b572dc0f873c8bf,41
1399,WildChat,5003c0610bac7c393c8e2612fdf7756820ae980692ab26e1ac01f1b6a09c9310,670
1400,WildChat,62c1cee3861f880dcb4f845cdb786c592bec0a810a2bae1cb10e916c859bb8bf,285
1401,WildChat,01dacd032fc0874b6e9a182c2d99669ca9ce939397274ac90100520de395f6aa,385
1402,WildChat,1e314c0de76f17a8b908115a018e1964c0e0d0e45e00b9304736d53a91d78562,444
1403,WildChat,cccf91e204346e7b312816bbd2f04b0628a9c8e37e135e2b846829ef0873f122,610
1404,WildChat,95f879d3cf6d7f0e3db9f1f491fd5c113a46e5112d128425627e201451296f7c,134
1405,WildChat,ed23f6333b64d72494721ba09698fcf9ae04485873d8c315733b47ffefd7afd5,112
1406,WildChat,84e3c68726087759fae5b2f573615fafa6d007d4d08eea5394f331f607242fab,240
1407,WildChat,004d43a354d26e92df587d724b6cd0d3e63773051c51a68fb37c4b643699e2bd,72
1408,WildChat,445718a2b2705e41ef3b17b8b4b25cc8011098133e8c74f7033886ad2e4f4fd7,80
1409,WildChat,47818fa05adff5868db44a2aaf940f0922ec7ab5bec059119b11e952cc314cfa,36
1410,WildChat,198937b9d7da606dca8f82796be55a1aafe8e60f03e66fca9b12ce1fb995a4e5,37
1411,WildChat,5892dbf4e58d87795b911a0b35d4ff8763c4ef69cf91f71e4224106aebb9f1b7,249
1412,WildChat,a29dd750b3374a631eebc6814e713145f592adfddac8c5f089ae60037d553aef,50
1413,WildChat,85e702ebb1281d158c330626b0e25a6176db8a4948cdf4c14c7bda39cfeb1f56,208
1414,WildChat,12603962784a44703f6fb3208cb41e21232ce915205dd0bc7b377c59db5e6e7a,212
1415,WildChat,c7ed5d1c9c5dde9b319b1b17b7e0b0a0c4e5bb149d825192edda94aac6b11f69,77
1416,WildChat,a4630097efe001487458687d1f9be93d5033fddf50a9566259fe89f421f20b76,91
1417,WildChat,c7ed5d1c9c5dde9b319b1b17b7e0b0a0c4e5bb149d825192edda94aac6b11f69,77
1418,WildChat,c7ed5d1c9c5dde9b319b1b17b7e0b0a0c4e5bb149d825192edda94aac6b11f69,77
1419,WildChat,1d0d74b45022876ff89daeb1378492d0eb01a5e864deb2968ee6377828e50e21,77
1420,WildChat,a1e7659952475fdaca79fbc7305fea23537fc0cc482be9e29aa80ef97d4a730d,362
1421,WildChat,9e3f66c659b794b37f1b1e9ab858f4278e4484a939a6361fc717a55425699fc5,77
1422,WildChat,ec1a22c1bd20ffb42ac9261cc2614b407708abe38e44e236251a00f3fb0ae6c6,670
1423,WildChat,0a5b0d2ef08f5b24912d976cc0ac4b2f818357386f0d27ce428ac891bca72392,78
1424,WildChat,b68342855451850a86e949486318aeeb15d1243e1bfff22cff1443fc6d6a1e4b,708
1425,WildChat,b68342855451850a86e949486318aeeb15d1243e1bfff22cff1443fc6d6a1e4b,708
1426,WildChat,59d55d3a5d447c588fc7bc8f61edeb4eb1ed4626136cc79174002fad538b94b1,733
1427,WildChat,59d55d3a5d447c588fc7bc8f61edeb4eb1ed4626136cc79174002fad538b94b1,733
1428,WildChat,b24724a1ac2b6dd0c05418601b8ff658ff5efae1efd2dd88d9681fe5c2ea82ac,33
1429,WildChat,c5c42d1836c51ab6a83bbd85876b5c4846a7bd4da7018603d68606edb50ea4db,692
1430,WildChat,64417a5fffd802ec5cdf3a49875fdda97b91b0a5b83b696df2f07a89ca82da7c,79
1431,WildChat,e00abd6954178044f120f00ca1fd4074ee2652bfc03df6d2e9d91ac0284cf1c6,180
1432,WildChat,9f6658fc80951c65b64e0eeb1c034c958870ee3550110ee86aa89ca04ef94bd5,44
1433,WildChat,cb0528fdcf7fa072cb89431224ddee3aa44eecc0f7797f0fce67d1eaa3c8c640,733
1434,WildChat,15c177d75c5701461187a17a0ae7a08e0c96265eed76c077659bcca22c68aee8,145
1435,WildChat,dc41e4642eb19ece50940fbd42848c44330a1e72e732bbe5e87f593737514b3b,733
1436,WildChat,71c7586dd3ce52ba32e12e44b4a6f01c7c4892bbf6cc5a3361bef00c3978668d,58
1437,WildChat,549a39792e0e35dff2e2f6cd8dd7aac44a00a6383230c94071bca6e0d576f2ba,331
1438,WildChat,dc41e4642eb19ece50940fbd42848c44330a1e72e732bbe5e87f593737514b3b,733
1439,WildChat,910421b2a97ffca441cfaae9be657556e10ea332792a576364bcb20b984eb604,137
1440,WildChat,64a753c00eef72dc61bda1b1f5baab16d462bcd3727bf2d3d16358a41d8fb5fd,353
1441,WildChat,b35ef939111f4af9edcc511a8968ea2a31115085f85fcebce3a92090db69a011,83
1442,WildChat,e5949535b64f6b9f04518e75016a05b73e52e2d92960280b4bff6901e8eebeea,602
1443,WildChat,d4b5abdcd2d22c142c1abebd5894b3c8ceca93dd4a2cc4a4cb5d001b5fbe0d9f,625
1444,WildChat,c7ed5d1c9c5dde9b319b1b17b7e0b0a0c4e5bb149d825192edda94aac6b11f69,77
1445,WildChat,6d9001e59847bb55eff14c3617bf3b0b5fa683ce0839ee76d9d8c3af9ae481d7,189
1446,WildChat,c7ed5d1c9c5dde9b319b1b17b7e0b0a0c4e5bb149d825192edda94aac6b11f69,77
1447,WildChat,b22477d8dfd570b85a4dba848e962e4db19a79db7cc149bb8fe72349601b84d8,704
1448,WildChat,ff62480384d72cb5a3d77396166bd4fd90704820f02d0a2c9332f31499d4418d,61
1449,WildChat,ddae63ba62ab6de42755305048a3bd93f60dd2017bffe458cbbfb3e172554220,23
1450,WildChat,c7ed5d1c9c5dde9b319b1b17b7e0b0a0c4e5bb149d825192edda94aac6b11f69,77
1451,WildChat,33f82a20a92863e45904feffa28844df8e43d8af6ee4f43888d5083c5730c32e,27
1452,WildChat,619febc6692328c1d97b9a2b2b95dd6f7ba8fdd5af77c0aa8ba48ecb690c7c31,591
1453,WildChat,c7ed5d1c9c5dde9b319b1b17b7e0b0a0c4e5bb149d825192edda94aac6b11f69,77
1454,WildChat,a35b171b7fe2866f0de3f0b5686e06f8bea34806443cbfd63a30015f56a19ec9,50
1455,WildChat,f528f7daa9c3c18804f61a5d858044faaa4427215240ef4aa16228c28709f651,143
1456,WildChat,ff87e3dd97feb320c18cb5526b1054b858dda7b0185ceec188a24a68a4e0ff90,21
1457,WildChat,1c02480f9c471531c1f94e4ba59ea945f5deaf41d4489b4234ba17cdeffc29f3,50
1458,WildChat,4ce1e47e6226e090ed7c73a8a4e6b201fe456e1c7094fcdd383f4b37011afbce,23
1459,WildChat,ff87e3dd97feb320c18cb5526b1054b858dda7b0185ceec188a24a68a4e0ff90,21
1460,WildChat,26f96cea2b51fd0fbd42346b97676a5af990101dbb7c152449593ca812ff3e50,117
1461,WildChat,c7ed5d1c9c5dde9b319b1b17b7e0b0a0c4e5bb149d825192edda94aac6b11f69,77
1462,WildChat,5f869864055482b12c4c1df3712926ce4a551ea8f0c31142ebb30e6bd57f2520,303
1463,WildChat,9fd12cda1f6c6c975846c5d7817bd3a7370be678c1f4808f8a4647ef4189b788,579
1464,WildChat,0ee8cf4fcdae50bf5e70dd5a2e50a5277296fa63621b3a4dffc05559f30bc19d,76
1465,WildChat,c7ed5d1c9c5dde9b319b1b17b7e0b0a0c4e5bb149d825192edda94aac6b11f69,77
1466,WildChat,6f058216b42a3b62721b69ad98f4220a2ef4e154e5fe1d23a9243aaa2ebb31a4,97
1467,WildChat,5c000716a4ad9a9e42393ad7e0ebf4eecc66ee90777b3490cd760d3c37e97a42,60
1468,WildChat,120bb05b3af84659239d3499445578d2305c1916a9ce2d59df85cfa85292c1dd,103
1469,WildChat,3114056824da5cd30ff219f3b4834457bdbfe8962585df5aaa3c77a2c259f632,141
1470,WildChat,c17c5181cd6b524c15a2a66cd6915a4cb77dca95169375a969d2e58aa7105956,340
1471,WildChat,0b0417483ed29aadb01d634095da6d4b73ea9ca3718904cb5e28e4ce633682f0,618
1472,WildChat,0b0417483ed29aadb01d634095da6d4b73ea9ca3718904cb5e28e4ce633682f0,618
1473,WildChat,7e23a698ed8299974c43917ad84bce44d0b0302058ae9bc70f0b2cbbd3a2985f,704
1474,WildChat,299fbdcac8957d4b518d6cec83da7c1121967fb75362a35e3c69325128b98e20,610
1475,WildChat,cfb06b46580b8068d54565d1e90119116b87c417379cd03bc64377e1399bb67f,193
1476,WildChat,610c90311ae32b00fd8df38cff350e55245591242b6b01de5d709bc2e79ffd6c,313
1477,WildChat,fe3533f777924da2f70999ea87f0139981d2cec7730deced6dfc8f57e5628a78,147
1478,WildChat,d5086bfc98c0e0bbe2194eacda1f3115a2556494058e5554c6dc04977ddabc01,56
1479,WildChat,2c5db69690d2039905e6697ab7342384530426566c520efc1a93ac33fac3c97a,40
1480,WildChat,b22865f307adc833ca27b3b31afc516e2f25406adf87ae66ca17e9aff1486e36,412
1481,WildChat,6bac0206585f2b72699ff88a3679c3a157c08265f195408c4e3c2460ddb1e50c,41
1482,WildChat,052eaad62f82f3fc4d16353725168a7d610a71e848d0830b65a780ca9d2fb815,42
1483,WildChat,74da7540cbc85ed9a6a9901f195e607f9e4fd34be8914f026bbc82e2a464dedc,36
1484,WildChat,07c8ed95b9e977e7f67f138af66ea8d69e4fd8831d883863d26cd0155b2b23f6,944
1485,WildChat,789eb93412d9f3672d9da541e2c488753792eae9c8fe339170deaf97ac926c94,43
1486,WildChat,b22865f307adc833ca27b3b31afc516e2f25406adf87ae66ca17e9aff1486e36,412
1487,WildChat,86fb1851e9b635294fa51d1e01a9b62e2e4dfa1c1d61bab00d6f6d26a8a8cafa,272
1488,WildChat,3a03f9840d7667a487446d7edcd0a1961e4a437de8c8933970836a37b9b9779f,357
1489,WildChat,7ccaede5adfb7c024adb1d46b9f1c48a0df12a9a43a1b1c6c177b901c242a575,39
1490,WildChat,568ecafc03976f7799f2f017a376be1bba9562872524f18769aa863fd54adf5c,148
1491,WildChat,7e0400856c80d5e3b31a03d8a973ccd71dbb035952009dfc056cf2f648661d4a,26
1492,WildChat,8e719a535c401cf103b2672a664a8cf4278633c4996ef6f4c603ae08080c28a9,82
1493,WildChat,c4ac66139480f459441124e5c4c66f3adeb0e4f2e1fee7bc1e874b17a818555c,40
1494,WildChat,0d62885b046a676fb5b921cf52cf83f8c5967897ec2c8fd3faf7837139575f25,260
1495,WildChat,a1c5de4d8711868d98afd9e4f0ece0ae3981f895302e1be275c306648b3fc4aa,48
1496,WildChat,fc435ca2c94577d62cacaf6b28cc1fa2c6fd92a919b0ceaf081a37581ac2f3ef,45
1497,WildChat,7ccaede5adfb7c024adb1d46b9f1c48a0df12a9a43a1b1c6c177b901c242a575,39
1498,WildChat,6979073227b83ee30dad4739c652a1a16215453714d92a3b530822b5bc622a02,172
1499,WildChat,592c35a96e4cd4a0cacbdf3cde36b8902ce9368f2d7a0619359a9b037a8a7c70,600
1500,WildChat,8a082d65e0d2b83a12a367a884f6f8a87f37311d2d4cf1ba17a10e4a954b5dc2,23
1501,WildChat,870c4f7bbf72be10651fb986c5dfd2a58cec41f5c6a4095cddf670b8bb985ccc,33
1502,WildChat,8839055c4a91b097d5e84f7c767f4fa4e7a16847f6a9a7b3a70190df2233fabc,599
1503,WildChat,c4d6866ae37d033be9abab7bb2087573ca5d61ea100476532bb352f3721d0023,51
1504,WildChat,a1974dec97457ec26ba154687abdd084665ce1fecd9d2b517d4243cd8f8f38da,51
1505,WildChat,25159bd3046f12d7b7aaecf8ea5263095cc4e25da908a592af64cad512111893,507
1506,WildChat,9af96bf9729a9f914d26f491cc6cce928e4bbd1a57eff90cd0a139c622eb5b75,44
1507,WildChat,2166f57fd7b36b8567d3d4c380033afc5997a02941b880390ed9053c3aef65ec,42
1508,WildChat,87223b4f6c0d28fdf872bf3cfcc6ce0fe2ec005b4d6747606b8cb400b702534e,47
1509,WildChat,0ab89ef76ad0d7e6b0117be092ded1bea83f49fa65e144c07a0dd87f4eb5b970,49
1510,WildChat,870c4f7bbf72be10651fb986c5dfd2a58cec41f5c6a4095cddf670b8bb985ccc,33
1511,WildChat,42a588c9c06b6380334fb93d7e516480d006aa3fcbd29ac1fc839447ee951dd3,704
1512,WildChat,1aa50b818b145c366ecd9bf84a44a8d337685c7c22534cb1fc296a13cb75aab7,647
1513,WildChat,355784db3211f27072fbd1653c8eeb545aecb4c9ccd96934d0b9e439439d5bbb,185
1514,WildChat,36f155d3cc4de4601033d1d421aa26736b4d208734ce3876cae3567db624e7f1,189
1515,WildChat,36f155d3cc4de4601033d1d421aa26736b4d208734ce3876cae3567db624e7f1,189
1516,WildChat,557699b013abd0f00f3d8e71564c0e14df03acb08f2630d1468b75003c5ee485,252
1517,WildChat,ef4ba1f96413dc24149bb95de67eceda0fd791f351e5129f0d3b90e7a1f6ff5f,33
1518,WildChat,09928c52a5b2997f93ec4c544e61188930d9034220e53414d88575d1035de068,255
1519,WildChat,09928c52a5b2997f93ec4c544e61188930d9034220e53414d88575d1035de068,255
1520,WildChat,a02170a3f3f1f7f8d22482bc969160b7841e344a72aaf822197ca11a0b6b092b,261
1521,WildChat,e00611444cd7008f82d385b3a0a3bddf140de47d2ef2349cbf75aeb2dd219cc1,43
1522,WildChat,420b2348ae01c0b46ca909e2c3f3771a65e9e42c3c89ecaf225aeff6d08cf939,44
1523,WildChat,2ed73ed2e9320ddabd25f9ec6fa7489d709b5f3d6229c7270c725b4b66160a30,46
1524,WildChat,5f1ea0e5c033efe914bb4d31b4580c65acab850a64c1c4d0d8dfdd5448dcbbf0,47
1525,WildChat,8f54453609a892c828a6656a6532656d90f20a88866dd193dc229b609d80bd24,25
1526,WildChat,e47d76f2b74f81c254abacdff8d335a78eb39f222ef268fbcfdb186a2686af69,77
1527,WildChat,2e61f19f1c72a2bf349327c11a2da52634c56807b453467c49c4983ce2a539b6,239
1528,WildChat,d578eebf47e5ff95601a2d35b47f4680f3f28fb6d06ec546c417e110846a8f60,627
1529,WildChat,3da9737a30caa688f54cecc361811f670e11734f9515dd5c6e00b6555fc52e93,45
1530,WildChat,d578eebf47e5ff95601a2d35b47f4680f3f28fb6d06ec546c417e110846a8f60,627
1531,WildChat,024a2bb5776d4e82d7aaf72effe8f70a6c2035f38cbb4f5a141c5bab1345e74f,626
1532,WildChat,dfe92c603fd9dd3d934a0861b1dbdd02c256d24a3f3d73c4dfe0df81f5a5a790,47
1533,WildChat,cf35a5ed54424771030ec89dcaf6aa4f6a5a4343ab3f82d815b63529adbde1d4,46
1534,WildChat,dd9e0e64cdcf1193490574101e9fc311d1582d05ee33114fa7980214325fe134,731
1535,WildChat,b3cdde04f6bae6961ddbd8a4d4250f02dd1f7495bb1dccc3c7f1853d2ad4a3ce,46
1536,WildChat,024a2bb5776d4e82d7aaf72effe8f70a6c2035f38cbb4f5a141c5bab1345e74f,626
1537,WildChat,305fb37b1499c47ef0b44acee8fc99907d7a9ee15dc2757131e20068621ad8f5,624
1538,WildChat,871afb3b36112d29365d9516991df61951cf7d3a43268d43ebfe4765863ba2e2,546
1539,WildChat,ae56aae9b6a275d6621104923e7ddbc741e0dd3de473e49c45798fc84c1da586,21
1540,WildChat,49e83d3a0bca1acee1dfa9515fb3c1d5122e18a0b4040c95c96062e9b3c5c1ba,615
1541,WildChat,cc17162a75dbfcedde41cda4de87826909868c894cf818f1da2c28548b18e07d,618
1542,WildChat,525e8538b76bc53ca0e0ef84b15fdd86077583fa51ff37b82a82c5f283a1c076,617
1543,WildChat,b2e89b99489700fd3b1dc26f2abf5c17b52c0404179403ae54bb405261df68e7,535
1544,WildChat,5d4b98b2cc9d71eec312ca7dd1f0ced8ee54468f508379d463bdb48fa4128271,32
1545,WildChat,69b770e4babe187e6dd7ddd6cb2a8023a2e30c0f31fe94a4c9f0c7c013b637ac,308
1546,WildChat,714504e70b525d4656788b9e566162efc539fcbd48fa625a8a95f479a81d7491,147
1547,WildChat,e975a597896b73a4ad678d307f6bb18d05290bca446849a0df8d86a881dc9d8f,48
1548,WildChat,bcae2d9812c3a5cde489186d2dfbf8d4d09c7b65c94064c9b36b27ab547d2f9b,47
1549,WildChat,5380ac04c0a2e1d15dd9f995092e768ce7c0b209a14fc48eeee0b921f2673c0c,635
1550,WildChat,1a2cc7e0db4254b53c5134d0a1ea30b5553f3061678a063f0a1040184a4a8574,45
1551,WildChat,a5b30a516552437456fb1b85e4b5507dce51322e6547b62db82d4231f6202cec,152
1552,WildChat,364ac7d118462e5ca0c5f1f854ce74b56860b617bacf33208770857327fde0a2,157
1553,WildChat,af5bfb42a70922b214d50100dae80ad1b380cef27dd5ce31d83aacabbf5ebc67,380
1554,WildChat,7bcdb992de67179e07e86ff5e806423906c3456e6a71e6e67f20d0068e05af52,47
1555,WildChat,af5bfb42a70922b214d50100dae80ad1b380cef27dd5ce31d83aacabbf5ebc67,380
1556,WildChat,154762b9c9f9d57c245055368ff4f2a5a5eff47aa2d16f39fe543a4b22c0c9e6,189
1557,WildChat,1a2cc7e0db4254b53c5134d0a1ea30b5553f3061678a063f0a1040184a4a8574,45
1558,WildChat,c3353b6efea2295be7f059c5e08f8528ab98dace0d3edcacdf10cb7607a147e1,44
1559,WildChat,aad75e263073f9a325e30a44194c0ff82d025b709f10516d53d1e56864aaab17,47
1560,WildChat,40f0ae09a02ed59ddb8308a83099123b8db5cdca4130d4c80a40473820056ea2,763
1561,WildChat,ecc3b8b943abdc7194a67c48fe619b3bf4d5fcf2b5de695b4ff7e28a804c832c,47
1562,WildChat,19f623e640ec4fa68ae7558971b405798c51cb7398cf49849cd604b2e67d1d61,48
1563,WildChat,6395347656fed342ffd387e71a72b0e0153a70ed2693a2370165c28eba1840df,336
1564,WildChat,f931d5e3712da8fd951e9584d0de1f47c513c08121922852e421a51dccde97de,47
1565,WildChat,2607bc9d8ef808e9869aa0faae9d2e379516968a6fd563c7f3c77512c36d8b08,52
1566,WildChat,4ab33121e3dc939c23857f53d273644a3fd1d591bea30a7d30e5928324fb43c3,48
1567,WildChat,4ebee04017e08fbaf2bf41ef6098864f9946f04eb54d76b528e5401f4d2d539c,29
1568,WildChat,1c16b2e78bf36ede95f95b7b1f7e0805502c41cea684bc2889507c5a431e8d08,51
1569,WildChat,28303cb9e2b114cfb2a3428c39e32cf5bb5511fcf194e955a61dbf11aa64c8c2,704
1570,WildChat,f589b30c3c4ad1bb9d643a5c7a6cda2d0c4267ab0e5581f3dc98bb9f122a167c,26
1571,WildChat,1822f63b1f69c7b78c2f04e7c3a8c17e9bf16d1c7bb6055f3bd6f9624f96c29f,43
1572,WildChat,28303cb9e2b114cfb2a3428c39e32cf5bb5511fcf194e955a61dbf11aa64c8c2,704
1573,WildChat,28303cb9e2b114cfb2a3428c39e32cf5bb5511fcf194e955a61dbf11aa64c8c2,704
1574,WildChat,28303cb9e2b114cfb2a3428c39e32cf5bb5511fcf194e955a61dbf11aa64c8c2,704
1575,WildChat,28303cb9e2b114cfb2a3428c39e32cf5bb5511fcf194e955a61dbf11aa64c8c2,704
1576,WildChat,28303cb9e2b114cfb2a3428c39e32cf5bb5511fcf194e955a61dbf11aa64c8c2,704
1577,WildChat,28303cb9e2b114cfb2a3428c39e32cf5bb5511fcf194e955a61dbf11aa64c8c2,704
1578,WildChat,28303cb9e2b114cfb2a3428c39e32cf5bb5511fcf194e955a61dbf11aa64c8c2,704
1579,WildChat,4e32a2031b0b4689f285a471f9f1568381bba0f4e61430d032ecf286bf3c8dc9,41
1580,WildChat,9d414c95bdfa9770c04fc54e18166facf34662d0cb294526635b4ef6f3200f54,48
1581,WildChat,4e32a2031b0b4689f285a471f9f1568381bba0f4e61430d032ecf286bf3c8dc9,41
1582,WildChat,28303cb9e2b114cfb2a3428c39e32cf5bb5511fcf194e955a61dbf11aa64c8c2,704
1583,WildChat,28303cb9e2b114cfb2a3428c39e32cf5bb5511fcf194e955a61dbf11aa64c8c2,704
1584,WildChat,31a3d1ea77de1238b43c679faaa2f6d2b16b4feabcd1cb32921cdd385ac4dbbb,780
1585,WildChat,1670b0bb6339b4acb5449ae51ac9cc5574e49acee3179e2b7d63ae0cc399789e,935
1586,WildChat,d1272c54fc98fd3e6a04f414d26f859715b49b280d716fbc9bec6f7bc5f6524e,48
1587,WildChat,ce04187f532ea9a4c7903dd05846ef42883654b394af88d0422d5808e9f31794,50
1588,WildChat,04be4792ba5a6a9455946cae57dae853dc2cd3e9953e9198c327d7dcc8c09ebe,50
1589,WildChat,e6125dac201453b478a0cb046f07256ecdfd4249137da33ed35f4177f5b50cf8,51
1590,WildChat,12d3741281a202c963651ed239deb0856f52ffaff859356632c06e8c2b8a2f90,476
1591,WildChat,05dafae0cec87e475114e54d7d00285d081e9e71778a60da3e8f13a5ec0ef303,69
1592,WildChat,45d48d94fbd442563143f63fdd7125d6bacb8181179c4fc819cbd6d1e9cc4719,239
1593,WildChat,c94149da348ff70d4e05121d745d8b38664a13ce6093967d7c5420274fc164ab,84
1594,WildChat,175ca61f9d4f1ff36e95a09ec706a8f5c0d11fafb5070731a8fb3d09e49da2eb,54
1595,WildChat,03b855e291bac644e15bb36e78f551f959cd78495b832beaf3f71c1f47c8ccf2,51
1596,WildChat,1a9bd744655e023dd4a01fcdbe62db7592fb8023a6bc4bfc1eceac9ce107b1af,47
1597,WildChat,29964929d018da78c56490c16ff79262585abbe2b1b850a82fa34029b76b8642,935
1598,WildChat,407419883549d4890ed5ad95d0853e046efc573d554a4c1b45c730bb0a9ee1a3,187
1599,WildChat,7023874895bc445323fda275c122f213c8892f021fa26172a439b925a167e650,514
1600,WildChat,f1c52e76ea21c29df8662eacd915349dceea0bdc4e22277fcf2c0526aaa30db3,187
1601,WildChat,c2dc88acba6c4457d762ed94a0e3253ec22f22600481b7b396c4c14f828aae4a,110
1602,WildChat,3f52fe64e8b62a96eeed7eda0b90d56419961c35178c87c6cb20d5140cf3dc25,66
1603,WildChat,fd6c919508eeb6e5faa3c815b4ddc255190773f52a30b8f6fdc57777a5767bf9,47
1604,WildChat,cd9eb249fe66eaa0582f24e7c6ea4ca24ac1d91ee24b10538570f23f0a301132,365
1605,WildChat,f370a788063290d3bbf1840da2b1261d2957b1a7a7c764b5cf0ddd25fa9b407b,49
1606,WildChat,e938b6bba53288c026913c3b83bf46af96bee9f57df27bdde15b60745057db38,51
1607,WildChat,e938b6bba53288c026913c3b83bf46af96bee9f57df27bdde15b60745057db38,51
1608,WildChat,90c2d0ae20e59ccc0310e6619ffbf7a50bba7e596d5b199e0bb11d1e1087bcc9,47
1609,WildChat,61803df8f5a4d79f82ab518d4c5f681ba38f18786255461981421b29b7710765,51
1610,WildChat,23ece6bb7257b85496058edc66bb877ef99a1f7872d3a43b3fcf7bf4056896c5,52
1611,WildChat,e82ec75ba19ffde23e322ce66118d1b8d11b5c53a1e55f78df5b6ad31ce890a2,49
1612,WildChat,0e810852da8432643fde537a6f972e1f2088df824e9e90b4adb7f55bff9642b7,170
1613,WildChat,612c4ab072a996c332eb55c2158893c52519e03dc9c9230c1193ba88783d6c58,72
1614,WildChat,a2cc6cefe9bec903eec89845944a18cc26ba2dcb64372cdeea0f9c633c7906a8,916
1615,WildChat,76b46611b9d12afa631aab533965ccb5523b65728a38918190645da0e16dace8,387
1616,WildChat,76b46611b9d12afa631aab533965ccb5523b65728a38918190645da0e16dace8,387
1617,WildChat,b332d32a2d05c9872a5ce0d5c1952b7b656ac080f778ec1d606d2fbf22225649,383
1618,WildChat,b332d32a2d05c9872a5ce0d5c1952b7b656ac080f778ec1d606d2fbf22225649,383
1619,WildChat,b5048cfd12c0b5ccf146d7f474013eaa902e26aac2e321c75cfe554f6af357f3,448
1620,WildChat,d428475e5d1a52626c60b529aa5c7e4025f02cae4ed97f03c212ac502e9f1f03,315
1621,WildChat,b5048cfd12c0b5ccf146d7f474013eaa902e26aac2e321c75cfe554f6af357f3,448
1622,WildChat,c4edbcc903c6f566a5259589c04d0e22ab9f4968820702596938a630761c9211,449
1623,WildChat,8b0dbef4d227083643ccb838c9ab56be4447e1c3bec98c0aeaff7065ebe97147,448
1624,WildChat,b5df03bf1f64e942b320ec1d5e390de862417f05c9331dc6f588f414fb9b4847,457
1625,WildChat,8b0dbef4d227083643ccb838c9ab56be4447e1c3bec98c0aeaff7065ebe97147,448
1626,WildChat,577063407c40bbc9c93ffa9bd2dd26783ab6163fae936e6c517ca1ea38e4c9ea,639
1627,WildChat,867442d4dc5e28fc8f896253be70607a2cf6b457635618a2d436a76d49d2442e,32
1628,WildChat,c4d983f32659d2363d33fdd0a0c47ac3dcca0811a2eec419de081b05388af385,160
1629,WildChat,b5df03bf1f64e942b320ec1d5e390de862417f05c9331dc6f588f414fb9b4847,457
1630,WildChat,d1326c37fbd53d01151544cc2095a6bcdb9e6be3fcab778ed5fcd64124c4a3b8,451
1631,WildChat,d1326c37fbd53d01151544cc2095a6bcdb9e6be3fcab778ed5fcd64124c4a3b8,451
1632,WildChat,5b187ffdbf716922a80398198605dfafee9c8de8c9072ffc6992a0c294e1fd6c,452
1633,WildChat,a1013870701bdd3a0ae7b4d181760ed4e2643b7a3287d4dcafae83817a98a611,780
1634,WildChat,e0d8d9b71fb14865ea8f371484cfdb9296ddce3714a94a16d186b6b88f20d195,131
1635,WildChat,20b21d7ea83d0b3d1a3d26c85ed5c3844eeee32e1bc0552ad00042cc0a0a9852,32
1636,WildChat,2716462c0a81d5c540f80173fe50300130b23309ea82cbc3f259064b4cdcd473,532
1637,WildChat,eb2649b48100875a8f6a37adbb7d5e201338159bf9c4468f6b1b7d71d6a25284,777
1638,WildChat,6dec39a9141127c7484182a74158704d50dd6cf0e5c9222bb4ea2e39e5d5b930,408
1639,WildChat,fea6b6f531ccd8bbe91fc7524b5176624dc0085b2d9a3de41b67126b4cfc9229,342
1640,WildChat,f2773c7447978bd2da97f07642d39efcda06e8bb4f394e6f801e20832ab2d09f,135
1641,WildChat,139a7de504e8d4f7c50d72278275bf6499cc679836b9927385d2a280f17b371f,724
1642,WildChat,dc6d7aff21edd19a9070120a1540777db389fe4de07f656e63faf8012e6e3361,330
1643,WildChat,7905525b6d2aa614b343d6298e17a8f6d6ac52fab24d220c9af3c30e68982a6f,141
1644,WildChat,8fcfe2805927f026ed23d9fcd8e8f0d0d973e9f866a918ae820ea4102e38ef01,35
1645,WildChat,fea6b6f531ccd8bbe91fc7524b5176624dc0085b2d9a3de41b67126b4cfc9229,342
1646,WildChat,bc1b6130c85714c85f52196d937fb23799c77f6c976e19672565d73f065b6448,160
1647,WildChat,f0e7cb0dc4a471ed173ec416f87d96b12654889e6fa080ffb87f7aa69ba12ce1,159
1648,WildChat,631ca9330aca777315bc79accbaca5620f75369786ab178dafad90135dc06bb1,260
1649,WildChat,452e43a9e64c09f57f94f131f7e76980f9139bf7f9cb660ef24adfe0fc087030,24
1650,WildChat,364ac7d118462e5ca0c5f1f854ce74b56860b617bacf33208770857327fde0a2,157
1651,WildChat,631ca9330aca777315bc79accbaca5620f75369786ab178dafad90135dc06bb1,260
1652,WildChat,b190bae2210b036cf3752e632b76c47ba2cf17032b1ca9d12bdb9b225c58b3b7,37
1653,WildChat,3c990ffddce991544ecf3ebbbabfea1a05a6c3d0d2b779f0c8dfeeaed9758933,330
1654,WildChat,29d4dc73993ada8bd80220c86c177ce0fd019f291451847e202919b9c2ea3436,33
1655,WildChat,29d4dc73993ada8bd80220c86c177ce0fd019f291451847e202919b9c2ea3436,33
1656,WildChat,3b6755fa4310ffe6a6c93f209c6550cbc50b9b540dddddf5ad8c03286c60be21,960
1657,WildChat,0d92eaca19bb6387113c010a7cf7904652c53451ec6ed011203d94f9d3b7a988,958
1658,WildChat,085c2953a35c030c4957a09693f2101593b09905ff56fe53eb4a258d08805519,279
1659,WildChat,f0e7cb0dc4a471ed173ec416f87d96b12654889e6fa080ffb87f7aa69ba12ce1,159
1660,WildChat,fd8e625602e607c0c62a9715945e2f1a120701ce344bafc74e5df79de49f51fc,54
1661,WildChat,52fc3fd169128ee1bda8048d4cb08c7f6f1368c13c3228670b5111e0ad610b63,54
1662,WildChat,8096cc6222b4ecc5fff5d2a82c1917d14d7ec655ac315279ee85a3c8c52e11fa,186
1663,WildChat,8fcfe2805927f026ed23d9fcd8e8f0d0d973e9f866a918ae820ea4102e38ef01,35
1664,WildChat,10200c5e3353079a6af57bd277c98c382eebf2cff2f1c9d2f918842b35c4399c,181
1665,WildChat,9cf161422b74d71ac5ed998a738cef253b91b1cf89a997250cd24daf39b492ab,482
1666,WildChat,1901a85e68c4b46896b6aa7ab67a7bb070fe9ba246aea4e778d7bc32c5d578f4,140
1667,WildChat,95b639a05fa01d80a154a2f70f2304ccd53196ed6be826bfcd8b8cac090d31e3,26
1668,WildChat,1901a85e68c4b46896b6aa7ab67a7bb070fe9ba246aea4e778d7bc32c5d578f4,140
1669,WildChat,63bd9f25d9ef5f9997114b4a5d74c70ce35976c4e1dddb9110ffcebbd84287bc,276
1670,WildChat,92bfa1dc04ecb46c6af021f12309a042d26ae6a4005e1306de32b38d81324e36,772
1671,WildChat,16c73ed13f568e616ada1f804bf4b125b65f2c48d8c5edd992229b8a3aaff6fa,86
1672,WildChat,767196bdd7132573fa0423d6500c824676de6bad26e74903012deb9473ec5f03,28
1673,WildChat,eb6ba1fbc192f98c02ae7a4267217c166f93a396cfc491caab5644baab67616a,772
1674,WildChat,ebb02e4774a1a39a974ac49fa21639758016c9a7e2313710f029dacbd1dc569a,135
1675,WildChat,b89b1c4ab56a02b2957696d52b9259394a02f37c7df8f364702aeb848e19ade1,221
1676,WildChat,8c1dc3e8ca2d8c70a226c97ece4426703af57804bc74c4c087c670dc6c25fe2d,226
1677,WildChat,676c03541adf8d824ceef059f735e9f40cd03453eb1eda0d67545727c352f004,735
1678,WildChat,748169b33baeae0cdf76358ced2422dbde29ea377c73cf86e8fa3a7f14565ca5,737
1679,WildChat,552a65cfb753898cb565006249eb42bdc16903a13eb8c702f4a78bf5613d4d72,359
1680,WildChat,552a65cfb753898cb565006249eb42bdc16903a13eb8c702f4a78bf5613d4d72,359
1681,WildChat,d6036ac6827eed997988588907595c930f95ba81eeef46ead2aba28d9bc699ab,464
1682,WildChat,f249088c133e2379d584a3aee78332b9a987f8715608047c03af9628e0b98301,24
1683,WildChat,d6036ac6827eed997988588907595c930f95ba81eeef46ead2aba28d9bc699ab,464
1684,WildChat,409f84690527370e288d1a5f17f67fef07d41b8d722aeb30ba63b320171282ac,77
1685,WildChat,cedb51e15525578641f765e355678839ccd077424403128ecb1ad2de06c0891c,158
1686,WildChat,c4a79a58805eee692539883f6bce8ac4985589e28b4399eb4a35f239d36eb723,164
1687,WildChat,4a99194f07a9daa1430693f7f9c61b965ceeb893cd89afdbaf63188acd7b20ff,388
1688,WildChat,41fadaea59c81a227691d4d0f3678c5dfd3d03e6e8da0e2775e787b5f2db5a85,355
1689,WildChat,7566852d1cbc593e0c5bb5499853c675deaf1bc454ccd802fd05cf5db98b62af,384
1690,WildChat,41fadaea59c81a227691d4d0f3678c5dfd3d03e6e8da0e2775e787b5f2db5a85,355
1691,WildChat,4f367c3425af2f7f174567c3ddcb60bd1daa9285c3d2abcb19f825a8173496bf,350
1692,WildChat,4d4934e390a91f52043530bfa388b0781730b32a6ee84549fea4112cd9588a02,359
1693,WildChat,ad06a82fb330387a1b7990388be1e068130327cee5019427d14ec5971815eab1,805
1694,WildChat,8bb55d760ed614998b0c57e268037ccbcd2b631294968a0f3ad193f685959ffb,358
1695,WildChat,05a0f3cb3d62affadd780a37a0c49e398254718616a4b84b0eb58bae601b41fe,26
1696,WildChat,56f2d05c89a24e4470832678db88a470df54f8ee02c072335e9fd3bfb5d23d2d,119
1697,WildChat,df4c601353a7d353ad04d21d3c831be13146f50c1925a136a55833a46058974d,172
1698,WildChat,d07eae16a25ade4654a184b85af87e4611e74b393e773bb1475092d9537905d2,174
1699,WildChat,e1d97a608d6d017caef0d5dd70886808b2b40f69f83610b0afa8c85216bba007,175
1700,WildChat,7e23a698ed8299974c43917ad84bce44d0b0302058ae9bc70f0b2cbbd3a2985f,704
1701,WildChat,6c96cfbc1bd91328b1f7b5dbb64560fe74db13ae3734fe88a95061a4f01afc4c,997
1702,WildChat,8a74aca61df1570b1577df092d8df0c8ab05311354df761d47f5fbe6dcd8e049,792
1703,WildChat,0dd7918c2b9532c9c36d61eab3cc735f9b9eb55633c9160234a61480cb4bfb46,172
1704,WildChat,f3b5b66b9b2061d81f49cc88c10cb30ff7cd099b8e3dbfb6d3b106483f0c175a,865
1705,WildChat,0dd7918c2b9532c9c36d61eab3cc735f9b9eb55633c9160234a61480cb4bfb46,172
1706,WildChat,63dd115211f37f48a83396b91958a2cfbf27c7d4c3ec8d9c1c15a8e59781eb6e,513
1707,WildChat,509d5dc642159db32660eba452a52120d911fcf8bb139c58a265b705ccdbaefd,822
1708,WildChat,a5fc9115bf76b31fb61c9f76318c2d66d07a551097940484b0d95a648100e608,825
1709,WildChat,3f7e73f423d49cb1f5a14278ee284b62350239bdfe58c1a986c3a57646b51032,824
1710,WildChat,3cfbfc3e80c3adf1716ac1c6ca0fc2e8e0997d5d0fabae9b29fa88bb0d4474ba,821
1711,WildChat,63dd115211f37f48a83396b91958a2cfbf27c7d4c3ec8d9c1c15a8e59781eb6e,513
1712,WildChat,1bec1e1f02b4a488d84ba601041d2e5eed19204fee9aa7a3d40e511d14985941,201
1713,WildChat,7e23a698ed8299974c43917ad84bce44d0b0302058ae9bc70f0b2cbbd3a2985f,704
1714,WildChat,32035de85e76d22f440c00997613eaa6e2bdd8b26f0ef64eafd88c558934b150,513
1715,WildChat,976c04c0c10d738b0d1080d0f436bf0860b724df1faf184a406d372ee84899f3,217
1716,WildChat,2e42814801d8eff404299cd633a847a4ebb76dd946412e5e5dfa8ee8580e2198,139
1717,WildChat,fe984a5d22a481ed2bddf279d4dd3f21e5d4d01cf0f1d257af8c5a009c844ae4,217
1718,WildChat,7e23a698ed8299974c43917ad84bce44d0b0302058ae9bc70f0b2cbbd3a2985f,704
1719,WildChat,6c2dfff6bea84a6e3e2112d3ca718c61bdcc0d0dc34e3915e5553b4f1982eb27,124
1720,WildChat,be9afe66e90acf05990d8b33dc590669bd5e77c7d50b498cc813920ec5099cec,32
1721,WildChat,43ab40f91bbec982ae3817eb8b78d7d233b14ff81b46ee4a69f4aa20808da5cc,121
1722,WildChat,7e23a698ed8299974c43917ad84bce44d0b0302058ae9bc70f0b2cbbd3a2985f,704
1723,WildChat,799c6a13f9937bfe6e2858e321f9cad8bdc47019d5425771ff3c11c0a2b4e1a4,225
1724,WildChat,7f64e24b5f72fddaa96d85c9c99bc7f2e73309595255ceef196461f065a0600c,165
1725,WildChat,7f64e24b5f72fddaa96d85c9c99bc7f2e73309595255ceef196461f065a0600c,165
1726,WildChat,866b339a5921c23465a81039ef9ca552c15570f54eb068e280f0156108b1ac1b,207
1727,WildChat,90385dd16b3a77a6a18f0fdf1806f94ba6eba3d35a4efb69befca76f486365f8,95
1728,WildChat,29f0d44a1de1d4539355631e7ac39fdc74eda14d92ec222f0232370eea8bae4d,616
1729,WildChat,e1e3b30c1556c3097be800f33423f7ac0efa091ff216efcbf4f3b86e9fb09d34,22
1730,WildChat,694d6208d0e2b85daa863734f78b3f0bf36f7a3803f76b47040726bd117b500a,25
1731,WildChat,742e77b2f6990a963ffbbf980e5a1cc3079f0fca009915c87fb9ae6c47ff166b,25
1732,WildChat,e25833cba5d6992e7c5524a42b45f7a739621cd8d6a6947794ff6c0b5bab54a4,639
1733,WildChat,5d48ea3b9d1ce7d2b9678a9d1f54e1270117f66845e3e085f4f1b54f582e6eab,34
1734,WildChat,cecfa5992554292d0feab5ac74a3c6a928a92b19e794ec441bcc4c0e2afda08f,34
1735,WildChat,437497df5910a87fb9fa015d43b973e4c183cd9ed50f7edca32ce76e7580e803,24
1736,WildChat,600c9993ab3e9ad023713e668250a05d3fc88155e4ef07f17dcb21f410cc9990,33
1737,WildChat,6abe703247d13785a872518d3ff11b926af3e533378b5534ffd490824541ba0a,237
1738,WildChat,4bbcc89e794fe0cde5ba155ab4ae1fe19062ecec0187e93b2b14c30b0c78642d,813
1739,WildChat,d411c31baa2a8ec4f01eb91ee7066b7156de896e116a32d22e490d55503cd3a5,163
1740,WildChat,4bbcc89e794fe0cde5ba155ab4ae1fe19062ecec0187e93b2b14c30b0c78642d,813
1741,WildChat,5a74f407722d6cc84ddc9690d263327161841289acbfff02fc083fc18a1cec5d,121
1742,WildChat,bc04670f16ba7a3f9699e8921056a49a3730693a27521a4ada9167b0099f3176,516
1743,WildChat,8f802e03e4d261e6361c69ca615bbb556836a430cf5cf4f37717395995c85859,229
1744,WildChat,2f45c7e21c1361fe67d193761f145735f2de2e280c29f048584ee365f52b257e,142
1745,WildChat,0d829d9973539129ada4ae6527dc53a1ad50e408f9e8689c170d08a2277c133f,218
1746,WildChat,f773593885b53c3c0bbb535c70cb686abb9131928806d2e72e9d1634cb4761ed,459
1747,WildChat,3c61fa5e944d3b9b770ec7afa26414dfd3b989b3723a9b987e6f96b14ac92cb1,225
1748,WildChat,714fc41d6f5f68cdc00696756a7331a71158c67b9f5541dee24ca8aa0f7c3220,180
1749,WildChat,cecfa5992554292d0feab5ac74a3c6a928a92b19e794ec441bcc4c0e2afda08f,34
1750,WildChat,997a88008e2c82824201fd4696d909f6f7314173b6c111edddca1d9aa1478943,206
1751,WildChat,d034568e19b5460c20a79c7297c889db480368960724524424026b26b61655ac,588
1752,WildChat,ebde420025bb6efe4e3b96eb210560da94538d7c7ef7815ca4af5de10f14accc,219
1753,WildChat,8856436f52770f0fdf1f73259b488611dfcaed0f27fbb75270c7ae56a156044e,79
1754,WildChat,3f20489897ae6728fc8d3bb8a3c0f81b121fda8d4bfca01d7fb75fd47dae58ce,227
1755,WildChat,21aaad95b44df1343dbb6b65b78879a4e7cb4a2ba850acac5c77be667e00fee4,454
1756,WildChat,be1aee26adde6dcad92f1eb6462716cc12b4a320bbb10b2f17fee5b4fe0db444,103
1757,WildChat,f2ef37c2e3ec36436e8ddb10f85fcf4ff03b1ec06b351655a5e97759fe94d510,752
1758,WildChat,3c0de7ca3802f3705d1bff628649b7664fac85c20773ecb7dfa38e46e26308cf,46
1759,WildChat,62a8b573c380acfc600d1248ea6d046e21f04de034da0314cc1f935c3f4b5426,221
1760,WildChat,a5130ecfcc4b8e12e31fb84d686d67455a0095fa40b6debff982656a13e4f194,22
1761,WildChat,bc36cca0a5a78ef611122f8612b50a79e70e2c98d3c5ae7ab6297ac2e440c998,652
1762,WildChat,87a59e66319ce1a7972f970cb12760af44ba2d88ad368eb34b52ab5b73fa9227,173
1763,WildChat,202426ffe03ab22985af57e846fc4b781bfa311878ca4f9b23da2203f5eb3070,216
1764,WildChat,6dfb9f9d0ab5e9a2027b11a08e82a9a691a0f3af0f2bfe14f3d81f78db9814a5,162
1765,WildChat,bc04670f16ba7a3f9699e8921056a49a3730693a27521a4ada9167b0099f3176,516
1766,WildChat,42980f0d5ad90009c064f6b1b349bd0477c134f8928082c47bb0893b65562ac6,35
1767,WildChat,6d43a6a129070d799537000b7ddea3c067662a0d6fcab0818854f54a95616215,516
1768,WildChat,67912e06ad0b36d6366c02593b16ddab0eb5856058f4939ebf0030c13aa4b298,834
1769,WildChat,9ae3c727e372ec8515c74682179baef60e5ab92485a93300de52f90bbc8ed6a1,516
1770,WildChat,2eb115fddd8c28f9df7bf22abde2bcb7557c15a7a7f789d075a836571342b5b8,947
1771,WildChat,94004195e3c8e157cfecf71d83ab2d61b71eab01ecc970949b13765f926c38b5,903
1772,WildChat,2247efe4b2e465411d051e2dacb4e8a14023956c849d54655040cf351457d0d5,82
1773,WildChat,1232709c4d0d6b50755318a8d7f04c285ea3c2899439c07396e30ac1b8f555a4,85
1774,WildChat,c3d01bb5edec839a1f2057fd5bb3b9c4e8348fdd6b44eba4d6e945eb73aeedc1,93
1775,WildChat,1232709c4d0d6b50755318a8d7f04c285ea3c2899439c07396e30ac1b8f555a4,85
1776,WildChat,ef84ad3652ba7e95c4f8bc331302a2cc594bd780148a4fd0f4e954afe45fc3b2,505
1777,WildChat,b0ad8ba9f38cb0aa512d27d55001a4d750ccc5fabea86f536abc11fe48dc7e40,732
1778,WildChat,f97dd407ba313d519840d67b77b887a7830b45defbd9cc00961f3bfe3fa507bd,212
1779,WildChat,b61412622c2417e8af694850381b7644721ee76c6d14ba0821587766c01339b2,216
1780,WildChat,08f672257db3d5367882b03ec1e775f5218729b05860cddcefff286880431c73,508
1781,WildChat,b61412622c2417e8af694850381b7644721ee76c6d14ba0821587766c01339b2,216
1782,WildChat,c3ac969e64747dcba12f8946ccb98d1d639e1b1a5a7f13f2dcf79de153c0fd15,442
1783,WildChat,56e9b5b47e71b81005b55eb13dbf4ac12d145420d92ce5cf18e2b014160ec028,502
1784,WildChat,c92478a20ba14b711897541a5ad29f65a3c25033449b8c3d491336db1a879a2b,304
1785,WildChat,c725d80c4661e809380e30be3257525f26ed70e760e89068d9b73633f29803c3,205
1786,WildChat,320978328e75ada16a695431e471871431fae89a6c63b889b58be18dfdfdad29,226
1787,WildChat,69f89c81d0c2fd349e99893c21ff0abc860d99af7f2c13bfb2b6649b2f634121,689
1788,WildChat,9f5bb1f489b53bbafc6a4253c71e74a889913df3505d5902f34db70a502e96f9,129
1789,WildChat,191d7c343c8bb886cc6d87db9999e46bd39c6c420d72f618b487390bda4fae18,617
1790,WildChat,ce75e73965d7b4db860c6795642a4ab10170293b878e8cedc6e4a8e7d53d936f,106
1791,WildChat,10ec7c66a54ab710cc46d1d5deadbb6f8d074bff70c0d6ba2a7244b10f0e7b2a,42
1792,WildChat,83284ca0d792595724bd6e63a7ee8690036b2954bc4ecaed5af84c2a146c533d,115
1793,WildChat,b09f157d10012a663b756c52cafb080fe09a2845fb929dbd07b8e48f26f3ced5,153
1794,WildChat,2fdfb895d9f10b0018d7727765a86812752950e58da9e45feb19368301156dee,262
1795,WildChat,f367505085093abf95c56a29e66e38b3dc6b7cd1bc73f504313d6eb374cb0890,519
1796,WildChat,d4c88b371705f5e63c4320b61595002d2df47d8e43ed0d41fe2e03439ecd5088,42
1797,WildChat,afb26d888410b960ff91edb7ab01ba208b30b57127ab34981f92288374933dee,112
1798,WildChat,23319cc248bca2d7121a5fda5ca9e05d820470e9b07843f93608c11df437e1a9,29
1799,WildChat,90a540b46e6fd96ca042a9a5622220ceff116579f46b738a76c8139263512dc4,165
1800,WildChat,5eeaa4714b7168339fd2fefb4dc672096c93c7087c2d493159c772cdac81996f,172
1801,WildChat,aaf48c9165bf9a23da138fb8281aa58f731f4dd8d5c8dacd589fb1963069ac2d,22
1802,WildChat,91489553a9c67bd40baa4211bd840ed5023bc469f5f22ef785de3274b47bc11b,78
1803,WildChat,06e8f2cbf9658f2a98b56b376093126e3d71c7b2146df8ec47598e1672432d0a,425
1804,WildChat,b57918032de0fb6edad56fd9c42db1dc0821a06434192fac0d139b14ca5eb55d,149
1805,WildChat,a48712a99c0b299b93372d96835ccb4d07dd5771fcd7a9a0724df5cfa1913a9d,44
1806,WildChat,d40cd5a009377f55e3b2db283ad8c5e32d3fe964d02b6119e92a3cedd562d2ba,372
1807,WildChat,c59a11adcae6fe4eaa60920249ee982d8ab8b63a31e0af0e15ec1ece3e8048af,539
1808,WildChat,2eb115fddd8c28f9df7bf22abde2bcb7557c15a7a7f789d075a836571342b5b8,947
1809,WildChat,d6418b057b2f312c7f5532c342ac69ffa764f4a3a64397f408e6b34b31ffc7dc,123
1810,WildChat,e1e8bfea9a4449f56bc40f90fbfdab7fa30d78a2a4065454ae5601ee79c2157b,393
1811,WildChat,64a8d5ae9b050c9253356bf2009835508b4cfa8a8f72c6b23cf0945664742c72,53
1812,WildChat,8e111a28699196cdcbb2a7941702171a59d4fc7d2600c5afb4b02154219d5a21,53
1813,WildChat,558735877238f4b5ac14c3a17eaf4a533a101962dffadda2f3251d5576762cee,62
1814,WildChat,2d96e106d2ad20d7e36e7330c470a0731015b880a46bc737f8f7da9fd2b2b99c,312
1815,WildChat,fa5e66339cfa67d89cc5dea5a3857529fe194b7bf96a249a0314976759087edc,428
1816,WildChat,5bc73d83de0d53615e4e4788cd01e00cf1b85c8d3de407cdbb178451f8e246ec,130
1817,WildChat,00ecdf406aa7b8f0f9244deb792d2037e67fd8cf952c9a94059b7042cf8a81a2,68
1818,WildChat,050ec0bd2f2bf171e451f526287f33cb40f9d202a9982e1eedfd257d3a836869,152
1819,WildChat,e56929dc375471e2fa36730fe9d0be22a32a0a9bffb83d57b3dcc50751b3849f,66
1820,WildChat,d7c11b057ee2902ac73818beabdccfd85728e33f88d33405a415112926ca7ec9,31
1821,WildChat,0fbe683de18f8c3bbe8761e370d3d96e84cfa7091a1ad38ef6c2c667ff45fb1f,58
1822,WildChat,b2a140e6f9f74c9eaf9f0a5d01670794fb0b51feea39fc6fc42db29f9b056eb6,534
1823,WildChat,116e759782249b2d63aacd6874259cdb4686b366c24064bd7997b0b7bba632a5,95
1824,WildChat,5eeaa4714b7168339fd2fefb4dc672096c93c7087c2d493159c772cdac81996f,172
1825,WildChat,22103ca0ec98a7c18b3839157fa868f74807213adc16e8a277d9b4852cc5d056,107
1826,WildChat,aa529eb3f603f8197a749ce61d9c52629e860e7ca6f712d3122039821d11467b,73
1827,WildChat,44b638f8a10839ada41b17b7d5ce1cad8cef076b72b4e37da5df6b67f0a61c68,67
1828,WildChat,47abca2e87459afb1b161263fec10616e7b4dc4d935e28b848b42721a2d992de,33
1829,WildChat,b3c80ce5f8f223849544c478b730aa74a5cd36002ab93051c53c1eaec8bc514c,184
1830,WildChat,7b8d6e66217b853a47e3eea11cb32fd9df9829406e289cd17a2067f3191ba514,32
1831,WildChat,6d89c8c4cf08c63d62b313ccac359d521414080b3daf8603e5e66cce27e1b6fb,798
1832,WildChat,1e05e44735e98a0b06223f5e61c5fca2f684401676949b792cfb67bea272d16a,509
1833,WildChat,23b0023c974018b7a02830eac004b7cfb9ac3c6a3a5e52f1cf9275e96f0682ec,24
1834,WildChat,e4b1e76131295e8d045b2d3161a861623e8874a04a5c2c2e88c783f8e437db7a,25
1835,WildChat,511ab82b7c55378b146b97dca60fbad8cc277261210145a6803f21456453f4f8,24
1836,WildChat,1e05e44735e98a0b06223f5e61c5fca2f684401676949b792cfb67bea272d16a,509
1837,WildChat,c73e955e4b1995733f6987136e360897376c9b5e2729e5bd8d43fbe94cb2f658,49
1838,WildChat,21f8ac1906a1e9d29734718bec4e24d4e82bfa49369e484286b09b533a7e306c,52
1839,WildChat,a005932096cbdebdfb284db435c31d925bdf18e722d9572c474f2afade956287,52
1840,WildChat,715ab56fc96f48065590173c853b8d387cd9c0d2b55f5934bc804a05d6ff1d9a,27
1841,WildChat,e1310cd2818716291be63afba30652e8f0eae0f1a7a1172c660a9b3d884a780d,25
1842,WildChat,4839c6cd8aa8468387df12a10da76c10347fbd604ad576537b0c30c8664e8de4,25
1843,WildChat,64d509785ac66cf8b44791c75b9c81d2d699aa6dad8f27d6e647dbff03d8db79,509
1844,WildChat,72754ecd3374d9133da2609c197ad62bec899c131d5c1a5160b5f7cb5746c0b6,56
1845,WildChat,94f4b58e0bad9099621516f681918477ae19a49281f0137f6e94575a0e6bc421,26
1846,WildChat,7b008c2be39923742e39f9f3decd22a0380275965148fc036f5fbd5c7d7ec3c9,25
1847,WildChat,34ca6ec5a8d7d4fa701eded8ceffceeda292820701d3bf1d69320abdb52b3ab8,25
1848,WildChat,8ef89b2e5b59fe234c8d8f905a6896239c5fc262899780343025fb4f843fa20e,25
1849,WildChat,53ff93c43d1c761b6618145a3189641be5eac86037a11843e17528182e0a3d54,26
1850,WildChat,4e9594063dac925a985054734590fd28c908d4b541abdf246d9e0d4325ad5389,26
1851,WildChat,efe74ec4ba48bc6f99d322f38c9a7e3f4e3cdb85756de15aeff0ba3f47822d23,182
1852,WildChat,50008498e08f82fa65afa43ae7b059af95b63a26459444a296d8da4e35eb54f9,47
1853,WildChat,fdf5a648af8519cc2725f2485315143eb3b2d202cf68c099d8a18ce88be0f86b,509
1854,WildChat,3048d0a290d4be5c20c4c37f765846a348ff322f9787fc5c7cb6edb24517e235,54
1855,WildChat,7abd44c6dd363a9a0be8a79dfcbb5f87375384e753467e33fc66ced23c5ba394,48
1856,WildChat,c73b64151c7f75745deb5ea37e215a6e9a8a1d4fa5eb280165bca0326aa29c15,52
1857,WildChat,79737be29f4a6d2f2c97c9a69be9a86f1e0ce52fb5903668946f5241bcc9f2ec,186
1858,WildChat,79737be29f4a6d2f2c97c9a69be9a86f1e0ce52fb5903668946f5241bcc9f2ec,186
1859,WildChat,fdf5a648af8519cc2725f2485315143eb3b2d202cf68c099d8a18ce88be0f86b,509
1860,WildChat,2d08c7a735b1b1ec78e9b991218237f20bb24f1abf74e56d8990f95516ff1532,84
1861,WildChat,e6c81da3b01b4300aa979cb2068ffd05b339a00a8a84d798ccccd9a4271d7425,54
1862,WildChat,89353ba6bdc587131f87b74eb0a77e33be32e6327cef1b7305c5985d000bfeda,56
1863,WildChat,b391f6030a29313019aab4a7ae16aa40293c00e5aed5ccd838c36ce54c1c9ca2,53
1864,WildChat,47212f99af3f8ec670e87f53fd79d575548b100ea75f60a34c29de455898fc22,50
1865,WildChat,18a84ff4e0a256e8b9920458f0a1d39014f4b8ec7b6134f40b18a9236405b672,46
1866,WildChat,1b27aec0837a05c80c2142115f3900ef9b961928449f06bb6f2a9f7253d1b73c,88
1867,WildChat,33b0ba573fd112a97b5681882a0dc4f4fb38e67f0d612494029abc94815106ce,45
1868,WildChat,0d50411ac0d1253dde8c615e0bc0c81b6e76e48e209bdc9bfbddd0c864e513ab,21
1869,WildChat,27eb9443f4170edf52b0fa2465f2b298ea5b77cb6ef0e99db642e91ef72b4f3e,44
1870,WildChat,afecf844989fa3412280ea6325b57e3aa05af352be5d9547c6c756289dc7ed89,49
1871,WildChat,d5dd1f2ca48a51e2aff89b8d9ec6c7661b7955387762d098d38ec7b7fd78c029,51
1872,WildChat,01cd41266c2bae00a26c450d6d203d8bf9053a6b8f4a8c6a822ed41c243d8c74,21
1873,WildChat,fdf5a648af8519cc2725f2485315143eb3b2d202cf68c099d8a18ce88be0f86b,509
1874,WildChat,c4e414831c25045fb312444f2795efac9fe24ab378872357eac105a0d023ba20,158
1875,WildChat,47f322c18dac1aa7c3318c72f1b234e12bf3959968f9ee8f21a6b78168041c51,27
1876,WildChat,0cce035aab64a454327698114578c4750d2f8c051308bd4016467254de50c520,21
1877,WildChat,226c92cf9e3e6fed8e1ae8c6afabfc5207d52f8ca081297fd39686e97bd6358f,128
1878,WildChat,47f322c18dac1aa7c3318c72f1b234e12bf3959968f9ee8f21a6b78168041c51,27
1879,WildChat,924b963a77700a02fe512b877ab2c15b43f19d1152b6744b6bd90c190a360909,26
1880,WildChat,e2c39ecced2951db554cdbdc85890fca65523cd7f54be2a2510286aa1e8e9324,998
1881,WildChat,e2c39ecced2951db554cdbdc85890fca65523cd7f54be2a2510286aa1e8e9324,998
1882,WildChat,bb3432d6f1798574b8072893199437af4b3220025d415001c5f86df90e038677,27
1883,WildChat,7bfdf81537459e4b214916a91ebd77763e2c1dca5e38e9273b5aa1242f0fee83,26
1884,WildChat,e81c00f48661a1e9224c789237a71687f16378dcc8aa0c501812fed1e42dc050,27
1885,WildChat,8f8d1e27ffee3d6b29ff34c9c71d0f645ab2c38aaf3e8dea43141ca1c648a131,511
1886,WildChat,8935795c0cb1bdf4209185401186aaea48c4a8141c0ca122b8f017b5d95b578c,565
1887,WildChat,dd284066f55c97e9b2326a0750baab1583506be2dcf62cce1877838ae02be2c8,214
1888,WildChat,9f221abba861ef156e65c705fa2c74dc204ca3db6a7af830b500ba97fd6889d1,107
1889,WildChat,191e3b1f0500c7a9a7c055122225399f4ccd68036041ef17b8c15c174a66b9fa,112
1890,WildChat,c6ae83ebcd485a4d83cccdf28151e43ffa1e26237f403e89fd8db84105365f73,565
1891,WildChat,112006a7fb8c2bc78c6b66b29988a08f882babf34fe19fbf567263f395db8331,103
1892,WildChat,b507e38b665f3a377775cefca9dd649216f0254b5ce4b8598e2d601650279b92,26
1893,WildChat,6137baee8fc5819e1b040ce18720cdd5320fd5032ff7436e3fd42ad10fefce29,32
1894,WildChat,2fed5bfd7e8741d20dd606d8cc88a29e79029bcd4f9f20c59c6e67d17f13628e,84
1895,WildChat,191e3b1f0500c7a9a7c055122225399f4ccd68036041ef17b8c15c174a66b9fa,112
1896,WildChat,f2edf11027930c07c04ddbe9bafa597baa0aca965aa05216f4dc3e0bb75ff732,32
1897,WildChat,516c6e610af99e309c4e07e76d1b02222d6c375b3fa9e2e149340c0c181c261d,92
1898,WildChat,558f9fc0a54cf8ff88f1c9b742e53cd236e8a93f5d2913be51f63de329c0bcec,33
1899,WildChat,aff21c38298025bd1fb1646e4cd27bfe3ac7d2a8b4631b5800d1fb697cfdc8e1,784
1900,WildChat,e45c553160634a0d42b45f0f41e9287fc2ac2845494b888a685baf53c7f13dc5,33
1901,WildChat,5eeaa4714b7168339fd2fefb4dc672096c93c7087c2d493159c772cdac81996f,172
1902,WildChat,d5dd1f2ca48a51e2aff89b8d9ec6c7661b7955387762d098d38ec7b7fd78c029,51
1903,WildChat,91a9efac6e319199b2d7b4ccc4c0e40592b10fcdf17c06f9d99f62458cc89757,45
1904,WildChat,9854ba2dd87f88156634565cb103e856a8d3869fb64bacda82a60b43f06af69c,33
1905,WildChat,37078c280c15164733ccac972da577541f5254dcb1d58f26f1472e2160ffd553,74
1906,WildChat,f79b06a74bf8623db5e0a262652a506ed7b4ffd0353a4d85a2660868274d0050,48
1907,WildChat,0a66d67c9f12754c65e7b09702bf6b52c96fdb682f2be0cffb887af513b24877,909
1908,WildChat,05583964237b8f144f3d52e2355449c1f64a142f284f53235954e3f3513718f2,32
1909,WildChat,89df1a82c76996a780e809afe807d5acbc9fc9c1b1c9b34a9fdf9ad278620427,35
1910,WildChat,4d7ddd9a9cfc7a2a7c493e96f7ea8c4154b7d878bf57e1765ac3efc2b8d5fb3c,570
1911,WildChat,276b0d9d53154a79cf62bc6ba382d1b0feb0565e37710a61a62b3c3c785740ff,49
1912,WildChat,44f2483f50dd852ade308e83a8948ffd63992df9e59ab4ffbefa5c381366453a,454
1913,WildChat,f79b06a74bf8623db5e0a262652a506ed7b4ffd0353a4d85a2660868274d0050,48
1914,WildChat,750e72bb9ea193d3e219d97b1cb1c48386c59923b7895d40f6554dcf102d030b,213
1915,WildChat,7d568ad6a2d5b6843d7680ea5e065a82305cdec4b6b4cfb5646c6a95f353fcfe,261
1916,WildChat,44f2483f50dd852ade308e83a8948ffd63992df9e59ab4ffbefa5c381366453a,454
1917,WildChat,c742a34148f349091040f54f816eee97b2a765b0b1035ae0b6c530b901638d9c,112
1918,WildChat,6e1ac9ea6f21af392cdf6314856adfa3f62123e35ac5906adbea1dcf81c063e8,605
1919,WildChat,c4ed0b820727ca174dc0ec29c4af14b7fb81f01e8540631136deb483d685ef4d,461
1920,WildChat,797e11350c1ef8ddf70dfcb6359283e9982b0ed43c5d81c61255afda906420b6,367
1921,WildChat,04a728ab1a64f17fa76dbe215b1d259dbc27fcaa6703f04173eb874fa661d1ae,74
1922,WildChat,680510271f9d0457aa385bfb9b5541c121081b9be915de2802d21f063915f5b5,50
1923,WildChat,c4ed0b820727ca174dc0ec29c4af14b7fb81f01e8540631136deb483d685ef4d,461
1924,WildChat,7c8d08b8319810a38cad389cdaabf9d7f1477361a6e02c48e88b61a8c04589a5,386
1925,WildChat,c2507eaa5fa8e7c4a0b1c87d74dc189fccaa7b3a05e51991aaf70773b83a589d,50
1926,WildChat,5eeaa4714b7168339fd2fefb4dc672096c93c7087c2d493159c772cdac81996f,172
1927,WildChat,e046e324f4d9f0af4573e3e96e4a9fa43ffaaf6f0597c26c83aabe4754d964aa,473
1928,WildChat,e22b8b9aad718cf4a386edb91712d1d7436bed53efaeb9def5d802d9833ad18a,126
1929,WildChat,0d5b30e8a873bf6197f17630e494b0383d0503592d56a69def91ac09187b5628,29
1930,WildChat,5994429da2c4de8f6fcf90d2569e1052a2709424549d97dc3abfb09e39effcef,49
1931,WildChat,eda39346965611d589bf59444bf6b59a1392e9200ceed502ccec26d112472a05,47
1932,WildChat,76e37bbe3ebc525473860b9108a755de2aaa40155b52c616866fc7867057bf5f,49
1933,WildChat,e046e324f4d9f0af4573e3e96e4a9fa43ffaaf6f0597c26c83aabe4754d964aa,473
1934,WildChat,19c84b0ea210323e5eb633a8f3ba7637376d34354d1a98b4751e98b2a026c6f6,48
1935,WildChat,48a81610c31a9fa770c7664f507409328a46f0778882e1c937854d5bb62a1f51,398
1936,WildChat,48a81610c31a9fa770c7664f507409328a46f0778882e1c937854d5bb62a1f51,398
1937,WildChat,670868b6e6cead5dee627fb115f89c0cb4fa2d3f3bb69792453492ea368e2b01,48
1938,WildChat,6e42d544aeddc3a1a58a52e374839c18b233d2cca8db3cbee6ecb9245cee3db2,74
1939,WildChat,b4d5e4ddd69d2a0e82b593a15c45390b677b9fcd9d9909d68f09c5ebe93f2ca1,49
1940,WildChat,a9eb7082853584fc184d66e1faaf4ec76594b22098bf1aa74eb07a7d79d3ceab,48
1941,WildChat,281bd764184c3e7dde57f0b7f3129c938b1db65ec69077463b6b8e1f3472e4b5,398
1942,WildChat,6cffacf267f2613d60865799c2f213b19d66ba54a2098c6c8b31778995980cf4,478
1943,WildChat,5f23fd571c77d06b6f07c589a7886ca1f4119738cc853088bad7752e1db6e726,496
1944,WildChat,281bd764184c3e7dde57f0b7f3129c938b1db65ec69077463b6b8e1f3472e4b5,398
1945,WildChat,11faeb616d6abf5548fdb348528d434476879c88b8683649d044889ba1b5e41e,449
1946,WildChat,ce6d43d75a8167875b0000ea235e64f777364f578c25c49292274a836407a31a,490
1947,WildChat,11faeb616d6abf5548fdb348528d434476879c88b8683649d044889ba1b5e41e,449
1948,WildChat,999cf28193352322644bba382744d6de9d1273ab9aeff52db66b3bc9f8807137,574
1949,WildChat,b9dbf06082e15cc8243f4bf374d063a49b63f0eb4edcbb3c7f960a93183a9443,754
1950,WildChat,999cf28193352322644bba382744d6de9d1273ab9aeff52db66b3bc9f8807137,574
1951,WildChat,aff21c38298025bd1fb1646e4cd27bfe3ac7d2a8b4631b5800d1fb697cfdc8e1,784
1952,WildChat,aa30795a966817a078d2b4e3ad0035f561c46b7218804bb136a5867bd61f1320,664
1953,WildChat,2323c02de679c77d8d5da3e041f847fd06374d99c4ade55545da6aa02ccde1f1,665
1954,WildChat,9107b6cfdeb976d1bded8d7e98ce55d57cafe9125fca6420527e9db4cbd97dbe,44
1955,WildChat,10480f14e897021d545ed0900186a52fe719c8b509a57a7d97f37b92d2f4550a,105
1956,WildChat,fa66927b29a72362a8b27369b827f5e786e2e6a27fae0b992258334f21184daa,516
1957,WildChat,8e4884e1255bc372143f675253e705e71de4c6f5a07bd490763b0c44388c927c,104
1958,WildChat,03e0d1847a43669514800cd39fdf4d267aeeb2223cb0d525e7036a2d0865e404,107
1959,WildChat,a8c3a9e8d968ee8eb826756439369e5bed3a92571f727954d964eeebf38b211e,469
1960,WildChat,8ecef4bce15a27960689d85b765682e5615723ef60a32533291044adb533ad34,851
1961,WildChat,4bc06036cbca0ea0cc24ab30ef797d10297425c2b02e910da2098caa9f96450a,23
1962,WildChat,0dd939ebce3811ca77a5a2215a531ac4791babe941fbb8c4775dc9cc55b874e0,424
1963,WildChat,3be9849bba0dd4d24adc142bccbca5a9a6d35af867a4a289ca792baab7f50f9c,968
1964,WildChat,c44116621c5785e957fb0d6690c48af6350ff486bfd11b6a512a7dcbb2cfbf67,670
1965,WildChat,28ee62600502c996af679c7e7b8aaa1586f3075e75ac8d550e1ccab313e839ab,173
1966,WildChat,7ec5cf00e717a82384690b72929b5673a7a0f6a1b3105bb6bf398e851dbd6f25,501
1967,WildChat,1b4f360f33cfb834dfe795a4ce5e09dc5425a897246d93f1ed6665fbab5e3149,658
1968,WildChat,7d5e64a38ce6521a50c93fbe5694125e7525fa54b8139600a306cdbd66802825,754
1969,WildChat,e0a4059ad58121e6c0138b7f59eb476178abf5dbbe9d46e18e1e3e3c8f3210c5,383
1970,WildChat,4aa1092aee52c571ae15586810ad1e69c1f2c9f8b59b85d0ac323c5ee5d53b08,442
1971,WildChat,60aec042d06f5bb975ef70716bd40eb9d22a5701515d3d27d733c80c7197dbba,377
1972,WildChat,ed30783b83dd4c8291c38ada12e5b3f75432ec2436727ab711b02f2d526427d6,969
1973,WildChat,9f487f19dbd68f861b098c1c6c990340470c532894d5bb07cdd5da155ff1ea70,150
1974,WildChat,a6e0b95158419cff0b9ce78b2cb083b0ed228111c61bf0ece13656f7ba1a37c3,33
1975,WildChat,a6e0b95158419cff0b9ce78b2cb083b0ed228111c61bf0ece13656f7ba1a37c3,33
1976,WildChat,dbe1fc2d6af6f0ead87487d04fcf86f93798fb38c169c48ee3cb9ff5e7e1716a,619
1977,WildChat,e8de1d751753bf70a3fae09437976e74fe46b93d37bca573465931cc40609328,147
1978,WildChat,2b9975a603e133dfd1b56e8c5f5fbf776408379acc061ba85af785f38281b2c8,393
1979,WildChat,2b9975a603e133dfd1b56e8c5f5fbf776408379acc061ba85af785f38281b2c8,393
1980,WildChat,e881f892de925e44dddca60f7ff919e3b52dec5592c01da90e334cb987b443f0,392
1981,WildChat,c1b74ee05ffa70205fec213f1d2bebe7aa9442fffab0cd37b5e25a13f4205638,531
1982,WildChat,283db48969f3f45d757f63fb0361b4adb27b130b7eeece9ee0b57d1ab6e55472,27
1983,WildChat,2fe72ec719af33565639fcdb491db071a5031e6cccc72b6805a8c7909fe7bfbc,671
1984,WildChat,3b853b0df2bfe01d3b1c22687393f4a0030fb6e19c7bb6b0c6c2da3eb14eabcc,417
1985,WildChat,11da604f19e06e1f3097b782cbe207c90577eb672b73cf76dad5c5ac4229aa80,774
1986,WildChat,1020cccb4f58f98df46accea253a3320770a2002b0f15b8e8b2816d22c7d11b9,774
1987,WildChat,23efef377092eccea59616c37b94f1b5037daea000c245317d3ff82e399b675d,121
1988,WildChat,7246672b0c4e3ca152c1b63214ae5b0d85979e00053f3d95d9ab17b947a3b228,773
1989,WildChat,91a4402e7904bf4ff7ac4f3c14e748a7a786cc74bb55fb40fdf0e0281e50573a,30
1990,WildChat,53003b302f155778aa75b976a4f048cbba6e29b2a7306752ceedce6275fd0bbb,778
1991,WildChat,2d889d8b465b1af7af8632534fdeeafdbe3d2a0465a3ec7650fd8a79fd5a293a,780
1992,WildChat,5a229ced1e458e7ba7be9f3b55c904aa9a05a0d943122dd22a30da0f8b42b0c8,793
1993,WildChat,3b89a2f7c5a94584608aa3dbb1881cfd36c5825721a750e02e09666e87b36c74,800
1994,WildChat,885bd4a693728ee19e404afbfd3096c4f2c253074b8abe5a82df01c94023d989,180
1995,WildChat,70f946ebd087d62fcfcabf2c2fbecdfa8f0f141554c933ee27b09d4023599a23,358
1996,WildChat,09a80f2d9a86f5c05846086f9eb8bc88ed7bb885b202a721e8ffeec61b6a0825,142
1997,WildChat,616af59ddc531234a767b0d790f93975aafd02cdd035a76f980964c90c1d19a1,363
1998,WildChat,582a53dae532d93b944935ae30a4b26d0364cd297dcc3e4753be0e06355aa647,101
1999,WildChat,033bd57d98d5cafe865a655c1a6ffd8af8de31033d151e60bc3746d30f9c46ec,86
2000,WildChat,972642871fc0a189f36292077d2de1d60d0c365e9f8a8fdde95cb857a3408b2a,52
2001,WildChat,7b7f549701e5e0956d334d4262ca56e3aa0db194f8b5fdb1e5ba3f4da43a1071,58
2002,WildChat,7b7f549701e5e0956d334d4262ca56e3aa0db194f8b5fdb1e5ba3f4da43a1071,58
2003,WildChat,c7474d66eb0e341561f9603b9ad99982fe2fc41694a0165fd8c52a7848d13962,66
2004,WildChat,d877d863ee9136305f3c7c51733821f198805bf2a407150ef868abecffd8afd3,188
2005,WildChat,b724c6116d0c887ffc6602b677156fd9943b465d0b616c0802af3a215a0d17a4,40
2006,WildChat,249ea609d5f979881ad51da8f649ab84123dbcfd49e3c59ab17a572f012614ca,133
2007,WildChat,66d99c1b290e35357ac4d049626302f54e1d31b05b54b0d484befbe503108a25,204
2008,WildChat,cc4ecdf48cdeeb59fdae19578c677704faee2bb7d35393ee7e39ca54b822a951,906
2009,WildChat,763350f0edfd1141ad7aa3b1dc85c72ca07801c4d35610f20bf6ee100546fca3,26
2010,WildChat,57661423ecca1b5bb1c795e36c1660c259624051794a526394a72faaa8678550,591
2011,WildChat,aae005a7e7b2371207f4818f5f3f803f49e54b8b56c5b77de81acd837c63bd13,426
2012,WildChat,09287dfdd90c315718a8a81d728b8552bf8769fc20d89b091370fbb1c7c11550,27
2013,WildChat,8a7b9e0d984deff98d8392016bab9cbc5e81030d758705fa0fbff1a3dd7cdafb,57
2014,WildChat,89d00039b49f5cc58725fc9ca12859c081bbcf6d0a396420206fa992ab80020e,49
2015,WildChat,c5b33e9581f3b7abbc24803e1252c2d732a47150cfe805f07f21c4e12e1e824f,27
2016,WildChat,b3bbd028de72da5ff96c39bbfad507f2ca8c33c3096bd18017978178b4f0b07b,24
2017,WildChat,1abccb7d74d0dbbc87a0a61091764ca590fcaafbcf0d36417e651686a26cdb7f,40
2018,WildChat,8d60f40d1944c128bd0cf965ea3ee9a49ebceb3362bff07408617f13abfccabb,85
2019,WildChat,fe3bee283b73514ab6dee1ea4ff44a210f919251dad8b3e24478d88a01b08ce9,484
2020,WildChat,a8e9bfbfa3d2a966526dfab35ee964bbbed11d60395a2c7f2de8f26f9d0a0783,63
2021,WildChat,a67be8dd9b236420e12ac1b4fc11d6ec4c841e4622d0cc07406d3dcacd70d4a8,32
2022,WildChat,1ea623a243bc19290606852155a1601d7ce04a90d0c0bd04567cdc8316980255,201
2023,WildChat,ce827408b19eef411772a1a63911f57fbb43daa29eadccba2c4cd2da6f05cf85,71
2024,WildChat,5a18fca0c7d07f49a417e9be95710bdb2be627e31d505729bc08320345196c1a,26
2025,WildChat,c16f5fb873575910fa040e0847a42886a1757d53edc3fdf6e14bea82aa2e59a4,143
2026,WildChat,5a18fca0c7d07f49a417e9be95710bdb2be627e31d505729bc08320345196c1a,26
2027,WildChat,aed6675462a3e0e9007f5931dfd3da54dc1753e2f7bd3aa0888c173ce3298e80,235
2028,WildChat,80622a9096ac0f13dcff53bb0d1f8bc24d3f2209a1fca7f0083977ebc17f6051,212
2029,WildChat,4095e0138ba177fda5de1fabca192b5c7f9085d710bc9b5063f0bd4c58c70493,49
2030,WildChat,59c7297efa3fed263295e095a6deb7ddc021e2b7bc4066f050a59bc6c9819318,174
2031,WildChat,62b43b09e31bc8b084c8fc049635c02ab4441db04b8d2f0437592c6e2dd92e30,49
2032,WildChat,cea07c236f08f071e5cbb9acda89792f1b8fbe0390cbad88135b16c707862152,267
2033,WildChat,c03622e8d42c1cac6063f1444428e9690bc2e0395be7c721296394fcda85b700,98
2034,WildChat,fb32f4c9481b62ab79a911bf7c9a2331fba780be0fafbe7a77190f5e745314a9,70
2035,WildChat,0c3840006d68e789f9c33410f0c9bc944d97ee7af5a423f529c2a72624530981,112
2036,WildChat,31f5d7be22a269fc6cbfbc0f813445ccd0cce81da5f024107bda70568edfb33e,164
2037,WildChat,dec2d1580a4bc649ae2d9ebec0fc895695772d5b45af8fa6dad0c7ae4144ed0c,22
2038,WildChat,92c5a0329013e2ac2c1b47838f13d8a459e3e1e9b039d2c74d7b043042da8b70,186
2039,WildChat,c8eeef9150f32331b2a0975037dd218a5ac518422ed3d2c21129fe8d996cefc9,33
2040,WildChat,310e7e9672fd607333da3c8885e611cbbc85204d96944c0b5f96c6d6a366d509,399
2041,WildChat,310e7e9672fd607333da3c8885e611cbbc85204d96944c0b5f96c6d6a366d509,399
2042,WildChat,2bd0b228c24faa58aa43eb78c5cac2268d9a2bbc78036c602bee8bd70372d5c1,101
2043,WildChat,27b5cb521a404c6c7960bc67ec4a5d328dce471755b897dba2b1c74caa62ffd1,92
2044,WildChat,3255854dd50908c1c761583a825d0f640e9b2427d2474052239119618140f853,455
2045,WildChat,3255854dd50908c1c761583a825d0f640e9b2427d2474052239119618140f853,455
2046,WildChat,339d99749e00444cb3b97186b01eb8da3fa6bbbe4f0fe0206c277b159260c4ce,667
2047,WildChat,b78d62c466aeed0793ede115f58ef2ce4a3fe0c3ea64fee52f6aebb41e1e9cd3,464
2048,WildChat,b78d62c466aeed0793ede115f58ef2ce4a3fe0c3ea64fee52f6aebb41e1e9cd3,464
2049,WildChat,52ac67e062bb0305172015e430e5ed66496b140db06d3a02dfecbb744db43513,308
2050,WildChat,0525e4cc78177b99f2ff7a29227c2a97487fb857be5697fdb831c01a71a35391,21
2051,WildChat,29f1662dc9f01ffe755dc6acfb52c6ea77f85d8f04095b6e5751274a3bb247ae,33
2052,WildChat,15ce5457c33dbfaac5408f6ef9c7584da2b3912595e96e6bdcab97c3ad1a62dc,485
2053,WildChat,2995bdbf1b83a3c7c6300b66831a529b0a7352aca78efee057e8a20d3548fb39,363
2054,WildChat,29f6b9643d4a4c8e52713f94713fdba951304884d9885dafdb493ae3fe3a38e0,145
2055,WildChat,75166f4e4ddd2189e299cb9fa4525b881ea792b7900e7191f873d38ddd5de70f,145
2056,WildChat,762296da4b78f4fb3ed289ca9d422bf9e3def1c5fbdee12a4bf25f9da7e0bb0a,462
2057,WildChat,22ca3a3affecb7b50cf1cb63460a98e166ac7859a6c917286a2f701509833807,101
2058,WildChat,873ff79816c3fb64514d9b482d0bd67472b6b5f8dd146860e8bc1e2b319f923d,147
2059,WildChat,fc53700d256f35734063c70a50f5ec2319c0659b15f5afcf07acd46ef11ff35f,88
2060,WildChat,897b5be989c2f5cf98ab9699f9c7bf519b340cf9e25513302c1c05fe544b95a0,664
2061,WildChat,75166f4e4ddd2189e299cb9fa4525b881ea792b7900e7191f873d38ddd5de70f,145
2062,WildChat,5326e9104d28459389b8e38aa8c435b6c8f89291fd84ad41fa8b7ed384bf9908,708
2063,WildChat,ec2c621db88f7180968de7bcd9098ae7fd26add30ac68fccffcd89f90db4f687,27
2064,WildChat,6378151f3f948044aa044d2a357f679d8563544123f94a48d1d5f00d0d692e14,147
2065,WildChat,0ec17925e0d11d542758e93a0f630e90e403763418d9af4e7d1db59fbea18ec5,630
2066,WildChat,5687e8a5a052b9795aafc97510f85c5e3f82d64fa6a14ffd3aecbe5350c8ee7b,258
2067,WildChat,f8598edb1c4fb5126fb5380f77ead0fff2ba6f314f25d3a47f534ead5711a810,149
2068,WildChat,db07ea1b393fa5e5c6133d20a572983dbca581e8a0de821fba680351c7f782b9,250
2069,WildChat,6956fbee6fa9514f4b8d8995a08080cebe0c821c7faa68f0d70378e23d43e078,213
2070,WildChat,00dc4066512d078e95453ef6a353adf4cba3a890d5ca3965b6d67cee34e41d50,344
2071,WildChat,e9c5ab7700ae39eb461260bc029e389d2d5d7b44ceb12fd0db89d94a9117a504,71
2072,WildChat,0127c5f3901f1dd0c295d159235e2bcc436e620561ef4bac75381fc35d65c386,39
2073,WildChat,ce327bcbeb89808c0ba27786e0a136caaec46323086cb481dd5b82a32d28dde3,61
2074,WildChat,fe86732e64674f4cc0a5adc1dabce7e751f0704c2ce87db70c80b1cc1b7425e0,22
2075,WildChat,c7ed5d1c9c5dde9b319b1b17b7e0b0a0c4e5bb149d825192edda94aac6b11f69,77
2076,WildChat,c7ed5d1c9c5dde9b319b1b17b7e0b0a0c4e5bb149d825192edda94aac6b11f69,77
2077,WildChat,9fbebe4ebabb751e293aa8fc786af9b08170e0b6492b1bbcf4b8c43d1bc67646,22
2078,WildChat,199309272b70acf35ece4c6bce9b621f92fa98b5c71c691f25f27bb5fe529608,150
2079,WildChat,c97198916323e94f8af593915ca1f0fea274e00913b6503a955f94af9baab6b9,256
2080,WildChat,c7ed5d1c9c5dde9b319b1b17b7e0b0a0c4e5bb149d825192edda94aac6b11f69,77
2081,WildChat,db07ea1b393fa5e5c6133d20a572983dbca581e8a0de821fba680351c7f782b9,250
2082,WildChat,edf0c0ed2860cd99ca176a511178a1ab81b38d0b96a57c59b28220b9a798381b,267
2083,WildChat,867362594047fbc1faedb45dc2353b448a52371fa52a832387e38ee4141b2658,22
2084,WildChat,02e3eba909eb268d9e87a8e73484cc838b3663b8a35813fc00ba810287b60fa1,47
2085,WildChat,8a17a1605fc601ab0bf7cfd2fea96cf5b64e346956685e6f691c38348e0d2e90,267
2086,WildChat,58458b3a4c5874c69b5b79d5593946d08389bf7579d35064caa37e772624ec4c,595
2087,WildChat,58458b3a4c5874c69b5b79d5593946d08389bf7579d35064caa37e772624ec4c,595
2088,WildChat,a8e9bfbfa3d2a966526dfab35ee964bbbed11d60395a2c7f2de8f26f9d0a0783,63
2089,WildChat,9ed6022806222c95e7c0af29f37e506e89655d7a242370985aac78ab27d1dfa8,48
2090,WildChat,226e75acd68d66ecc95d38e9ad45953323706429f766b8d3a8d76cfd54dbe26e,73
2091,WildChat,38faf9cc050047b02a690b7a90df7a6d87593dc3feaaac910177850984f2be8a,45
2092,WildChat,58458b3a4c5874c69b5b79d5593946d08389bf7579d35064caa37e772624ec4c,595
2093,WildChat,a6121016b7a6d008b7e5facb4ccf6687e2d9b41e3a095dfbd78951fe18c34032,44
2094,WildChat,a0ff2e40fd63db85a4cf22040be650abbb1c84f781d8a251f6abddf5effe642f,45
2095,WildChat,4b4033a9c206acd711cebe793d6d1dcd3dd3311b9f4df8e3941b3f5a69205cd3,595
2096,WildChat,e48fba484a73c99702618ed6221c09c1a5c4918e3b3cdd242e68650632d5a906,48
2097,WildChat,d7602299b2bf070d2c64e0119cf074e6b7e941f5fcfeb98dd621d00eba29438a,449
2098,WildChat,ca34e1321b96df8d4fd3b6f8af2f526f1c74a0620745f6eabc68f6a020443f98,45
2099,WildChat,e322c2cbe5f96ccae9109f54e0d9e90979e9fa3b1f9cc13f56c3a98eb7c2809e,45
2100,WildChat,1d43e68767ce30c8d908619f05f0b45577ff81e8d68986c2ed8e8ad6fa06d729,50
2101,WildChat,12aa34cf016cdf35b884d2a209463d3e245b7fb3ebdd83d690ad744bcec62526,46
2102,WildChat,ea08d81e1d2b54a308302c5951ca19d0a7664d19da22e3a639136ff60d40d9bc,50
2103,WildChat,274a3320cb8789ee410f2a4de1e16f98ee268dab81490e92c03e224c3f2c05e7,47
2104,WildChat,12d6185e4a68113e00fcabdc8b978f323b8c779e500bc7498fd6cad244c43347,49
2105,WildChat,7d97988ba558d2251ff2314d839356a333a365408e23e0a51bab1a864d00ecca,46
2106,WildChat,991b71724cfa40b3c7746adb05f4ffbc0499aaf02176c0560bad994ddc72d8a5,53
2107,WildChat,9fa64b1a8108b9eb3fdafd940ffc8ca3fb3a3935d7c8790f1cdf222264fc82f3,54
2108,WildChat,00604b6a83995545bfe9f1c315de1c1d3edbc10979c150d1c0ff4506474ddfcb,57
2109,WildChat,25c5b68b1e8ecc15658d6fee89edcf16003ca2e107c2b31a0b9df4540a2e30cc,415
2110,WildChat,27fb22a9242b055c972e86ea59bb59aae7d32ca5fff4b7ed72cbfa716bba4bb6,222
2111,WildChat,4b877268f1cb1e3a7db3e734f561c67b52bd84723263cf4aca32e54c3302408e,54
2112,WildChat,a7d3ffaf3bbaec29f1e0d0af22211501898c4c6b3d60716b2717a45326d0d2e2,50
2113,WildChat,c6ea7417696d28dfb3efd20109617d96f6928dbea46c4d867aa695ddfc149a11,52
2114,WildChat,7a00006beaf547d7b0957ab25eb78b45cc847adfc937b915d9a64e0126226dd1,319
2115,WildChat,61cf919f6a400f18a371b12f36b40bf48a113baf9fef008badcd09cb4127f289,50
2116,WildChat,8f4029f1611165fb5ae3abfde8481651f268ef1d52582a9d46dfb4e1cba154fe,61
2117,WildChat,9ee711cb51f0095b4c7751c34ddbe9b4ae33e74e7fc0bbe7580447513d81f2c7,224
2118,WildChat,2eb62d4c5d0dc573892d52157e3b3ef0c5e6c992066b7f0a2764575d9ebc265a,112
2119,WildChat,bba0a302231f49924326220ec64a8ffb1d554306eb3bef030889aaffff89838b,685
2120,WildChat,ea9554fe1c7a26f142c6afa92d777c1da687fbc4dc4fa950cc538796d7a82625,53
2121,WildChat,08ebd0185ec50ae4338ff94281d530fec9ab92b24d30c4d02dd4fe3bcf952e05,53
2122,WildChat,bf625ebb8007788379750b7c0045a4eabd9cb14b39e1c20d9cb10906f032d162,54
2123,WildChat,6b92968f673da3c36503873639925557079de29bfc1ac4b5e1fdb81fdb1afb60,47
2124,WildChat,4072ec199393f2080b73dfc565d143cf1c0e2c92d8bbffdcf8b22c3c5d266d41,359
2125,WildChat,48c5f7ad8166fd21587cd6fa9bda5bfb69052c69cd1e6e2fbfcdb9a8e4d6c748,430
2126,WildChat,6799d75dd717ae70413a7bcea350a7671c3ff7225a85f8a982304c11cce54105,724
2127,WildChat,999cf28193352322644bba382744d6de9d1273ab9aeff52db66b3bc9f8807137,574
2128,WildChat,c34706ff4ef79c2bd40a464e72fd91afbef3ddc4a1ea1cf3390dfba9db011b3f,50
2129,WildChat,59a8fd99dd4cb9fe165d1c6e66a371f674c4b4cd904ca2d5e67b3de5a3bfd33e,121
2130,WildChat,17e0563dc4eda3bac1d3a368f36833f206f0f585e2b8de197338a4fcf30828db,59
2131,WildChat,986b26e7326ac26fde1f16edf2e9e2baa3c881b7ed8093de4a424ecce96d76f5,23
2132,WildChat,8d1feb32ad96e79077b39f9dff868e44a0a690b70583b23eb6d1c2938d132699,157
2133,WildChat,676ae5333863a6641c505c91c39e2acfd17318a4cb4efa938cd7de726cf434fe,79
2134,WildChat,ba20c0a1bfd9e9d9c74b86a9bc5e908ea64c23ec916dc2934276eecf6945f7a0,22
2135,WildChat,14a62502efbf7a831e8a029a2e82676c2057cd1e0b819d3bfebcae3547c05aa8,25
2136,WildChat,f806948cc43592b350c783d0e1277dee1c4b66e41fb50db3fcd04bb7a2d400a5,610
2137,WildChat,ba20c0a1bfd9e9d9c74b86a9bc5e908ea64c23ec916dc2934276eecf6945f7a0,22
2138,WildChat,2c6478fd0f712c0cf0e836f30e6dc84e2fd666a419dff5a223058a3625779722,420
2139,WildChat,617919bcde353e9cb5b912552f0412ae1a88d15473b5b5e8223f5fc1c5914807,42
2140,WildChat,7eaa2cdec161613a001ad798f27490ae71660ffb4ffeefe434ff7175e0e93a87,934
2141,WildChat,e27bdfbf698170735fa9f5072ecb217e135fa245f1d43f2603781300333126c1,162
2142,WildChat,1b8d2b5029323a7507b7c1bd991307d2c2ab38bab5a025574d177f1d8be94af0,43
2143,WildChat,c2b9e681b35560440d55c2986d28efd2603d006cd6ed9e32e0f4d9a4159b9d6e,434
2144,WildChat,10787d2b231cb50aff92ed7b1d4b5b7b49b96b439d3444d0806cc02c651a1b76,708
2145,WildChat,268d909dbacbd6e50f78980bc31ab57c1e4c597f4597d8ab602e19d03049fab2,157
2146,WildChat,f3bf2eba870c2258a22a830742016731c710acc1c868b92011a3a5097edf02c4,157
2147,WildChat,dba9a73fe7e0c6bc27041c91f834be4fa5bb7268942c6dcf607364dafd3ea1c9,166
2148,WildChat,d87b053a84d35479f9b36fe1f574a6c5d4be6c7262d041f573cdf403b7cecc0b,45
2149,WildChat,8ec252d71d50c959adf4f1fffe610b7c97ebcd118f63856a15449113cb8fbe78,168
2150,WildChat,8a66b5fe3dfabf7ac448e076f9f49f5e9fcac0717c2d0aa1784a8a8ece73d9cb,167
2151,WildChat,500ef1272f9fb1c2981cc26de775df74ea28195460eb42be451a6af7c779513d,167
2152,WildChat,ba0695065464f3cd1d46991291e15fd6e85011aeb4722c74da435a8faa03ee28,278
2153,WildChat,8fb548edf0ce112fea2159869e032db64c701b9b9fdd327a8f120453eca7b633,667
2154,WildChat,e0dafcaf7561af4241788dc9a89064fc09d983215ff035d18de2df71857ae2b0,689
2155,WildChat,969ea1940f3a257bc915ae2250b78aef248b40eeebaf72843a7f940e17541c87,76
2156,WildChat,be6d2d92ba2bea10c5da42fe9c14e7d698a24fba86efa182853e6bcfa7d35922,715
2157,WildChat,286b5695154aa2bbf5a9b18e8355368d4294ec3b4dd1c683c8f39cb7d2171606,22
2158,WildChat,2c5154e1ca7ac3173fabbb05d2433e0a9c50e1ca553336b3a99df0eed9daed4d,104
2159,WildChat,d881e79d941be7c456c94281b673042ab1103badd396358835b0e5e6053cfdf2,433
2160,WildChat,1489e7b15b814c991982726b3393c2789785d37a8310f616a95515b321d15af9,50
2161,WildChat,c8adf4c7aeba8c5f338771cf4640a4240a8db58b96d6193449e7ed4770acf7f1,51
2162,WildChat,cf918def0a20c8232834e2ffc1b4591d8590eb7e68c9d4d19b1a92df00c651ae,54
2163,WildChat,d846787aa6e3a49e097022fd2fc16fec2e39149403f732c4c958ebbd878589e9,46
2164,WildChat,5391acc1a4dedece977f1f32e263215a42635ff3c1f5f5f440aa9964dd19e943,230
2165,WildChat,01cb4a7715dadaa4179b2347660b2e87e1631d818434f7b2d96945eb431472fa,196
2166,WildChat,37e665522ee0e52c918e603c4a4d486d34eecd1d31d7abb0ce2a620fca90ed69,56
2167,WildChat,d002d8096651171c7a6ea09acf651e53b7f9943adfc88eda1cfbefc476b23134,50
2168,WildChat,fc8c0b35d2702dcefa1e7a1ee53012a85a94320f846d9c9a7b8cd0c7bace4509,54
2169,WildChat,87219c5805f8ac171b436f454789024271b0e4963be6acff70b84a96f8f2e7a8,35
2170,WildChat,5687f0dbbe9e786aaadc34e6cab8ad589d85b11aceb5990fddea0f0104044895,384
2171,WildChat,a30049e9557fe63df94b5924cb61dbc01a8872cae183a6f3db8ce88fc1d0dd48,54
2172,WildChat,2f6809f8b8a1d27cf51aeb1c25a1c8f649398b4e5e5a098bce64ea6321f7648e,26
2173,WildChat,917d836453308a07cb2da6059e550250cfaf17d5c59b62c58bd40ef864492ec3,56
2174,WildChat,207378e86c6151c847c57955998e2234d0893d77fe1bc67f8e64e368654285b3,68
2175,WildChat,5fe252f31818af23d76622f9f5c0540506ecb60e1ad4b96ddbec9acf5cb8fa42,595
2176,WildChat,ba2c792a31c506252b390751ec825c1a7249cf0328aa5fa3e079cd4c55dc58b8,65
2177,WildChat,9fad0ad6681a764e8a472f5da59abbbee07c6ed98539325afd64d01f4d53c165,68
2178,WildChat,9fad0ad6681a764e8a472f5da59abbbee07c6ed98539325afd64d01f4d53c165,68
2179,WildChat,ba2c792a31c506252b390751ec825c1a7249cf0328aa5fa3e079cd4c55dc58b8,65
2180,WildChat,888ec35903385950d2ce5fe4bc875ffca0d51e50a425fff1da1cb7223aaeafda,332
2181,WildChat,ec3ae28d843ac1fe9829ae831bba65b36eb588894a5754e2d4e3dc749c05bc04,77
2182,WildChat,ec3ae28d843ac1fe9829ae831bba65b36eb588894a5754e2d4e3dc749c05bc04,77
2183,WildChat,d0ca5c64579e3fb457a985ed01468d8368c5e15370d44aebd99cd102fc0714c6,66
2184,WildChat,3dcd5c81fa23d21dff1954cb2197bd466b61186e30f4eb7bb4a12c2d4b71dcd6,66
2185,WildChat,ba2c792a31c506252b390751ec825c1a7249cf0328aa5fa3e079cd4c55dc58b8,65
2186,WildChat,628b8d256aa1cf2d7baa2f3d26ea6141234ee84f4912bdefd29c064a459d7d63,65
2187,WildChat,86e0a762cc2f01d2ebada11ade43ff2363ef3040eb6e817f8baf1d0d60d7743b,428
2188,WildChat,ba2c792a31c506252b390751ec825c1a7249cf0328aa5fa3e079cd4c55dc58b8,65
2189,WildChat,d0ca5c64579e3fb457a985ed01468d8368c5e15370d44aebd99cd102fc0714c6,66
2190,WildChat,3dcd5c81fa23d21dff1954cb2197bd466b61186e30f4eb7bb4a12c2d4b71dcd6,66
2191,WildChat,06971c78bbba13a4984e740fdbc1e9298f7ebbb4f4c1c9c53f465ed623cce964,22
2192,WildChat,3dcd5c81fa23d21dff1954cb2197bd466b61186e30f4eb7bb4a12c2d4b71dcd6,66
2193,WildChat,3dcd5c81fa23d21dff1954cb2197bd466b61186e30f4eb7bb4a12c2d4b71dcd6,66
2194,WildChat,9a62c64a10812aa440735a75c35a757919937fd66c7076e723417390bde35ea6,66
2195,WildChat,3dcd5c81fa23d21dff1954cb2197bd466b61186e30f4eb7bb4a12c2d4b71dcd6,66
2196,WildChat,9a62c64a10812aa440735a75c35a757919937fd66c7076e723417390bde35ea6,66
2197,WildChat,1713e353868faf2b4a5dddff584150c4fd463a0e49f1543a40b1bbd95055afa5,81
2198,WildChat,9a62c64a10812aa440735a75c35a757919937fd66c7076e723417390bde35ea6,66
2199,WildChat,b82f280b6e0b6b39f3e5cd3c5da04c43e700a51db3a8daae1794115e947a6aea,68
2200,WildChat,e24af5f314504ce580cb9448bfb609855e1dc0d623514fa2d7bf03339b1c5420,333
2201,WildChat,e8e51245a1e03fea4d065c70c81db10d2fa97cb29ec098394e88aa51711275d6,45
2202,WildChat,a4a425d6582e94ca1b34dbc9e17a2c957c7114b8b96a1e91457015ff1d85f8ba,64
2203,WildChat,a4a425d6582e94ca1b34dbc9e17a2c957c7114b8b96a1e91457015ff1d85f8ba,64
2204,WildChat,9a62c64a10812aa440735a75c35a757919937fd66c7076e723417390bde35ea6,66
2205,WildChat,a4a425d6582e94ca1b34dbc9e17a2c957c7114b8b96a1e91457015ff1d85f8ba,64
2206,WildChat,2cccc0f39fd317276101d9b4c503d6e8f4e6d18325ffaf71532d9c3676924873,64
2207,WildChat,17261445008f3079eea0496ab70e712aebbe739a42f0cd0c8fd63b4a38e1a771,328
2208,WildChat,9a62c64a10812aa440735a75c35a757919937fd66c7076e723417390bde35ea6,66
2209,WildChat,c647870f7d9601d2975bc54401b5307ffac83420a4a751945c7f20894f78464d,304
2210,WildChat,2cccc0f39fd317276101d9b4c503d6e8f4e6d18325ffaf71532d9c3676924873,64
2211,WildChat,1c4ddb47308922ac675f4e0dabe12a73b34b54283af22eb2e1eb0cde22eac6bb,68
2212,WildChat,b82f280b6e0b6b39f3e5cd3c5da04c43e700a51db3a8daae1794115e947a6aea,68
2213,WildChat,b82f280b6e0b6b39f3e5cd3c5da04c43e700a51db3a8daae1794115e947a6aea,68
2214,WildChat,1bf509e1e9856e81e08bc9f0547fedb142deb1bbc4feefd2843cab60c6848595,86
2215,WildChat,2cccc0f39fd317276101d9b4c503d6e8f4e6d18325ffaf71532d9c3676924873,64
2216,WildChat,1c4ddb47308922ac675f4e0dabe12a73b34b54283af22eb2e1eb0cde22eac6bb,68
2217,WildChat,1c4ddb47308922ac675f4e0dabe12a73b34b54283af22eb2e1eb0cde22eac6bb,68
2218,WildChat,5d15425cd92c19b2b127d6acbf33991fbc70d71c6133a928f8ce2a38c142dd3d,88
2219,WildChat,5d15425cd92c19b2b127d6acbf33991fbc70d71c6133a928f8ce2a38c142dd3d,88
2220,WildChat,73ee0fdfff17c854e10568142a764fbccd90d492247dfa7679a0273500fe50e6,92
2221,WildChat,73ee0fdfff17c854e10568142a764fbccd90d492247dfa7679a0273500fe50e6,92
2222,WildChat,73ee0fdfff17c854e10568142a764fbccd90d492247dfa7679a0273500fe50e6,92
2223,WildChat,73ee0fdfff17c854e10568142a764fbccd90d492247dfa7679a0273500fe50e6,92
2224,WildChat,5d15425cd92c19b2b127d6acbf33991fbc70d71c6133a928f8ce2a38c142dd3d,88
2225,WildChat,8befb4d1fffe0e4e7791e5454709202384107b663307dd4d1a9986bf6bafc61d,67
2226,WildChat,56f01298de772a6804c910fbc758e21fc8f8cc3a59ca6fdabee545d62a9f7b7a,449
2227,WildChat,dcf55d97540ef10d263ccb63c71cb411b0b568340150b0a7c462d174336b7857,23
2228,WildChat,8b34d68546097c36f56582d73079b1db9c55e3f1d6e38d4967c8fb806c23653b,991
2229,WildChat,9324aa796e9deb032e416a86b651cd4a67a773f660685c7b98beda0ead0f8177,231
2230,WildChat,46ae4c758c8a7e28c1a472d00b32e0a927c70c4831d9e71a5946bb0a8ccc07a8,73
2231,WildChat,e9b02b2646ec2a78bcd87d1afee4a8374d4c90e923f98075ddb45ee5fc91754e,306
2232,WildChat,7a83a22c40bad9d2bc87ca6b6f5c08360aa7652ae2866fd7ecf9b6993331b49b,74
2233,WildChat,1cf9aec9f4e5af3532abdb098820cae4981b73d7ae72c4b1a1165310233efae1,74
2234,WildChat,5d8c628885898cbe4b13d2e7ba954b87681e644022b3e56fb1b39ed94d34e79d,72
2235,WildChat,51e0c6b4ca3f0c7f0dccb056003317a9900efc4258a670fdcf5c16cf866fae08,72
2236,WildChat,51e0c6b4ca3f0c7f0dccb056003317a9900efc4258a670fdcf5c16cf866fae08,72
2237,WildChat,7a83a22c40bad9d2bc87ca6b6f5c08360aa7652ae2866fd7ecf9b6993331b49b,74
2238,WildChat,5ae14a9ed9865fa0d446bef1d6d1a6216bdc4ba7086bca8689d101d816fe481b,108
2239,WildChat,51e0c6b4ca3f0c7f0dccb056003317a9900efc4258a670fdcf5c16cf866fae08,72
2240,WildChat,bacae9c8008502fc9ccdcd72e313f45f3ab5f7b37115beafb10a93290992735b,74
2241,WildChat,5088f7f12d048aa4f73727bf52b176dbda2715e3071d3efb2dec31106cd01686,78
2242,WildChat,245c9be827e52ed44858c9c2e2d398ddb2c8dca746057e2b2c825041ef34b32e,71
2243,WildChat,51e0c6b4ca3f0c7f0dccb056003317a9900efc4258a670fdcf5c16cf866fae08,72
2244,WildChat,5bb930fc2452000508f0a130bb7c4a026aaa0ec20c58822d39ad7fd2538eaa9f,416
2245,WildChat,49633f86871f0c023f1729e60d9fc3c3d634a909cb4bb39f11c928fce33c920f,71
2246,WildChat,bacae9c8008502fc9ccdcd72e313f45f3ab5f7b37115beafb10a93290992735b,74
2247,WildChat,4bd56f8cc6f8acc932a879160f08c249d386203c2a0538975f6e3d531dd82789,64
2248,WildChat,e53f6f51aa9c3651cf8628a5dacc50ac24f583fe3111ca5efb1e0d0673a4875c,64
2249,WildChat,e53f6f51aa9c3651cf8628a5dacc50ac24f583fe3111ca5efb1e0d0673a4875c,64
2250,WildChat,5aaddab7b066630c6f21bc3cf5d37e08b02f4f7e712721c9224c9b9b10cd9829,225
2251,WildChat,5d8c628885898cbe4b13d2e7ba954b87681e644022b3e56fb1b39ed94d34e79d,72
2252,WildChat,04d0131ee2bc83406b719bcb2757358f911703aa69bf74fb5f5145045d433d22,54
2253,WildChat,79c79584ca7b1001c464263118b48c9a1a4f7fa85baee52a607a216f24819c7c,54
2254,WildChat,28b639205fbe6d8e91150bbbf5ff12fccade0e9937bbf04ab1e86a5ace898fff,54
2255,WildChat,7f65fb7d2e18975ea345effdfd73f4c45d49fdfeb148a109c4fff23637113ba3,827
2256,WildChat,c0e183f78727b23bef60ec421f9229a3f8f675d4a227c0f364aa607152f95a0a,184
2257,WildChat,0119b8e37f71247c6effd1bfd292cf536b7ca42a0a499c8b8b75e15439d3231a,58
2258,WildChat,79c79584ca7b1001c464263118b48c9a1a4f7fa85baee52a607a216f24819c7c,54
2259,WildChat,ac3854a96fc8031b68c05df044829fd44154e587704781a2f43a7e7d1b40431c,69
2260,WildChat,79c79584ca7b1001c464263118b48c9a1a4f7fa85baee52a607a216f24819c7c,54
2261,WildChat,79c79584ca7b1001c464263118b48c9a1a4f7fa85baee52a607a216f24819c7c,54
2262,WildChat,873314a33e5b505762c04679c4fd325f06b7d0d9ef9bb55d8baec21e046de711,153
2263,WildChat,e5dab2e0060fd6e32fbcd4b587f501f70fe3962e7c711859b1a6a40b2c58ec75,149
2264,WildChat,0119b8e37f71247c6effd1bfd292cf536b7ca42a0a499c8b8b75e15439d3231a,58
2265,WildChat,ac3b6a011aea1974a7f37ca6d4c2e5010db8bf248bfe455e7443eb82eac65208,58
2266,WildChat,0119b8e37f71247c6effd1bfd292cf536b7ca42a0a499c8b8b75e15439d3231a,58
2267,WildChat,01f9f6a41d88ff76c8c5116a2fecd9652d48d6a8284f67ebd03fc5fa7d457b4c,145
2268,WildChat,db6a7d46c586ab2f4d78176fd5a7b15aad9a514a8eaf5edf6320798cd9b45691,456
2269,WildChat,9c8f2a6843cc79e2cd6ae5dd7d42e8ae592bb1f8e774b0f42f570dc66e68719a,155
2270,WildChat,e2a5d1207e67d21433d8e9caa94a3e3b9c55a4523521b9218d7d34ee7a8d6cdf,57
2271,WildChat,97fcf613a5e7ee01848af23921d448f43bf7b183c328d43cae6a7d5074f48964,54
2272,WildChat,c9c6c32f5429f411c00c7d06c28cdb25c0b7d90aabeab342b165487392b8d4e5,50
2273,WildChat,941483b5dc937df99825b2e0c0d714c54861282a512d6039627b25759885a296,48
2274,WildChat,bce91b522072e8f65ec29f938f4fba1649c84b1ec907a97e2a8363f542f5283e,112
2275,WildChat,7691e2e520018bd206b6ceaf04a580c43eecdc668f31db3c6ccbed8375be4095,55
2276,LMSYS,56cc5f5e4b7ca1d76abca6ce03ef8b0b1794e9f5c884b40a29e2dc29618628e1,111
2277,LMSYS,627a9f7a862e5cba83e6a8c144aece6575355fb206149e05c3fddacab26dba60,68
2278,LMSYS,8acae608c95c135d2056f2de4ef1d152c304f321a85e4b36dbcab0976b2cdc32,115
2279,LMSYS,8c0ea4981d7d3ca9f8e1253fc529f565a0ab30d8474dd46cd743dd3400396bba,198
2280,LMSYS,bebe2e668b87815a9eb8951d5c79133c088a3e968b1ceaf8e5a7c1b9b363d286,351
2281,LMSYS,a7e0d7227726ec60a66a0b10e60ecda384b012c9c50de222a0f4ea89818e68f8,169
2282,LMSYS,92d0ade50c5fc703d4f93069b72eeea67e4d81478194b48fa442de295c4c7776,32
2283,LMSYS,aba78c72782b5ab04731e54b2ca6f029927dd2780745c6bed89deed306bac362,290
2284,LMSYS,4c92433bcf804b7d3f3b3b5bd21586d6162e6cc65108fef28a63bfd1b5b0b1e2,354
2285,LMSYS,7b14259f1dd750c183b0d4588dff0d77bd91fd8dcfb661aa98d09744165152ea,265
2286,LMSYS,301f498d833b98bbda91177c5a9ba7c9423c46eaec437b82a5920e0517ee71c3,144
2287,LMSYS,8eca99e1c66d8e16b64093795d163790cdb4aeff56883fdc8c1d39c980162aa3,468
2288,LMSYS,442777a10de21d49bf375ce8769c1501045e68642634a5dbb06c5a3a8d1e74e9,38
2289,LMSYS,8dd87c40078ae9be42e6d2478da393016bbd6ab70e3924c473692d6e39b45af2,158
2290,LMSYS,32cc4aab71b2d5b5524be34ca54f591b098d745c9bdd800b8b1f8c01a4f88518,68
2291,LMSYS,61e2a5cafd7a4f3d37209b06ac9fbfff0c8e69f3efc510b1a1cff5a6b8f3863d,271
2292,LMSYS,02cd5038cbe82c8a4affc8ef04dbc7d3c97b9accc18c0e58cf30a22b29a2d4df,65
2293,LMSYS,7857ee1591173f39386e7de416f264438437fae1b5acb71428bbbd9c885e6aff,50
2294,LMSYS,db86724d75c3ef33987736b651742e0a2da660e8356e6699cee3772e771fb3f7,33
2295,LMSYS,60d45b70ffd13f68947aab5c67539bb5f4f3589d127a796e93d1c252e1cc8c2a,25
2296,LMSYS,2d74a6dd2834c99490e3be9be4060f678e489adacf9b706c2d4cb127f8a70781,121
2297,LMSYS,d5643628239cc70360611e873a008d9b23f22042aa7ac833118bb46a62ea4653,128
2298,LMSYS,5e383df9a4ff7d3ac822f1316602393473d3a89a794eb7199480d024bf2b200c,339
2299,LMSYS,faea37c56b665e78061805dd5dac9f5d76aaa10b4a73b4d76b2dee81b265c458,251
2300,LMSYS,3563ce88989c6bdabf16eabb6f8e7b3eb9f5df1a80abea3c14ec7a99edf76bf0,212
2301,LMSYS,e9ea529bc13188d263e1202a1c86608fda4f5c9e9fabf47404ec4eb647524d2a,41
2302,LMSYS,382adbbfa473575f93da786c73dc9443f0167b55d0c176ce9458db290ab202c1,303
2303,LMSYS,3c5e13a6e51d128f1da4fde5efe7e01f8b998004f91d1f52a1520a487745255c,25
2304,LMSYS,36d821698af3591ef5fc80b47b7b9b132aa45b47999ef802b82c81d7c05cb144,105
2305,LMSYS,53250de5525fcf713259a3c03f60856dfc91a3db65e4d759aae58be62ca51a4b,384
2306,LMSYS,a159f5eea60de717f338fd0acf21fe8c03da2420a88de23ff429c9cf34cebfe9,215
2307,LMSYS,a94080da8f0b53d1684165fc4adad58acb18f79822c8ba581467ea2d0601734e,209
2308,LMSYS,8b9a96bc5c9fbac518986a9ab2b23e5a65ab9ffd54103bfe920811b0c209e40a,211
2309,LMSYS,13417583e9bb2ed1714925ced92e17ee1461b21dcf31f476c399f24cb3d8a727,23
2310,LMSYS,afe0e6904252452ff4151cd64b5962e7c549309151c6ce93f61106f9514ffcd9,70
2311,LMSYS,6bdba0d9953f62d9cdc9d4ee4cf2f52f40e18e7aa96e7bbd1094a60b53ba98d2,30
2312,LMSYS,096896ec78246f235ff70529cd66d5f6fa0dfc9e0f19cc3f51e063debcd58a8f,64
2313,LMSYS,0c8a322dd1187f03ecd258f6881b09c7c4410a86c419787dcb2037ed7741d68d,198
2314,LMSYS,82fb0063f025b35c5d5a66563560961223d0d2512572e209e231b0688cb98289,195
2315,LMSYS,229d55e37f655bcd45256903e6aa23918e7fdbbc0a314660c5f5f30ef3c55673,398
2316,LMSYS,a618a11025fead67e722ab30967a28fec1f8eac825d5fa92d9bfb55aa29ec7bf,67
2317,LMSYS,9d8e4a0730302f155b9be6b15f7927b46e67f2c02770b30bbb05703b3ff0a974,199
2318,LMSYS,e9d38d0ecc994c5e4fe8d9a0338398090ac6dac8bce4f48a73cac8ab973000a8,57
2319,LMSYS,a9a6024b4ac4b71606aedde481f81149b8daa84986bc4f24757a41c8eceaab9c,43
2320,LMSYS,5dbd23eb65749596783de2bb34b5b1dcb1284f8f3b0bbe7ec47f70fa6a85fd77,199
2321,LMSYS,513a194b618ffdf7128330782b44c593abae064e39d92797fcb168e17891a0a5,21
2322,LMSYS,00d06942a9605d13351345f840eadbcfd3f9cf0046b489e7165469ecf5950e65,116
2323,LMSYS,88ba92f8afd99063e098e3c96d48ef3ee3742ed98b43b9b49c2668c1bd49d3f0,65
2324,LMSYS,c5c634246bcbf398ea4e1d9f61b78163b395baadc7710acdafb2e722c930f7a5,257
2325,LMSYS,2c8407540975004d38b4a26fa4b2db59ba6d93099ad4565959b0c61469543bf6,70
2326,LMSYS,be75799142724de7609fd695569007663d1624e81352e7c325e4d35ede90573f,419
2327,LMSYS,f8070ea9b67e663406bfa2d25e5d33c80dfdbb73fa7e01404aedbe7d57826ad5,155
2328,LMSYS,ee87bc6c892623381f4af2fe9e5d78c042ed1378dca38bc7095327074ead9890,257
2329,LMSYS,d4b8e898f7d78c4e273c327d9edc757ec0cef5f58436f96b6c6c6d1b41aad33c,273
2330,LMSYS,b80070838917a344b086b7b1033736b90b0f7d3e7dbec72c71774fcfaab2cd54,71
2331,LMSYS,4c61f9312a9156e0719a3260b71c09ded2037bba506d6fbee28a80d7d82a47e0,93
2332,LMSYS,7a8e712129e769a25fe352b0d6e6021e7cf9ea9d4726cd5811afedc4674d0c14,227
2333,LMSYS,eaebc1bddddc847db245690581149535022ac608d5d604db3593382cb1cbd2a1,375
2334,LMSYS,fdbab4fd5246c511b68684c7e6e37ee78b5e095b52d5b85e0fbf1bfe2a5a52d2,57
2335,LMSYS,133e4dc87e03f9fa38e99884af6ab24a542aeb5f3896c0c2eaa901243df8c870,21
2336,LMSYS,18f7100a2768d7b667b1432caf4588f16b173bf92794159f7f7a0df644dbe688,35
2337,LMSYS,98765fcb557454d56352a4e7071300f4fc420e0b4565fc551d8ebf615732f539,391
2338,LMSYS,0d437ef91616914d0a7b63b27404efb6cdf56c5eb4bd37d4ed60ca807e0295e7,205
2339,LMSYS,bbbf13cf9f065cd37e160f24535606add82de4324721407754c4c7d8a30ab9aa,119
2340,LMSYS,3cf7e593fe39f6e358e12db1b5005391d7b0fbe8b36992e453eaf9b4ac3a549e,120
2341,LMSYS,3a73ab7b593a66823eddd59103a6116f8cafb72dca13f4ee7067555c41beb993,205
2342,LMSYS,0200ecb04631859db053dbba24d87617b29720174c4c41aadd329f766ca7759e,70
2343,LMSYS,baa5cbbd9dfb9ad8d3f85109ba2a4d9b11065cdd80febdf4030c58a819d9122b,445
2344,LMSYS,8122b7992ef44e5978fd15f5211ff22cf303400f9647c810538fdb78db731371,257
2345,LMSYS,f27dbf6c3d3942c77cbdd8cb8b278a81661a944dea211f0d01ee174860e83e84,223
2346,LMSYS,1f95a4252d76a2d787c0cf2727d441e97c5bcb73c6af160da2dffac3010cd25c,42
2347,LMSYS,3f546d8f4fb5a7e7df620d6ea554a5ea201be4a723ab4ddeb625c584a3e5e26e,55
2348,LMSYS,75bc5d6546e8cfd102e81859cc686fc9c10a8b77e2a70a077d7f00e2322c75b5,280
2349,LMSYS,026de576a542f882dea77e87bd8e53c40698f27a3014d59bde6d54e893c99f2f,362
2350,LMSYS,ca5acd5be09e2fd171f1743fa08bf659009736770f22167efecfadcf0adb1aab,117
2351,LMSYS,1a137135718c59743a2c0976e8f1316b61050bfccf2ff568ed445277cbd1ac8d,251
2352,LMSYS,d7a465369008c7b9ce6c590c583b0e1493d2bcbdd0d042fc2e6ffeadfaa74834,374
2353,LMSYS,d13a44648157d32afc835df7f0949dfd2489ad1a6c5d200fe2a0d9a7057d89f4,260
2354,LMSYS,a78f7664cc488690c61093dd6e1f34fa6d007f80b1aeb9f48b5ee9f96b1f6c99,250
2355,LMSYS,3bd3701faf2126f7042238d558a3760aa500cee8d3c72e54fd0bdaa9245d6bc6,410
2356,LMSYS,7cfb0311fe4e5d799a4ed046e9ccedcd75799e671e23ee45a96e2ed90952ef63,445
2357,LMSYS,4fad7ca57f90fed6633088efa2756969e369e56fe1e3780ae9507ae1af5823ca,226
2358,LMSYS,608cf63cc03a65a01ab4f1540d83ad298e3fdecd293750fba209ba49b536ea2c,392
2359,LMSYS,651e505e2ebf3b8a70748e15dcccd767b0ba50047c27932f6da88ddbbeb89232,87
2360,LMSYS,74b5cb981ed142c9b35fc2778dea2ca7a2cf12b14601a8195e787afae5b31dac,407
2361,LMSYS,9664f21474998129e97c3bf5a4e17e6c37bea07fa137b02742c12e37b682096c,69
2362,LMSYS,119ebd6b2aa5c90896c1f6693a675a7f8ef740330bf7594a729395b742d16176,140
2363,LMSYS,828388a6604946928d1255dea893179f6ff1141a0d75f6aac05a7eee74664a98,303
2364,LMSYS,24114867c00dc3b7cd072f69dfd42e63d38ad05cd86e063ec429c1ee25beaa7f,216
2365,LMSYS,0d280410428ff425879cfe922c01e66e1ced957408fa4e0af6d3122564be8f18,61
2366,LMSYS,c700f7a42ecb05ddea66efd344b4babc2b16916a1d945bb86e742653691c54f6,165
2367,LMSYS,3870842d39452d0d68facd358c6f4f3da70b5b97ef984c5d7b8b5c0c41383639,40
2368,LMSYS,1c217e91eb62821ca47a57c70a7aaaae6ba206ccf8aa0519dafa68124f4328fb,43
2369,LMSYS,d4f3faf36335a2413cf283fbd81387e9e4d29a8af345b5752fb27edd74b59821,345
2370,LMSYS,493ba0c338a474a56c8c41d9c0bfe4f0f4049fdf8f9bf39dc3678c455df7364c,391
2371,LMSYS,0ba1a2f409d5d9e093fb087ba3838e6db86b84e0348f92a24483f5ba5f7ed7b2,243
2372,LMSYS,0d280410428ff425879cfe922c01e66e1ced957408fa4e0af6d3122564be8f18,61
2373,LMSYS,598f11e38d327406c05d81053f53188e509a34e4e231ed53d56fe5b2faddda1c,100
2374,LMSYS,ca85b4fc99e224037b85369b737dee69166217acd9f49195601d9465018dc036,77
2375,LMSYS,c210b05a5c8916bc3207f4d856100ce1a2c8d44cc6f5487145fa3c57a8286d7a,26
2376,LMSYS,8fa0199ba100b617599e16fe8087675568657822ee4f09d9b54820dbc79c4380,217
2377,LMSYS,77127f4d83e4c14b2277c1010890972a43145171f874c85dfd42e4fc0f073e7e,24
2378,LMSYS,034862fba022686ca432d5d93846393f9171eb0008c565363df88a2b5bd7a7f4,28
2379,LMSYS,27011f0b8d8b21c4ebe58a84fe9f0eecccf25f03846b25e46e96ba95eb1c78e1,270
2380,LMSYS,1492d120dcc6e47571f92265e6b489f7171d1fab05fd2bf972ef0876878345ba,131
2381,LMSYS,b01b905e07a0faa648915ce585fa3aab9fffe285a054c75c4148eb6d9937f92b,134
2382,LMSYS,d48ee1542030c7fe29f041c27a68109ffba2285366c96f81fed1afcd142c1b80,47
2383,LMSYS,c46b16ba28594a426855594bc25b414b6a03b7353e59a944566cf1316714a9f9,54
2384,LMSYS,62aa87a339f1130170c3715e0dca87db56430fac46a04bd3fcdb41cf2f0021d3,245
2385,LMSYS,a5088b56be8fe4117d11a3f2a18dcf832c9de75fb19bb2c050f30207dd1e0518,158
2386,LMSYS,75279aab1d63afa8ccf60d51aad28d9519e48a573bfa3e10caa50e1ec9dd334a,126
2387,LMSYS,75f6d01d5b3591782530af0f8e1c93e8d3253da382dc90c94e3a8e762e8bdc03,34
2388,LMSYS,6159568bbcbe4ae4fd4af49d9220eec9a311c5d662b27fe56e61164c96b48421,29
2389,LMSYS,f962f7f9123d89f188a35b46bfdbe9c51045ef3a751f4790eab8ffa0375c8184,37
2390,LMSYS,fed6a915a9d9263176970dedb25b47565d21428851fae7f5c545ac0471567ddb,34
2391,LMSYS,876aecdd1725f0f3a91d8c5edbac359ea660c1741c8c50879ee1bf2d9d44d487,104
2392,LMSYS,839f80ba31981b6c16db2d24fed2c9c05a314c68d2693fc442fe0c2ba9995709,251
2393,LMSYS,9dfe6fd6579a5a182373140b2d65fc3017a403362711944d83f36f361f883987,270
2394,LMSYS,8a9cfbe2e6a67e1dd729fedc4abb529f58736f2dcf1c461f0c03fb9cef206ab6,382
2395,LMSYS,5dd80b60d0e17180831272ee89eac29b2897308ae9dd522d7cc6500ac163c372,121
2396,LMSYS,ac7e85cec56997088cabef7bce6c7b0263b5664a7217043eea4a511eb9bd7d97,34
2397,LMSYS,cc24751aea3c64fe81a39ff27ffde858577c6db1202da8ab4598455c263e8961,64
2398,LMSYS,611b538a9ac48004787c8c9416e7854d4d5ebb09eb765f31cd95d0840183fb77,197
2399,LMSYS,3421116fd55dfdaa7485fcada983d31c8aee09f4f3cb066c047789bd1b0929e0,419
2400,LMSYS,f634be850315331a137d7f25512870ed7af55a296e59e50f95f9fdca2ac8c493,35
2401,LMSYS,6108ed309dad11402e947b84f239c60644a44d82298ed23460c69cd835c57143,48
2402,LMSYS,e9ae5419bb347ce3aac50b7711ca485df84f6de34ae69914045ad784a42799c8,230
2403,LMSYS,8581c8d28a444c70d80bc1a4eba66833183cb64fb1ff54a5a5506d31e3ddd019,65
2404,LMSYS,13b1697869a2bcf91ac84a9334ed97d0a510d26f064bb7ce06bbb257f2697f3f,311
2405,LMSYS,8c44c69a14f89d77ab03c4a1e9e7c239fb39e6f5d425983e7fa3a2021816ff5c,347
2406,LMSYS,8ec1a58b4adad4e2a56f80092d9fac33db340c1b1f9243c9bcb3d7b158341f2b,216
2407,LMSYS,5602db3e6a2032a9b6fd7a6f9e05991f239545ff2d9f5ff6a6cc8aa6a232736c,62
2408,LMSYS,3085c7facbb8b78307ef6a443d4e56d5cf9dfe0bfaa14cd4581e30432f919fcd,29
2409,LMSYS,afaeb574a52219b8c81929f1439e9e1d924b1aa3df9a7350e7d1e6a4716784ba,131
2410,LMSYS,7ca17b1b6385e93dd222d549a4fe92aba5d79312b909c00fda67ce1dca16e710,434
2411,LMSYS,728aaa37c898e08a32e96dd653a49d487200870bb58785fe7533b6f6f4f04910,22
2412,LMSYS,6cd0ebc41dec1b0df2095af0aea90273520745a2086f2d659488f91c9e54c4d1,21
2413,LMSYS,502ba1acbb03b2ae5e05efe6650e66058256c391086626a8d081e4c63260a1e5,74
2414,LMSYS,0b3930dc4118daf2f0ee84390e88cd6418ec3e2aa5b033b7191f3d181318b2a4,98
2415,LMSYS,ca89abf10be5470549469829582200a0ee570ed3e8d36311882ea24dcad6866e,21
2416,LMSYS,c265f9d91e44623179b54c1cd812c078546c8f7c0dbe830eb724641d4bef6d60,444
2417,LMSYS,adf96315255ef3e737881a59d29768cb7749e1d17a32cd3fa079a5194fdc2460,33
2418,LMSYS,da7336d49a76077c7ccc5d23449c47b1c4884826e23314c7becc13d82ba57549,187
2419,LMSYS,daf368db6c5d9721914f593f53094013934a2533f1f832693a0ffa34b6d884eb,71
2420,LMSYS,16dcf876380e3f371c7fd0076eb30cd2240f3a1d169a9f4226b3ab08f8dafa50,74
2421,LMSYS,dbff9f0e83c13324d5f77135b3e0e667436de2b6cc9969546860323f221d4a4f,87
2422,LMSYS,984bb4f78ffe03178b3f73b3c48029005f2c8f1f824449edfe2c4f9c6577128d,221
2423,LMSYS,ae8d2b9acf9d527a066a3b764697bdc83ba97b879a67f5ba30e5cf5391e7a172,245
2424,LMSYS,73330aedea547d222f0b0d77501fde6a6a8db7cf6a6e9f170f7c1bb122b060d1,68
2425,LMSYS,8d835e909a4e18ab660feb1f964a87efab7e6143cce50cda3db2b25e6b37524f,186
2426,LMSYS,6676289dcfd416b15955de90018d8a165e55d4cc7f1eb101cad2ea38bb5d6763,201
2427,LMSYS,398f46defc026582a3e062185ad5344d5663cdcc8d54bf9933e82ba348bc5f4d,268
2428,LMSYS,4f4aa06e626817cbcfabe9ac55e975976427bc82c30a1575930e3247b99bf983,128
2429,LMSYS,672fab5bf96c9da07000d9359747d65fc056779174c9105118949328add73689,88
2430,LMSYS,1e8256e2d7bf11ab7944bc67dc4d84cd30b1e7042d48f94ce756ec1c90586290,196
2431,LMSYS,f773e730d9e8a251096bcbe43a835d203c1648688c96cd4106f3defb33c185ac,369
2432,LMSYS,4a7ed56e8a551bf0f302d1f136a3201cb37231823adcadbea2d7a20e10a9a253,199
2433,LMSYS,2b066bf2ec3a1c53ad16c790938726a530f4400f0b8462c95cedb362886a053e,161
2434,LMSYS,839bb7dc89734fb348d144472bdf7709bb73801cbb300c6b74bf9111319c6d2c,27
2435,LMSYS,26fe6c411905613c8864c210ef858d39eb1cbfdf8fb6898a858db5472eb6bd1d,261
2436,LMSYS,1a6c9451d6b8f516cc1fc85bf45db61d99d7466ce6fa594f0008d2f23b42298a,138
2437,LMSYS,53b3048a0baffff52c4eefdc0f6f8739023f7f06a17636ad5b9ee094c746c026,54
2438,LMSYS,4bbbc9699dd34f008cf901c9e50947490d30cdd139edd91963fc530635b50428,54
2439,LMSYS,271518eb601ef0eab746912c73956087781e692aaad770d080fa452e1b91ab9a,182
2440,LMSYS,ee92b0f6968d0c5e567471ce8c0620e7455a00c7a604300c0ec068f71d4247ba,278
2441,LMSYS,7c6db272224aaddea777d4a4d63e749029652cdd33837ae87e2ca3eb205aef8d,70
2442,LMSYS,fab334dc0b4c441230f06be29732eec03c0b84320d897c6d6a5debb6899307d8,132
2443,LMSYS,c37e693dcc2bd5df93bccb34fa99e6a4a6e29ec953a9bb63ed9a8e6b079fdaa4,66
2444,LMSYS,e19d5a5ef20d4aaa59a6b4bb90a5473f9e15b8d586118d863738ef43b172ee41,170
2445,LMSYS,7480190339dc3acded071f6d9134c0d24b5b25363c07a396fb70432fc0afde9b,183
2446,LMSYS,0b0e5be48fc3da3e2b78e98022634dffe0119cc9ffcc953ab7130ac0ca3e5663,70
2447,LMSYS,48adf3cbd97f89b373cf9fb0f8339ca370d6fd0322d8f23e92b0c06c9fe8a2e6,52
2448,LMSYS,fecfa49175006c5ce27d6eaff36a4be4ef65272fc8c6cbc4e56e05c580d70842,64
2449,LMSYS,bd0fe4765d17213b0743a4d78468d7edaf916e366467659723ae38bd95c283a5,31
2450,LMSYS,5c70b443fb7fa25815bad4a532fca8352c29efd4f89ae366c6a7c8f2ddd8de00,247
2451,LMSYS,2e0593fd7e126f28ffd9c185c249a0d125615ee813056856c2311c01f080d216,100
2452,LMSYS,14df6450184af7e2c727c68532a1cf64433e55458b6ef51f99fc3735ab548dfd,232
2453,LMSYS,e68b69d053f828a8fab8cbe56747985ce10e51a71280eb4c6ed6d20fe7230225,408
2454,LMSYS,a28ede6085b96d19a2fb928e4f7f45f93f2aa1019e1a9ca8745a502ea9ff5f00,277
2455,LMSYS,c2720f0ea3ddc167204857826dee9b6b4284e9d9c6186f00883b1ee66b4b3f5d,208
2456,LMSYS,95f04fd44418c4b525955c6c125d982c4e6bb12c6b35a8d7fb20e1bff9ed584f,21
2457,LMSYS,7c03bb7ce3c95ffd7551d02cbe7ed72f925d2353b45821aaeaba396a9315fcd5,75
2458,LMSYS,7091505fef91467c3166ef6aa2f7ebd55310a3bf8881fc2bb214783af77b98d2,193
2459,LMSYS,1b0b5778f855adc7ad57dc7b3187099cf529135b4d54fb9ee4d0d076140e8b73,85
2460,LMSYS,6b13796d40feb7f53c0732e5dc88f8312aadae11fa9c36112b4050a7d0b0ca57,222
2461,LMSYS,c0e183f78727b23bef60ec421f9229a3f8f675d4a227c0f364aa607152f95a0a,184
2462,LMSYS,6b3e7a6cab2891185edfd238c0d146cc3e3881137a1730e9b26540aac02b3f76,220
2463,LMSYS,6a0b9ebe72bbbc33e6a89ef16d8c11e11978282bc1691d9be8f17483c2786741,179
2464,LMSYS,ecff996e33c7d65a895b1d3920bcc2d13a4c91e76534310cef2591f6b795bbcc,56
2465,LMSYS,81c26a34fb73e2265517834be69752f959ca61bc9166ff59ea3b35f6abb35168,91
2466,LMSYS,81952cbe188bc7189e1216e156c89a9d0dc2735abdbfc1ac042ee5d06abfeed7,237
2467,LMSYS,4b5e225a40e5fcbcd26423a4245aa130ce1e383a912976559bc1354dd940eff9,95
2468,LMSYS,70b07a9b2f3d81f74e6488373f81d3116b20f8550114b53fa44b11cd3f8d44c7,220
2469,LMSYS,bacab3cfa0478c3f3356ec55c205418255660fafd5d51213c5aa64688f0a569e,110
2470,LMSYS,46af94901a939eabca138502a4b93aa9db064fd3e701ef0d10627f03b5833cf1,271
2471,LMSYS,65eb239d1b937018214b79b177403a4b614eb2cea69dde27b152ef1495479a49,240
2472,LMSYS,24fb486cbf941a70e26b70f78751b3823657c8851132f507198d60464a5b7a77,22
2473,LMSYS,286522eb822d8b7581767629883dc9c6c36d4a406ca5883808edfa0512d3c636,174
2474,LMSYS,ae59a5488291cea4ea50473bdc8dfc77baf5624e4f268c0329875ea81409ac91,381
2475,LMSYS,b0bc395eb761f95bbdee1286cfaaabaa9b30051bae8387cc83f9bb90ba756daf,123
2476,LMSYS,fe5fd94f565e18913419187f1b642fe45001bd8d1ad1a7b4d512590a2c72827a,231
2477,LMSYS,69de65fbc6d62bd1f414a29463458ad26dc6a1b7a9fbdc93db538d2344c636f1,63
2478,LMSYS,15b0e667e82906fe45dd803907868947ec619f5b3f4c882725b1f758415ce438,40
2479,LMSYS,7da578bb339902abc1420f429cabbc88b1d5f2de629483be6aa4ca9fd8b1e18a,457
2480,LMSYS,4acafb6243403dab0e5eb0cde3274658942ed8fbd20e3c7fb81477b8c85e5a09,32
2481,LMSYS,49af67490193a4e0f7c91b37ad23efa5102be3f7645f479b56296c52313ec027,97
2482,LMSYS,dc0c13d18d5ca13e030a91380e751c75dbcf1cb59bdefa84dd7f3e5823c99142,138
2483,LMSYS,d0d2006cffd26436f66f90a8d91bab36ff9d490c71590e27fcf7008e7845930d,47
2484,LMSYS,1c21f0847548f84a9501608b18b8831aae6956ca67b92219adcd2ad22b67d8ff,46
2485,LMSYS,ace76767ed73def25db97e11c50cd82e0081094f49df52c6d2d8a6c0e33bbbbe,103
2486,LMSYS,48c1e3cf021e1f4b3d6f52b485832a4f32d7e10f7da7b1571ac63d1af0bb2502,158
2487,LMSYS,b51247731e7e96c1aca8c5044e6a2c99e66394543d5a61be651d66295f4119b2,142
2488,LMSYS,f960ee50abd10e5da246697debc09939656cbf5e7799dbf6194ed2e3cbb258e2,397
2489,LMSYS,111a5523d16944298f4809fee49f0e6472d5ae0b36501b15a3749eeaa6282946,115
2490,LMSYS,aaf367dec884bdf9c3c28362620e0f9e7ecb42e36882001bbb3c069e8b9ab3e2,23
2491,LMSYS,0fe76af03436a40453c2e69462d0bcfb2d416fe0023d118a56d0faa43d907fdb,129
2492,LMSYS,a344f1d89281049938739c6ec103c3fc8763198becb47af050d6dd6938d349c0,33
2493,LMSYS,5ac738749a0422599c2d011ef9c066089375c5500b9ea5d183f526ed12f465ff,49
2494,LMSYS,e2e57efd4a541ee0b5b0f83a10ee905600ac83004775c40683f634e3b412cde8,211
2495,LMSYS,9b873c2ec9d63279bf428f8c43eae78c8a4029c281dc2d71a474a727a5fb8baf,100
2496,LMSYS,4983825eca834de4990fc463edd97690ff79e61d1f7c27b97a32258ab4f05362,29
2497,LMSYS,1e8bace51330aadd09692b07cc8e340ce809b595fac070e88b3b70c53990ce03,355
2498,LMSYS,738dd7496c4a5f48e77268b38b506f8863718cb6fb8f7f2db23b7e47af67df0f,72
2499,LMSYS,0bd7d750ccc20ea0db13bbe83ebecae59708dd21cc4e24d876cb472b2ef19a9b,174
2500,LMSYS,334e6336e22dec1c094dd6c785276416ef579b44c6660ebe0b50a25e5de0c7a2,50
2501,LMSYS,c7c42beb9dedde90525b49df0c7a396db89f45f1ea0a33b3bee749e96c840329,170
2502,LMSYS,551449d91a3d20644f6f7f624b8a525e640bb905f1aede7c7048cbeaa66bdf81,205
2503,LMSYS,0aa1e0cabdaa935facc423a5dc2960a27a0a586affdf04430fdde73dc1c15210,280
2504,LMSYS,6081e5d13b0858d1c0fce478dc7cc22453d5be876ef0b2f96e98d226bba25ae6,38
2505,LMSYS,003d644be5d1c77408195eba3b981edf1eeccd789d7e5deaf8b6929d3b958bbd,29
2506,LMSYS,979fe26160f92f32507be93e15c1f0dafbf390227f463e223416c3746a08b44c,108
2507,LMSYS,b0b48103ffad5144e778772163da2c9f70f020a5d79e5d6d5909f3471ed34ed5,618
2508,LMSYS,3ba3e21e98aea981999c443c94c542b09cd6c51b88d46e47ff57335d9df7d9ee,381
2509,LMSYS,8360fecc7e9c2af447f9579a5d8610caebf17ae8462d51e2fb51fa914756acf2,241
2510,LMSYS,dda97f49e8cce4badc891cd192f0cb85f3b6f540b234dc31a14184eb14dc6770,30
2511,LMSYS,3039e9cbd94754a6cf46076360c63209f2a08cb70919425261b982db9f635043,145
2512,LMSYS,6bb24827a501da21f4f4ba8f530de77ea91bd2da7dc9d9a3f54e50002a0eee26,124
2513,LMSYS,4a1b3e2f71653957586c06a2971f5e9bd080b42cf4646ed36d81734e97eb9eca,25
2514,LMSYS,a7d167d3c31b0b0a16bc5b53adb80a4bc83b11b9b56f6c87cc5881dac546efad,78
2515,LMSYS,079206b20e9e16a63882ed0ecab9020a35973d8c11b226dcef28902b848a9670,282
2516,LMSYS,31ba5717b1f47b6b87d937e23dfcf7054dbdd8ddd0f6bbcc829479e0575ec2e7,253
2517,LMSYS,c4b250fe92d8e4cc4f891edac3395065daf447a4a762a4e1d1bc2692fa217e6f,78
2518,LMSYS,890489c5710400bf7f1032ce4819a4b3591aa23ecc1d2d5b41fabf1bfab7ac28,229
2519,LMSYS,9920fbb3da824d063cad23785404fc0df08d5cbdfc6f4c43cf12408d23f64ed2,219
2520,LMSYS,e6d6d3d457ecac220c94562caf385c6424faea27ab2200d37141e5208769fea9,237
2521,LMSYS,0b55c5980879636e4c5eadef1d84fd9a477fcb731c6c99902bfcfe48e897f31f,101
2522,LMSYS,ed762414705a6cfe20ab89cc269563e2a01c82186a5a5a175f530e0f6eba1454,86
2523,LMSYS,ab9b876151860ac8a11b90fe1038bbe40d49e0392eeb8238b8345a6ba67cf703,46
2524,LMSYS,b3ed0e17ae4f81d0c0de9603bef9380cdd6f4620a7197ad64768b9ad0c12f3e5,154
2525,LMSYS,2508a7d4b7d1c767487979dab8a0347059690c4e24494915bf2de5e28cc18f7e,317
2526,LMSYS,aa51bb8fb3733c74e6312cba7ecbd1c45118144ac9654d6997424dd4afe61792,105
2527,LMSYS,9dbeba6e90ce46eb635e61e0df3a4ccf75f6a852e700bdbe1686de79d29e5cd1,163
2528,LMSYS,d21660bc8eea48051c8855f8d398772c53334279509ca3f069ce58b6dd269c1c,449
2529,LMSYS,c2ada5d6f0cce489dd1c260b348b08226bdfc6c1db211eb018092807a376a403,26
2530,LMSYS,ea35803417b9d0a14b2d4dc847a58618285e4a42d56c2c60e631c2b81071d3f1,179
2531,LMSYS,150eb3d3f7c8857d83048ab0b0e87f1a308d69f24f967a810026febd9add02bd,39
2532,LMSYS,3398ca4019bd7b78b98d7d9917c8500ed175d64604c1e2333124a92809fd4788,74
2533,LMSYS,eb8e9d666c526e747e30751e15c0f10d06d686d0e20c2ba00320d596be64eb16,339
2534,LMSYS,00b536ae22d46480af078c1e95c013438987d3d32bf7469faf105cabbc4ce4d1,28
2535,LMSYS,3c77480ffefb64dde1d243df712d9c3f994f769faa3f207d4e912fd192613a32,359
2536,LMSYS,405679e9ee964ca0108199aa2a905b5c56975861bb1a4e08394ec7bc93979fd8,404
2537,LMSYS,6a3c716fd9d10d7808ac32ea7899c8026724efba322c7929ce376ea2258956c4,108
2538,LMSYS,696768d0effffee5e3e76f3670a9badb03c4d59e1214b00933b437d03f8b22b0,57
2539,LMSYS,1d5e8ffd44450397f1e89a0d9305eded2b9e76961e4f7222be9c29e658a4caa3,71
2540,LMSYS,838ec5f77880f9fb90ae633f090b34f661719c94bfc93e03b2ddb592cc145bd2,371
2541,LMSYS,6fc3d859df7de41ea4aaca86825e33fcdab43fb71406db7ae1208de8096ed4ea,410
2542,LMSYS,29b6b70c10c8745c9ff0a10663d088f04eb1d8f763d17c08fb798853573cd6f0,73
2543,LMSYS,51ced814ae3bf4bdd4c284d1308c0def634dfc10a694f86abc0739951349662f,220
2544,LMSYS,774bc2c3ae9d354e741e858bab6a90c63e40100d36d0508500e9f5b0e4b2c9fe,229
2545,LMSYS,a8e2f72722b7310465ca300995b0e3137137930ae2a9ff5fcd3cc2ed68e65349,88
2546,LMSYS,8771f40ea8a7e89083b7d456b14901c83d4ff321509322f9de897f086e185675,115
2547,LMSYS,a7e68581314c9396ec744e8d3ffc6d94139b887844ea179f8fa63ef8e22c2286,54
2548,LMSYS,419f4fb74f37e7ffa9ac7d02147f42f7ac23e5af8008c97735c10be9293c825b,114
2549,LMSYS,a346c5f446893b55bf929ed0a4f21b89fd770dbf19ebac24407afa0a5075004d,24
2550,LMSYS,04c555d00085e9d0569382f5d21739da0ba0f7b06e035b1cbba22c10816dea8e,65
2551,LMSYS,c26def21ff440cbd0acaf82c4171f109d6b5c088861ef136d28b883b365ebd25,86
2552,LMSYS,ed002f8248dbcca9dae6e46d2ec45d29e31e51a63eccffd0b374f67ff5d95751,434
2553,LMSYS,425dcf9ea767370679ccbe77287ec7c239341acb307ae635d5164289c98b6c82,53
2554,LMSYS,c5c634246bcbf398ea4e1d9f61b78163b395baadc7710acdafb2e722c930f7a5,257
2555,LMSYS,47d9afc395c02a3e8c09910f41e516f100cb9f5fa60900211b64e4d08493c43f,218
2556,LMSYS,9289c5f3d62727eccb3e504475aaedc8d722516555ca82c08373f0956f9dc854,138
2557,LMSYS,16296f09db8403bbdccffceea7c8614b81d045e9d0690d3518512bc35e4b64ea,303
2558,LMSYS,578b65b60c32d9c2cbc2c8b56f9d799ef426cc9c889c392d660934fd478dd81c,67
2559,LMSYS,96fbb1272a0e731751c9277431aef05ceac5ace0e23204f2fa39fc6720d7e616,32
2560,LMSYS,7640a92c9a1696598136fa360d9feea8bab360d6959e7b7db0504b3420af7242,283
2561,LMSYS,532485700d90bd07cf49cf4da96ae61f866873bc171bb9c92abe81260ca37c4e,339
2562,LMSYS,83b4fee222be6b1fce0e2804a82390f6c48259e728c87559ee24ad7ef4fce701,149
2563,LMSYS,58e96e08549fcae9c836d5aac6dfccb1eacea9ce56af8ba508b7b595ca476956,210
2564,LMSYS,0e7026da8b24c5f396914a1f57f49dfcd75fe500b89b7435756324aee3000489,82
2565,LMSYS,60591ebd4225c7c60c814c59dc0eccf8e63554e40dcbe363264005e9426e82b5,391
2566,LMSYS,0fee15efb45845a8a5ed4e75c55daa6ae7792ba67bbdc8786bc2ac9c85e559db,67
2567,LMSYS,b300e3e7ad2ad3f78b7db25c69de4c643bb28389e04bd8e69d643e2748d6aeb1,256
2568,LMSYS,a0851b2813aa82cbf564c2cbce177966b358fc816779f9d7b91e44e6ce0dce5a,165
2569,LMSYS,0b38a45016cf006ac4897765004a518e58c53abe818f872f81547bd03aa310b5,244
2570,LMSYS,940c2dcd14a8b36ced0dd8f15fb110c72dc8433c40ee6978d7770e96e417dc80,239
2571,LMSYS,409cb7d26d52459dfcba75e8b27990fc6602c720c38bbef0c4d4876de96463f0,43
2572,LMSYS,9804209b0a92b9de1e0365ae45f2b1bb33ce3024a4edc2b68d02c92b1f211ecc,157
2573,LMSYS,edc253e7d0be54b69d4cfd58695b7f9c8443ab5ff99103098fdbf0b8085a610b,390
2574,LMSYS,025440a1262c89240ca30bf55a01912af20a7f57f4bda760bb0de12367098c23,124
2575,LMSYS,816b5163647f310901bd80883926d2110fc23190ca35c4e9ab27a3854acb6dcc,129
2576,LMSYS,59a71b342fce081824b2a298c1b66a39917e04f4b41198705d502f7648fb5d14,30
2577,LMSYS,923d22e5bc33465b9bf543be64e6b6f6db9839735da7690de24bb8fc065b20d4,197
2578,LMSYS,90dc725ebf94db0dfc943d2214933a3a8131cbad0ecae41d9e40ae19a042727a,124
2579,LMSYS,a176f5228a8263f549c4dc98b89f4d8d3680ff1c013d19cf47dae246becafe84,116
2580,LMSYS,198b0042da00b2e3bdfefa4cf282d9ee86eed238617ec0c35936d5c43086c51c,121
2581,LMSYS,0ba22f9df37058c0374ef918e4fdcce4d71c81263c70c06632db96b37dc90637,103
2582,LMSYS,4f3116b9f952cb5c4950e4e0bdbc0fc3f6f0869ad91d048eaa55e35324e03071,259
2583,LMSYS,b169af3d3652a5a584f68f3df058dce1d52e65111f71a8b791f3b7f414e205dd,439
2584,LMSYS,a71fa142c477ae04aa75a123a0256486fca2287be595742cce5d231e18d95f0d,132
2585,LMSYS,531312a48aa3b223f073ea39bc3f53b7bbb9ff29308707780ff0d43b49cad31a,206
2586,LMSYS,2ae47ea6f7d4950b80218a38d0d84392a331226f0eeb75e82aba2dd161e517f7,437
2587,LMSYS,95650e3ac13bab08dceb8145c95512dbb0dc787ae262180c4c2bbf88ad12ec70,240
2588,LMSYS,8cca489eaebdd11ed99864ebef132207b406610f35e152f690f21a780457ebc7,55
2589,LMSYS,8f8fc00d5bbb1ac21e762acf5c1dce73a32eda59eba9f47ecd9408996cefe7f6,25
2590,LMSYS,51f1a76a00c4a8e1aa7a4e41aacc1069e7194af7e32dc741fd83a1cbf1873696,41
2591,LMSYS,6ab4a9346b20bc7017a37c31d44f6bbfb588ae83e0dd1cb2d3f56b552ead8d77,368
2592,LMSYS,4f962cedae5e7275112221b9fb22afad4df572b4d6dfa78f087d73c64ad75520,116
2593,LMSYS,c9fd5244e39acd4f1b9640a8c3d87a923ad7b8bc783c5570e0d3020b64cabc54,146
2594,LMSYS,d620ef68e0fda284eaf343e372c9dfad7586b549c997c88266f5dc4279c46450,84
2595,LMSYS,f21f79ced5e3cf249703b286bff02e748503753bb7c8dd980ab230f00d8b7c0f,78
2596,LMSYS,4c49d9d71d5a69fbd1185c6af3eea4f15915bf63913df0f45422db03ec16675d,146
2597,LMSYS,2107bd467d738d421163f78e97090eab80848fb0df12724380b0cd08a1804735,157
2598,LMSYS,da4b3af8bdc1025fee8e6eac05aadde9f6c78e0be12b2cc99f5d4c48e58aa8db,239
2599,LMSYS,f317aebf4d22d2fe169e0bb4429d8801edd395e0ae05faca1e0d1aa5756e1b39,228
2600,LMSYS,bd1aa4707dadf6f3614dce79344e41d7a848ca3cf858fafe989a600b6ac53848,89
2601,LMSYS,a6160584f2f4eee6ab197ed2bc4c559f58866cb1d779b34624e33c09ea268b2b,298
2602,LMSYS,30f051fa1e59c81c99f37319b43688b33da0e991abd13ded55542dcc9da2b903,298
2603,LMSYS,70acfcc34966cd54b041e14c9c9cf76f82065eeca35ced2b0dd40b1596745430,359
2604,LMSYS,39e4b098de6b4639f1162e9054ad3bfd30d394cb6e499b3e91a20653f49c1310,301
2605,LMSYS,c5c634246bcbf398ea4e1d9f61b78163b395baadc7710acdafb2e722c930f7a5,257
2606,LMSYS,22da9984c660e76d048235d2bc8116922954e1a6756a65df5f0bf0b5111f8649,143
2607,LMSYS,8826e0ded2efabe52a9acddc803f5a6a718fafa02cf406991afff716291dfe43,142
2608,LMSYS,88aace60811012ddb71c5fe42deb7e83b091efa2706d8f05a41cc3dc62d6e428,356
2609,LMSYS,46a886a0b36e0675b91ba61d3deee443d68d2cd515afd28a39d6aedb875fc2e7,243
2610,LMSYS,988764b52b4718789c5dbb10a04f117a9b24c128720ce50975b43d3044a6d56d,254
2611,LMSYS,c6e38fb9740cf54a8c2c39d644ad861858b654195b6a642bcfac54bfa26c2e40,45
2612,LMSYS,6ce51b758e33ec88346c3cab04e98e9c2147472ff07b08059bedf8cf1a15e685,404
2613,LMSYS,6cecda70045a0dcb1a73e7d6996ae571860501f9c5f4bb22b1ffabb7f80db4fb,43
2614,LMSYS,38714dde6336c552b6aee3878448ffb545e4acb07148169d143ac9109216c360,56
2615,LMSYS,74d79dd1c4aa19799aeb6a9cde9b34e6bd82dce825cfb8afb22812f829da48a1,67
2616,LMSYS,d2629640af21ebd659b3a73d04b0a80ae3d14efd3bba7aa43ee2295861425546,68
2617,LMSYS,60b88747fcac6762027d446ed9a758a987dd524fc7247387654735d36da8a4fa,45
2618,LMSYS,33a704eba8849e983796f19f249e1b4b374745a854778ca385de61b0951e8212,96
2619,LMSYS,3e7624b781008ffe5497f62555b52f599f8b737c84950d1877b5008acdac766b,371
2620,LMSYS,93fe397e0ec6f72884ea287efdbaf2679d0fdab830f94e430abc04f800ea486d,435
2621,LMSYS,2893d2f178fc2d4f5edd0fa6ba16e24c375925e12e6b68873f7bbba347a7c18f,246
2622,LMSYS,f2bdbc434560b5276923d8c729551d9e8e9ede94a3b574babc69a001ea92e3ca,42
2623,LMSYS,1fc709e6bbf09624ecbf7697e0f0d7f42560abb70df44b8828904c52c1bd4a10,55
2624,LMSYS,1142a52c7bcc04c437df71e52bcfe1061652d10cb2b36800cea0495c6649c9bf,163
2625,LMSYS,cd6927abe90a42d10560a1fb7e8b5db428224d404039a444650e090f4b75b69f,27
2626,LMSYS,bf52d08be5a59655ab61eab2435f7409ccb59fcc0ed5d058f1715bfddf4ee257,241
2627,LMSYS,9d4c3ebc16e2879d5a8de728f5c409b1ddfde619b20f4266bcdc945af3ff969c,41
2628,LMSYS,bc4481f2c5db12ec12baee2094ece77d716bf7f3a1d95229fd860110aea72406,181
2629,LMSYS,7562ba5605771fecd75b5697b1316c421e972591eacbc9f725ea27b75653848b,291
2630,LMSYS,2b23fd1fb5e5080023f593783d94e8af3f04f11f8e2cbe308f579d3a1cd666a1,245
2631,LMSYS,e17fef36218229d5b2584b085a5142d6351bdf713797b00ea9b358dce5b49613,386
2632,LMSYS,402258de66c1113b0e123797d607d8b8f1be8fd96d3b3f8f7e8abafb323e0f9b,69
2633,LMSYS,0b937b1f7597a7ece924f2e0a91aef421793b978b53ec4477bf1d1a84a48e1f3,215
2634,LMSYS,0bc240dced5884841c16488e66a5434796cec92947b30f928bd1960db6138915,339
2635,LMSYS,6c352fba51405163f441a261002272f1e9c97cfd4dbc4b29ba04468ddba91e58,223
2636,LMSYS,1b8a7ad4de2737037983dd26baf86629a2aa1090b89adca427569d27709cfc05,134
2637,LMSYS,12f47c9d51b206aab3477c60dcca9c5f916a9e949fda31915505f0faab3c43e7,331
2638,LMSYS,d83e0ee55c63e742b9db5e521e7921c7c6f77843d6d1ee3d4db1e1889778b5b4,290
2639,LMSYS,00e211461115041d81c646ffe42d530c79c091f3e9b911beb04c8a2ae885a694,263
2640,LMSYS,663bbf544e2696f40a7b958bbe0917cf0c823357787bf3306721e5a605485e0a,400
2641,LMSYS,faed81aa43c4b4872a5c61c4f5b396f69f8b016e7a24ced8096020f00668493d,255
2642,LMSYS,4baf76ed04a56c05c968b50df839e9f643cf714375887c1ce451ebc51013d476,61
2643,LMSYS,6576b7c938f51b76905f31da5e1fe8ce25df7c9d93456c8502b3f9c1e9152a3c,262
2644,LMSYS,5981c231431ab1c935235031a1d4614866d036ee13f45ae1d711378b1bc7e363,209
2645,LMSYS,f8f2a103719d9c2a2ccb11211f06dee539476eac1287a63e4ec1ee54837dfcb1,264
2646,LMSYS,460c0df16996e68b45b57fb244b07e9f9f19649d3130db7a648c6199722bd7b8,246
2647,LMSYS,d23cb1bf630bda6968b08353f03c8825e1f5d6f54e47f272c6562f126dae60a1,66
2648,LMSYS,a1a69882774ec3cdd77b648b80c81bc1d599f2eb35754cf6edb3982bafe6191d,159
2649,LMSYS,5c70b443fb7fa25815bad4a532fca8352c29efd4f89ae366c6a7c8f2ddd8de00,247
2650,LMSYS,a0bbe0da823bcc67bd4792b1ca704bce75709b755cbacb81e01843ae2ac3a805,108
2651,LMSYS,ef70fe38a6febddff641f03108ef03b00f12977b2fc2f134db2b557f378e44fc,238
2652,LMSYS,9ba942b94517d7f0a24ab65540b0c6de142e483b8dbdc502ca125980ac5f0cc1,21
2653,LMSYS,8ffddd02960ff5cd5fd2be04a383830493f1cc678cc77ce2defcb93acc214e38,60
2654,LMSYS,b6156051aae52f10bc20499d42bc888f8fb4177b9b2834e55ba4b909a1a2bdfb,378
2655,LMSYS,e1c453340de689a1d37f365f26dde93e2d9dda5896688d899aa5a84d26f9161d,183
2656,LMSYS,08910a2c949237e525730c13e6d8ab25df3ada54ab7f962e9ef77d1e5099a573,187
2657,LMSYS,162e94ad75d44a8b5d86ae34f021907a0a723816f3f8d90a162b0598e9244573,184
2658,LMSYS,1c4411a5c06331314433ebf387607ae26095a091e66791bef0d0729c9aaaf3b8,67
2659,LMSYS,6c42828646a7b5638c1381f4e5fdc8bfdcf72ce28c7340354e394352d5eea3d9,417
2660,LMSYS,c66e4a45da36e2c8695738c89b6514a72f2a167d583f3f2363a040c63a2919d9,81
2661,LMSYS,b6e3c4963617a14eb33188712b1db7907d942bfe3ee8bb459e0cd2d8e1530ad0,392
2662,LMSYS,3ee00e0719f904b5707179e086833a517d7762d2e3abd3e31f9c35c9c7828b9e,177
2663,LMSYS,aaad3215f882902c39c4f848281b2b3d4a77fbc6eaf01d5c3f86e56e3f228c59,24
2664,LMSYS,671c07d0d04925ad6c8c987d3c1c5a01f22ff0efb7e241d421a49ddb41c7b22a,26
2665,LMSYS,78dcd247946792618d2e1d69cc8ccc7c0e50a7d66fbc6fc59d8959090674af4c,314
2666,LMSYS,c14e13b66a01420d5616f4d085d2cd051faecda5f7d9243e47d0e0750c0b6e08,436
2667,LMSYS,8e04a0733ef917756ff70662d67e44d60e02c996b937b1419b0c0beb47a46460,215
2668,LMSYS,539bd31a11ac6397c979b5a37d304479f898390ea384271672a37fce50e00c67,303
2669,LMSYS,0b07751a7762e476892aa8c7ebcffa899ab01a3c766e970449ef23bc051ddc4f,237
2670,LMSYS,7eeac4318b4251a53b2b128554ef2a72f0122791446a70c4cb90cbb7ee20b469,33
2671,LMSYS,55d53c5c53029f9ac702d95580b3d9093903859234dfc2c63d4bb054d87eabe9,71
2672,LMSYS,48dbbefc01088c8586e9a9c95ccec63eec563739264caabb7a9985d35e39cf5d,240
2673,LMSYS,a1977c45aa3f32e5477c009ffbee636729b88f1fe66fe46991dd6af2ecdd4a9c,23
2674,LMSYS,39f076edefd3d9b506ed5d27ed42f7aecb97fd59429f015afd69560b71c9da37,65
2675,LMSYS,874fbb606d49eca010ceac243a8fd706cc279bf9f23a8e457df96fa6e9e1e7f0,48
2676,LMSYS,2ac8b464940186941e40a04ba577eb7a1b593379b126f0cd7c95fc4589e02fbf,404
2677,LMSYS,9056ecd335caaa95f871c6ba888d4605ec08eb5f7c73cd720b24250893e42c2b,52
2678,LMSYS,446c4538ead364e35e6cb3773c005d65cc3260f4d60a60d7f96bbd372d0aec27,143
2679,LMSYS,46af94901a939eabca138502a4b93aa9db064fd3e701ef0d10627f03b5833cf1,271
2680,LMSYS,413b050110f641df92fbccf0c92f374fe7236fda9957c998a3513f92fc6c08b7,445
2681,LMSYS,100475961e7c05965d371d147ccf03e1c3ffabbf76c82c4ca06ed42a058a07b5,45
2682,LMSYS,c2db74ed6f7e9913722b7aedac2e2bec6a579ed2f030a3425fc31ddd520dad9d,175
2683,LMSYS,36aa45f0b410928fa1fa61a18ad9f0c79ada566db58903e01e8701fdc4194ad8,22
2684,LMSYS,22cd2fc1c163a496a911e1508a84b510596ae2132d67e0b866b9694d4a4d1a1d,140
2685,LMSYS,47a65601a541b62b98d9e35a298df8ff1a1cfc3a5def520443c15f9d58e1567e,82
2686,LMSYS,654c7fc729ea02d6d7e72578bae09cc48639a660010cdf5525de226a1306bd0d,49
2687,LMSYS,01b99af02be253e17def2bacebb295d510f8911eee02f6f55648028669ea431f,212
2688,LMSYS,7d9d6017571315d48c20287049cb6d4bd3a61ee7cadde5adf869fd3eb6644a29,159
2689,LMSYS,2c932aeb0f06868137ff8464114ba473bc8408977831241f80989bb706b68887,255
2690,LMSYS,2f52299e7e96f017180a6a92bfcd73e7a58cbfe227fedd445caee4f5cc74b843,243
2691,LMSYS,e57a8ce02e50dab12ff1c43c909fa5177119e65ac405b7525ca9a4eb3b7c996d,85
2692,LMSYS,fad7477cc8c6cda192214ebd98db593299ccc412cf07028e4a3e3ac995f8e451,170
2693,LMSYS,20e045455bcaf0ea9fac2410c633373196ca0abe5481ee049d8d52cc61487827,36
2694,LMSYS,4061d92c6fe242d918ed73c7e25c0c3ff6c79900d64113164f1b69800b6616e7,213
2695,LMSYS,5c85c2007dd9af1625265ddb77136075b9a0f78bd18e8492eddb83eb9e9ea4b4,116
2696,LMSYS,2d6ce70924034eb96e094c7ea39e995acda2e6eb67ff5dce23bd764fb993ca40,263
2697,LMSYS,bd5b6c54e6791c8539bf0c5f529bef2d84adbfd0ee2228fe4b1290bf2ec7e34b,224
2698,LMSYS,e6a191cee426a9d0739a5fe68e3309da9ce4ae3fe8c4578c26b601868fdb6503,22
2699,LMSYS,48878b1d3f241176da8f73acd8e45df5385e1e1fe984c69791a8eb13fa256a32,208
2700,LMSYS,ba0996fe92a96135fbe58c2bca38146d23cdba362874138331ab10be7bda7b66,24
2701,LMSYS,1ae556daea3dd8a046a34d7523625231445365d789d8a74ef111155d3aee0cb3,51
2702,LMSYS,f6cf413da3337a4576be4c4fc7744f16003c74efabaa57389e78e0db2ff1d353,121
2703,LMSYS,8fda65bc8a216722a5cac186e833d3e10505c0a04df016f8e48453e1e6e9904a,118
2704,LMSYS,afc740d021d6d06665cbd3af9b744fd3ecc0d9b5eec7c97cf7ac29885a3193b8,64
2705,LMSYS,f4243de50e79fdf4473dbe00010cb07b8f9d404a4b823d0a93416a40f0fd5e15,57
2706,LMSYS,782cb93cceb7996602e0fbe45d4f7acbe2094ea2eb15b48ab594fb5597c21696,206
2707,LMSYS,bdda744ee54f922b2ac30447da2977fa5bfb9f0d14c3a4e91749b1c89923980b,22
2708,LMSYS,41be1b645485629e7a308b32fcd1188bfcb87610ce40c0420b6de578868340c5,57
2709,LMSYS,d557f8f7c90e3d531142ab6d85eb44e7b49099f437edc048eaa029958b8bde73,24
2710,LMSYS,2aa49910f3f951ef41229854d1636c0faee3eea37b7b5dc0d428931d7410686c,161
2711,LMSYS,acdacf5f34be626d4a14da23de37c7943892880b3e50ea8ea0a111e77ef6eee6,68
2712,LMSYS,e6492f008b5dc65b01ba45fd1cf51796f8f7b21baa8f0353be3b78cae0a2439e,45
2713,LMSYS,dcc45f2c050b29f9a153647ee9f158716472e1a487b4073aacabff062052bb0f,437
2714,LMSYS,1f3b80d613b6508d2034683a4357f5587ad1b09a22ba674267f4fecf6c04caec,236
2715,LMSYS,3394dec38a832ddf95aebd116f912aa5467d0b9dbdc35390172c2195d44be48e,198
2716,LMSYS,1ca393b4ab98097cff3055c4a2f62bfa401ce2377aa47427efb7bfcb157c1962,144
2717,LMSYS,9771bb5359d2b0ce3971ab71ad9df6ab47b9aaa7d8bc99697831cf084aad87e5,29
2718,LMSYS,8ac76b53f5a20e5ef5587199e48a02db0e3d446057731e5b900e0c411b7e5c2b,25
2719,LMSYS,032a91b779de81a64ecaaee11733d0c3a6e1c21c69d280f1cb0975419acda1c6,238
2720,LMSYS,ac1e8680c85295433d279a26cc08556040fd7f07ce1d0cafa331ea9ccf3332a7,169
2721,LMSYS,9f88229aa7cd90000452edf1adf34f2e7f57fe948e7904349f4a6cbf02dcacd8,211
2722,LMSYS,aa99052ae2690707a3dce99bc3bc8d49a0ade30167b75e9b7b6b59ba2b358cc5,103
2723,LMSYS,1f867938f1ad0d0c4dbc86949d889302efe3975631a70803fe98f7a0f4eb31da,66
2724,LMSYS,634cb0a93dc156cf598bf4ac0f28f7fdb4b25a050598db39cd0957d2958511d4,261
2725,LMSYS,fb5b9cb216297e805f7d734b5ebeb30e61397b76b074b21a6b63baf8c45314cf,51
2726,LMSYS,77af8bfab003b20c13b69d10952865e4b7821149f516cf9e25d30b907e5cd3f0,91
2727,LMSYS,58e8892a5f49707ab0198d24c6b00c766e23111c512ae16a59886666115d0984,128
2728,LMSYS,16a7ae3eecaf76f7b23454263f2ccef2341baa11f4ba3942bc242886e2b84649,217
2729,LMSYS,4a7ed56e8a551bf0f302d1f136a3201cb37231823adcadbea2d7a20e10a9a253,199
2730,LMSYS,c0316bc320c47774200dbf62ba9b2e9051461e7aa2e92e481fb9c260f667f33e,24
2731,LMSYS,7ec3ddfd53004aab81040e05c0a6205ec2d9e40dfeb298559201f5f81513ed71,197
2732,LMSYS,7c15efd003fd6701b25d0f3edc11e15f668dcf64bcd3515a47e8330b34232757,134
2733,LMSYS,e572c5ddaefe247f2744ff7894229ce0ba0061a722559e8ca8abd2f88faff4d1,147
2734,LMSYS,80202f8e428e2ba341710927820c2852d0b829f676ef1388320f4f43a3951172,274
2735,LMSYS,5f9cd95489ef02816e296ec50adf19126e5a933a09949262dc5cb3b87aa7f311,66
2736,LMSYS,a90ab2acc00dd7f1471e52693d0b033b409281334fa59c2a6dfc5ab6e358b27a,28
2737,LMSYS,cf66005871d20ecc511aab7412d96db8ac702090f17a302ced07a6a2283c34bf,98
2738,LMSYS,339c5de6e158a17815ea270dd73e7abac81a05ab1e233a0c002c01aa54a5b9f8,184
2739,LMSYS,0eda04109776d602e8d2b72a3e055a21f17e0b6bfc344defd678fdadb39a9579,68
2740,LMSYS,5fcbde813910901c452eea3417aa725e8007eed522590cbfec71af618cac8b30,43
2741,LMSYS,7fee872f05956a4531146bea783101647ec0542728338d36e75d4f21647afe98,283
2742,LMSYS,b30ba1afd549c8824d23b5693fc0f3d67f476d9232a2fdcf9f61a00731acc716,201
2743,LMSYS,5a1b50678577be44575cab0d4d0a243dafe1425c118f92ac0503ff41a2df7e6e,203
2744,LMSYS,7c7eabd9d1770236559ff7ea7021d7c8a42f4c07c79913460503867efd0cdee9,223
2745,LMSYS,f98c9fa4dd1b78e4500f35c13aeacb99ca93d3f3222f33aa33a9def6126e8107,281
2746,LMSYS,56dcabba0462e2d6285fffaf0be28876c8e23824c7b77bf9512d1f36db821b22,299
2747,LMSYS,90378bfe848db6175df090539aaf116ab21cc74de4470a04c5d5588831e55954,22
2748,LMSYS,519faa4ff67945239865c55f133bf8e3162f52c3512a61bf8d0ba1ff4353aa0e,154
2749,LMSYS,aceb9497a1c1514fe2503a588c65f869b29d84f51199f35c4eb5550bc6336e26,408
2750,LMSYS,0aba3f62806cc57dfce1426aa75ab77c865612ac32af642f4d7852527f7cd0b6,70
2751,LMSYS,0ebfaa6c167c7f57aa27b1636634294486ae6de14071e94658bf92ad3e374023,115
2752,LMSYS,63da74c9b9a9a8ddb937dcb3a825e4f1b78add13a7b8592f489520883f559f6e,61
2753,LMSYS,5ef7627dbce54ce0c7f94d7f1a5c02d0d001bc62e7056b3df2a263fb9b96fea0,205
2754,LMSYS,2e1e4aa01741431859325bff243cf5fb3369615ec108b760290ecae3e8a12d28,90
2755,LMSYS,d843dfac2d139fd2881e031cbf89b31b83df1250c91f8e9d5364952f55cd7be0,159
2756,LMSYS,90062ef23c19ea7c18279c07eeef8036972853461d416bb6320adfc5032c2de8,372
2757,LMSYS,155c176e55591b9aa72e0bc795ca701f1b2edbfb9f705dbb249dbbda0c33a155,447
2758,LMSYS,4d9b51040f12016e9c675ea7c278e4c8b72fa6a9c5d1bec0ad1deabfdec906b3,267
2759,LMSYS,ba585907c49fdf0c67103819b8cafdd3a5ab75d55b4f463958f2db6284e5fa30,34
2760,LMSYS,a1909e3da46fbdf68dcbb656d679ce3bd0eefe1757b0e0e67011ad34116f95cb,256
2761,LMSYS,beda567442768694bdf585bd14e4c01d379ffd74e298c6628f2f58568e89627c,108
2762,LMSYS,64e0d4ed35ec59a78d5c4003d48611689d70f41f2470ccc1242654742e436fd6,206
2763,LMSYS,9dfa2b10eaf0df3e816126e723b784966e67a5b528a023267747d0749fd8d066,103
2764,LMSYS,ccc4840899ed3a1637023eef28e642e81c170903f1ffe815a36931268665741d,57
2765,LMSYS,769d425fdab5cfd0dd06b729c83912e828e3de1a27e03f71efe1282c8313b800,114
2766,LMSYS,02186fb73003b49ad0327c75ae958e40d5f84f31ca1d3859bc090938f8c28817,85
2767,LMSYS,30f85728992de714be6d307cff4619bde7104ebb5d6869903025fdff726975d9,109
2768,LMSYS,804580fa6bd15f97443daf42f1e80c1514fccd779df947076fd9110a65446f1f,65
2769,LMSYS,737bc2f5978455b7b95636e511add39590bdece1552f9206bcf8e1d7fb3eb253,151
2770,LMSYS,b434e6ca44c6494d273c22546e069f2658a6b8969c8d80d4d0f64459d3cd08c7,143
2771,LMSYS,20780de67d273c90d3cf2113d1f2f6205407076a4e8c2adbfc065919231aaed1,253
2772,LMSYS,f0bc00a5fe3831bc552aefbe349d9994a5060e849bfee4cafd5868d961826a16,83
2773,LMSYS,d3ede892bb4895e71bdb6f5fee63f56b3bd788bbe9c9fd1a3e0cd53dbb699098,27
2774,LMSYS,4fbb874ab975c6f5b23fd5ce7cc8fdbcbae96a5b04c45854d6792e432c7fbdc7,47
2775,LMSYS,939c1dfef5790c5b52ef9d2799bc27eb403af626bbf45f70b8933faa95fa9702,45
2776,LMSYS,a6b11c78dcdba7cf5312efddb41bc9d4cff572e6fe060dfe2f3e1bd9773a3552,166
2777,LMSYS,ca36e3f700ca0500c5f572e362a2a730ef6469779264f8ddd4b03991fa37b43b,244
2778,LMSYS,a32bc0ea486e922382c14036756d5d3ee5668119e3000065fc32cc59a55e8a03,224
2779,LMSYS,1c9f819c7a578b4bf946a48a308b13ff6892f22feb754f3c0af71853772e4d8a,404
2780,LMSYS,0875cbf774cbe3c53e6de4c29a1a10c52fc6619003c556aa46686eee3af03a05,48
2781,LMSYS,281c0a3fbc3173cb9dfb9674febd15d30ac1e5fb6286073585f1da5426cbab6d,235
2782,LMSYS,e21c68a0a117f4e4678847633f57e12560a7fc75a8c286d85d0ae542e5f02c8e,21
2783,LMSYS,40c51401638b7db0754fff1bf00c6f35541b8270c93f6caba53212ff03b5f8bb,339
2784,LMSYS,b2f9af18c820a3ad3a6416ef66b57aa8252d830e63053f4c1ebb6fee56eb42ab,80
2785,LMSYS,9fdeee315725bfb6b910cdf97ef41b7102ad9acc814c0425fb641c0fc4ba7300,59
2786,LMSYS,ccb514ea6baff044fb67e325d26b28d603a3c25503e08fcd1461b9478d6253d0,249
2787,LMSYS,ea73112f983e309a7613836cda28ea9c5c63d75d1d6a78ddf0320d86329396ef,205
2788,LMSYS,9ee38b84ccc1b7b19345b07ac2d90d970a6a66d768f75ae407236bba17aa899d,107
2789,LMSYS,f91e04de8942cbd728699521926a0e42dcd77e892102da5503d2acee05d4c898,148
2790,LMSYS,f99b7c2dfd70e174f65b71b5bc58c5add6dfc7b0ae994fe0c623fb51bf0f219d,223
2791,LMSYS,7b7e701c5dcf27f7052bf3329513426d6a70676da7f6dd22494d9f19a85ecaee,251
2792,LMSYS,9977dc199dc2b321b1f5659d20b07bf8ce2a34edd637ee754f2e3bd1caf921a2,372
2793,LMSYS,17582e0ebeae5f6b764882493f796aefc57c49ac7ce87ac6da6704efe1351821,24
2794,LMSYS,72a051f2de76e35e69503a33c9d0f62c79aac17b11e364b42ecba591d227db06,137
2795,LMSYS,9b20b5259278740f1ebb3dcd878567881b6abac3be70142a69186adde088549f,219
2796,LMSYS,d1066afc372819ef8e4b1ab2e4553aa228acfedf91c223fe7438e2d90ee9d3ab,251
2797,LMSYS,6c0ec0869d28ec5d4b7f0adfce8723439689ad57eeb77ca78d2db24fd66deded,23
2798,LMSYS,b8a1c17c09f12cee3292c6b82afd233ca05cd40a18d1436c8af4c7bf6d1f4ed8,28
2799,LMSYS,014223a10bbb98cc8e8c871a9a1ed10a5b792fafe9c77e4aa8fc4786b24c49d7,287
2800,LMSYS,5aa680bdd273fd93f7dd98ef6c127ff9176057286883c376ee830751df26d451,253
2801,LMSYS,427b63e9948cf895898c631eb27488c4951d1870e1a1afcb310aba1afa6d3995,216
2802,LMSYS,5ff9ed7a6eb8843f126dcbe7d89ca31f7d49d270ecde4ac6a527f7862ce6fa25,74
2803,LMSYS,8d1be659a1d12caeb9ab0fce2a99442ca390c2cabc21fc05bdf44b3d35949cc1,32
2804,LMSYS,281c0a3fbc3173cb9dfb9674febd15d30ac1e5fb6286073585f1da5426cbab6d,235
2805,LMSYS,0f20609a0894c848efe42ba52d8bc229c4f2e3b12161c52f12c8ec8170a3d90a,225
2806,LMSYS,68ea87da70990f077c187d4bef8a6f5d1e855d44168f57d36fca7f921cc73bef,32
2807,LMSYS,f29c0e81d81443d8c4169f9a5d3e13df087724733a44958bfeff1453d52f28cc,113
2808,LMSYS,c5fb919ee19b38e76879f0d7e4a4a1b894a9f33749b4405660306fce881cc374,99
2809,LMSYS,f8f49a58c366b50b1d5786db3d4012427bd4ecb0db2a0fc7c1d89accbde07b65,63
2810,LMSYS,4c8e870c7565ca8d1a0fdbd2543e30a3ca0775b06c8d16af56fc9281de3f2792,47
2811,LMSYS,6156e9a6197c683b5b47d688bf67915e9c05466476bea9393963f66996b99d07,141
2812,LMSYS,b7aff9507fba10df167c454bc2e978857972d5a625bbc77523bb8ab10a831299,69
2813,LMSYS,0940c7a4f9949b82e450ee8d591d364ae88cee085a8a7193f78ae272b1245005,495
2814,LMSYS,76d88484d9a8ca71641b9fa2f3fd4df27f3b94c1aed0c66135746c2324cb694a,152
2815,LMSYS,012ca6d1199a2a45435dece0b574f197564176e016dfb996723b532bc64b2dd9,50
2816,LMSYS,e55308b7329c95e94274c34d4968a1ab6fb42c5e2b0eedaaf1d975e650cf0713,58
2817,LMSYS,6a219eb00be1adccd4fb7fc7dac1c4a3f4abedf561f5dfccba3cfa42168bca96,86
2818,LMSYS,5602e421f2b76191b1cc80652c566186554e0f3c41f03b2bb3791d74a60d9aae,132
2819,LMSYS,3354690ce0a547ac26c70885186e50c3c0efa3791e50c29d1b3ac78ac3ff5a91,149
2820,LMSYS,ed7129cb3dcb50a658ed9dec5f33b255d143af4ff413a45f45af0d66a0df2b0f,39
2821,LMSYS,3fa63ec8a2446c4a6e6923ad5fb20d87c14d22e216e57c0aedf73b4fda145008,35
2822,LMSYS,a79869bb47ec76d30eac78273ebaa421255dc684e42209c8511e9cd9c767b921,301
2823,LMSYS,7cf30c349d98fd6b547123b9e09cfa9e622ee47c284767f57311c65a09cb4d72,59
2824,LMSYS,d3467e2c7c2a16ceec6e4047f7f8d25679389647a3fdcb38f8aaeaad1a0cd0b3,94
2825,LMSYS,0b1fa9a484460bd11a59aee87b808357295352c0503e7c23a23b58c77f819032,120
2826,LMSYS,dfa22d6a9532991b4f2a55df631358c264daf16e347a8428744392cace25c28b,96
2827,LMSYS,a24a527594a6b27ec9321b9000f5fd3f1636f2fb7cd15f3205e56b7fb1936884,41
2828,LMSYS,ceeab2489f8ca4726bc60cd980a906a6e281b04b89af8a652cf7a175eb8689d3,135
2829,LMSYS,93b3649e23196dfbe35737580362ac2cef795d2b8963a9c0e3ae9f875bebff81,67
2830,LMSYS,61e238ad4167fb73fe27ee897ff546c545590b675c26da94928debe14f359892,37
2831,LMSYS,0bd16a8db285a7d063e448178066f750b549ec57de4083b404511f1422cd7714,190
2832,LMSYS,0cb200574b68552cc5feb82f1ac24a45492157cf93cafffa9d92c4c1d03818e9,444
2833,LMSYS,3b9ad8905b61a1f69d192f7bbcbbf7112b26e7707a0b9b48385a44bef53b9890,247
2834,LMSYS,af54bd29601f23e54f843c41c2940e02296deaeb02d1df76a5bfe847960481bb,100
2835,LMSYS,b148f9dcece9391dc2a907c3b1dea3153dc575cba03cfc80548a56931719a068,37
2836,LMSYS,5d2416c9bb9b369c0f5edc5c53a3f4401f75facbcd46e26c6c8af4d1e26722b7,65
2837,LMSYS,ee776b48e70b075b9205b80e375f37cca3db851ad9305681fca3566a641684c3,68
2838,LMSYS,08307e423911b49b23d63ada42c6a777b5a687ebf82cc4e811dbfb8dcc88122a,454
2839,LMSYS,3a62c0831b1f5cebf119215e5c464498a1bba66d445b9b2f3bb88345c4cca7d3,61
2840,LMSYS,7846443d6ad19b797f02e1819cf34318296b7347d0ee35610b1e0e4788a51428,23
2841,LMSYS,73472cf3c96d0fd47985a87f5a21f864e834fa7873f016f2f7a66e88250a2357,106
2842,LMSYS,97ce7730a48d407b2f31642a2b226743a1b9ea46c48362e4333dab46c94a5a6c,65
2843,LMSYS,f5ec5eec9c464cfba9070d46e2d8339cff52913f924091f50527dc28975951a7,286
2844,LMSYS,6d1eb654bb6ed746310484b23cee1fc9a06dde8e19428942ce72ce6cc1e73f7b,113
2845,LMSYS,080b53552e9ebc783956d266cc5b0d912b65d2cc14e26130b8c99ee5eeb60b3d,254
2846,LMSYS,1be49c9ffd424e0a2f32ff6a633b9629abcc7e897e8a12682f144db3feacefbd,230
2847,LMSYS,60b27532d429565c1c238166ad0824651578fde4cb35de3cae4a2200c1c3b1de,40
2848,LMSYS,28852f3fb8c0669bcc45068b2263426021efbbf14f7249215f0259d7d6b80c51,512
2849,LMSYS,92f6f6bb92e740cdb4ff76189a70a0a5246a0bb6d6b1666512f490aae25a44a6,256
2850,LMSYS,b3f09d1b5fb5c989961af8424d293c9f55515504682e65483d7469e22a211c61,175
2851,LMSYS,000c14171749aeec28ef97fde0213817988623889c6d4f5afb2a6141307d7dc7,39
2852,LMSYS,3bf748c6e98bbe1643735946b60e08e959d867aa0d5e188bf6f5fbd1a7edfb5d,21
2853,LMSYS,7689ffa784c8e821afadaa73e162648e959fc675b121039d4b806fdcb318125b,80
2854,LMSYS,822b7f5bc71025aa1a9dd96db9232a51a7d344503dd697a0cb084d02863d9ac8,227
2855,LMSYS,3890892a04ad8c2b86ea21f10ffc93f608cd516fbc442d458cf720b4674f4a56,369
2856,LMSYS,fcaf42210121f585765e82309cae7bedd571804e98fd78a7395f2114e6d01b88,71
2857,LMSYS,724563ebb08ba2510f4a9ed5aecdc746a1e0743a4f80cbfd7f301a80b988b8d8,21
2858,LMSYS,a6386e0d5b51ff30584a0ef24d6d117fab47352bae08db9d01e212a57ca67576,28
2859,LMSYS,51bb666c302feabde4d3507d546ce4bf0f7bae3d14c22e0fc69d464e33c5a663,144
2860,LMSYS,397fe1df36fd018faceba2f734d15cbddf8d38ff812848b9647ca68f728350bf,229
2861,LMSYS,059b0e5615f8bc4952036965922f9441ca482bc94d7b26ecec592861c7bf92f8,228
2862,LMSYS,8cf6dec9c82391a7e82dcdba8a198c98e40fc0170557dffab20404dfc5ebda8e,229
2863,LMSYS,b332aac7b67a75dd4881a6d8ea9b8174147dd551a7f07cd2adade3bd14645f6e,191
2864,LMSYS,04916c2cb99eaf85590e8b7aec3f67341db650b4e7c14541b3427aadc42da1b2,24
2865,LMSYS,c3f3267ad4ad0a1ba0ddc684c07a590d0db3a892e94ff06a9dad7c7801ae220a,149
2866,LMSYS,5561f9be38bce072e206d1f68cb70650e9ff387f6a671620729e3721fee9536a,134
2867,LMSYS,e9c6aa0e1b89c04785b7c626100466d83ac082f69040afb61bcf454396feb32b,470
2868,LMSYS,b0aec062d4b35ba5507111d4ba6174019d035b8130cf448f5ccb7996fc4ed7e5,114
2869,LMSYS,8f45c5c3e0247fefb95cef5084b4abcd8e42183c564fd2d02d3d6c0afd25bf50,21
2870,LMSYS,cee99ab9bb1061dfb2284ab569c7e681dcc03ff531e68143f62284f37115fb46,398
2871,LMSYS,bd60f0b9daec5c133637557b54b6de962d3d3ba352873933d698f01ac4bb9973,58
2872,LMSYS,e5c35b8f05a37220d218e27caba9caa5ea2a7ef170589502ae39bc527a7210cb,71
2873,LMSYS,73b416274bedf3535b5c47a356d5021d158fd8bbbc4afeb3e254cd60a5af73f9,68
2874,LMSYS,3ca5a4ae014dc0619fbe1260c2fae13aed41ecafe4625e139c3e6289e3127143,27
2875,LMSYS,443b2c116b68a2edecdd46128362fab80b825ea42b13b36a54f759a11fd693d0,47
2876,LMSYS,05e360b1553074008cdb625581b5c81ab91049ed16eed5fc7a6196fb8c8e5219,306
2877,LMSYS,302cb8061fa424a0b7d666ea01894ef68401cc98d39c341f47abc7d9696f537a,39
2878,LMSYS,fb001029b06d63497b650299a89589678331dbd6ddcaa85deeb88a9474c5ec1d,148
2879,LMSYS,996628e9561318936b4bd79c0c4e8c2ed0ccadc76846d285362376c475a18011,159
2880,LMSYS,37098432c56a1a1e178e545cf47ac2f44c0f1ee956bd63aa79687cfa7d2135c6,65
2881,LMSYS,df89fe47c4660d6c7e90ad575da0d42272bf44d8db488008681b78f497c02448,133
2882,LMSYS,aa107f84a134b1292743f0a98ce7df7a9614eb435a7c6e4a6b1fff0a4fc25d0e,246
2883,LMSYS,992bd0c7ec9eaaeade38c51e16ce4d6b3c0bd6ac43a8f64b9565581653ff23b1,268
2884,LMSYS,d954f1ae5dc078a871aef2cdb564770c1deeb8f0daceca350d79177efd7b9c78,247
2885,LMSYS,4b4a903b463ef4551c1678ea92c1146b46897c368b328d26dde69a5493cc083c,43
2886,LMSYS,3c618fffe604cd5588c862d9d056972999e5bee24c998d4b94e3b2b1389c3af5,186
2887,LMSYS,e7102273c0bbaf45aa74d5cd90f613f9f910ddab761df674c641d07111d93fef,53
2888,LMSYS,497f1fdc0f20742f5c809f59e0920339e4ec500d7565561b2c12501d10829ce1,31
2889,LMSYS,c14559c1f3a00a22c547c7d4465a2c4000e6bf6a951b269a0c9d17116f55b0f4,261
2890,LMSYS,f52d13c8c315b88612f9b57aa5306c8e44b579365663d86cb12be4dae0e00c40,307
2891,LMSYS,89b1301e251136eb7e58acd56bea3ee0de819f6ea29e09ff732590da5e7ffb37,88
2892,LMSYS,d6ee5e54d8683020c5c6409a2dc7f37990f8c826750c5623d613fa3186769cae,264
2893,LMSYS,8b559db58758a2a49b2e9d17985af30c92439f82990983dbcfa5ff780e6596fe,281
2894,LMSYS,c77d8d1bd17c27b61d1aa8df81b4dfcc34b34444017090c041f46d8d41aaf0b2,141
2895,LMSYS,553f5da4656b83d92368a6f0fbb16c8511b649c8e89274435e7b5bdaeb3ca8b6,224
2896,LMSYS,1904a1ea4bacc0b660b193a54b0ab898d47dd9c4709a445d1bcdd193931e00ae,226
2897,LMSYS,a32563aa24f762db229fc6af1ee75aa826652ae0bcc5b691fcce15a6607a9b9d,223
2898,LMSYS,b2408b4f48a5d83d52e60f516ddf1fa1e66c410cf1ebcaca9b32b7d89c798534,171
2899,LMSYS,82066ff3b52d3184782a820c21862db88f966fad9bfd441ce62e652f6ade9c90,412
2900,LMSYS,bc937b32c598f3199e70f55bfb2449847a0f18986c6cd9adb92f2b3beab64269,25
2901,LMSYS,056becf3ba4daf1e1b373240a5a425db9b58c10d8054a92d529f451ed95eaa2d,379
2902,LMSYS,2d9dc1f45282c1b1a56f687422a88c1b95ef0515bc2a3a582a4f69b4300ea170,243
2903,LMSYS,4b61daf0c29b8fdab2e5ea3e047476692e8b27ba4ebee30bd1eed22d2ea91618,28
2904,LMSYS,c582d8bd75009f43519883274117488b12bfc15b239a6377763081d61c2ae879,484
2905,LMSYS,116e8466cb8733a4c2159e7c6b99c80ed5082810f4e0c46abf9c42422f5e631e,76
2906,LMSYS,05fc477ceed8c7f5413e1a3180eca22a728fb552cd2fc50bc3d46d2ce6097ee3,131
2907,LMSYS,e6d568062abb716067de63ed925afa8cc578c947d235145beae12e4d92c7c2c7,57
2908,LMSYS,405679e9ee964ca0108199aa2a905b5c56975861bb1a4e08394ec7bc93979fd8,404
2909,LMSYS,37c331c35112c8e7b2860bfa6a8b5adcaa0154ae62f62d304120f62613fa4500,105
2910,LMSYS,77adf48d07336d52c7a2a9e9d52b65f056bec857acf8417dffbebd1d98ac67c5,68
2911,LMSYS,8640ed2717b67075fc4140f50ca0cfadd36d7954d7d311634a8eedbdf6a35579,67
2912,LMSYS,58a8d9a67a2ca5ecb40331905663abc8b086a7bde3d5dbebfe97320c641d2859,414
2913,LMSYS,3605ebe4bdcfee33459faad842db82973fdfca29832bbcb92ca18a22534435bd,69
2914,LMSYS,4ed98d11c929466383cb9a1e810deee950ebf3672a50d192b9015c4b45b0a521,188
2915,LMSYS,acd70feff77478c05a7783f3ea0cf365f881d40f459b9b0db1a1ee3dd84b25cf,248
2916,LMSYS,05b2f189cdd02f343f72f11201e373459ee1c268d3509e8209d696443ef79d83,165
2917,LMSYS,50970c9759f368e2afdcbceba9c11e19b595cbd67313f70877516e78c0484f17,353
2918,LMSYS,6efb7c21f0694b2c58f48e343a5bda372a4918f13590ea494d238797879fb87f,394
2919,LMSYS,39f076edefd3d9b506ed5d27ed42f7aecb97fd59429f015afd69560b71c9da37,65
2920,LMSYS,35b01b2a37a3e1f158820859ce079003c49570d58feeb81c9c83c0a989ad8804,26
2921,LMSYS,15943a9b3f9e92dd1cb2d894d7566c19981f40186cda0ddb25e5c49eded93c95,343
2922,LMSYS,999ef17912250e10044ff6152fa23c4af4171b7a881604a622f556705cbddcba,391
2923,LMSYS,be5dc590207c5a4b663d6a339f2e0a61575b544bb6b614f1562c5a9db1572bab,309
2924,LMSYS,ad296a374c7bcdd37f93d3d51f2a56cd907e38b9e484b1138c0428a1036f7802,42
2925,LMSYS,01208e5e35e08c5297c4dcb391007274a61b87ad4ca83fcf14c99d2ba2c44769,244
2926,LMSYS,da7336d49a76077c7ccc5d23449c47b1c4884826e23314c7becc13d82ba57549,187
2927,LMSYS,9b6f8b4db745bead4136a60c143a680d3e06601bb7d0255513ac85b6b96a4b37,36
2928,LMSYS,f88de21e86a1db8fb4f33794c22270e9de465064da4357347ff329ca419e549b,110
2929,LMSYS,a36c35fb3a2711ca81eaf1d748733054fc951adf30dea52e068006ecdda69b6b,191
2930,LMSYS,3e30b9521790bd948b4368fc56dc6b619eb07aa868a6fbee1f5786efcf4fc2be,181
2931,LMSYS,764348c2f6443cfb1a9cd30673ff3fc9fa02c2831784312345939d98705ab1ce,250
2932,LMSYS,f1c7d4c9763e20b28ed09640cff0d240bfd343f7276d65efbbee0d7a3da36711,37
2933,LMSYS,27a0ddff004d19d6deceaca4a6ba75fcdc61d05d808825f3e0989f4def1a356c,266
2934,LMSYS,9d6029c45a3a495a77d665738a61a9d0643849919f1f6b880e0db3779383e82f,241
2935,LMSYS,1cc1f8d2ba4441746fd0cba91faea2fe0ac4a4d54e6eab08f5ca89f38c3503ea,43
2936,LMSYS,e6e8422ff081a99c0abb5f7844387f9797a16993d195078c55496e301a5acd69,23
2937,LMSYS,a65880d3ee8b90871127b339b577635f60c7acc02cbbd10829d540f695a8e3e4,195
2938,LMSYS,cfc396df689cfda2328aa531cbb675286fab9c4a90850e80c72d45c652a34cb3,25
2939,LMSYS,e6c71960ecf6a0d61972e1c84c89f95b3d8ee0708b2f286fd2847a32a4316f2d,234
2940,LMSYS,cc8854e556c87bbc010eb666c3912526fb99e04f0c7aa77087765364c2938426,21
2941,LMSYS,01e398dde8838c76db7e2a9113ae9ee266449d62cf24d35bd600d783e68df146,68
2942,LMSYS,ee73890d51c5e00673c0159695bf8d27d24a6a9125314255db98a6e9a05dcf08,278
2943,LMSYS,1be49c9ffd424e0a2f32ff6a633b9629abcc7e897e8a12682f144db3feacefbd,230
2944,LMSYS,ff0d06b8434ef11b96a723387b4a4ea4eb66594651a0023d716ccd55299bfd8c,377
2945,LMSYS,58a5131b7ab8057cfc32f295b80c63e6819f8b607550d3d93c963f72b0a43af8,61
2946,LMSYS,d09246407c6356c5f10037020986d0ce69c170d6332700384345a0e2f147b387,44
2947,LMSYS,17f080d93d910321fb6498c0d1368bf811a02ca3ca47482575e48b125a85000c,211
2948,LMSYS,d3287e7488264e2598d75644b507a5ce457f918e04c67c0c59975fa4892c1b27,49
2949,LMSYS,1c258d788b9a218737e30e092b4d7e5323c283562e779ffbc65e7208d58d5e55,35
2950,LMSYS,e7f89b7b671ba3188f1f68c1c58e0b4cda6f83fd3442c0d91c72aa0b41306ef4,39
2951,LMSYS,aaf367dec884bdf9c3c28362620e0f9e7ecb42e36882001bbb3c069e8b9ab3e2,23
2952,LMSYS,cf9942c459a64fba7d3ea5d50355b66ee58a2441f1d86d2c2f67c2ada5928ce2,133
2953,LMSYS,c3c4d1c5d0419d9bf5c1660fd795397226b149400c26619195424630e292a53c,67
2954,LMSYS,53dae3373c3ee294a9e1a958f25f80152c69eedfddec5e74393509804781ae0b,29
2955,LMSYS,4ce9a7e8fc51ba2deadd1bb608d596f15eba725e2785655af19f48bd27b5509e,95
2956,LMSYS,188694f1b1dd089448667f953d41ebe1843de3ffce756a4143e71bf3170bac45,81
2957,LMSYS,21243013d02fffe13ce47019324b6cbb29ecb9a57816db79cb904a89d6723ee5,28
2958,LMSYS,c2384bab447de4c25cbc91e4878777ec235eec3fad0761b91da049943b3a75ea,162
2959,LMSYS,00d0f69d8b2ce8672a991930d125ec5f64d03a9dc13a0133fe4bf59e2976bf4f,30
2960,LMSYS,a8b143a8a90febc5e56d05e87d413fbed672c17b222bdbfa07300044ff20f3cb,44
2961,LMSYS,7a4623357bbfcfb13cd15ad78c4aaba808a7f57c0e28fa68e51a06dc40b7fc6c,25
2962,LMSYS,8aaec383a86f50a8075ebf7c1ae38c76b9834a0746391e10c271c821d24cbed0,21
2963,LMSYS,b4351df0986f6badd5a2f571d667b3058065d42c112a13db78df2ea5224616a2,40
2964,LMSYS,23585bffc744a0dfc95fabb8f50b602bdd345af4e410de5efc58a6fa7af35b52,39
2965,LMSYS,ac40c060ca2ef8d2566d1412fee9923a0c4d1627e6cd1ec1ab12e23fedfbf44c,118
2966,LMSYS,394519d078d91468f61b137d16c5e0a52fb5a9ba6409047428b0dd0911765d42,369
2967,LMSYS,a69ac7a1461f8942bce1b3bb29fbbed7dc81c3b4ef0e8e29a044c4e66cc897c7,23
2968,LMSYS,2c5362251bbbb60b08f4dcaf114428162c47262a100a6f8e84cb90e99cb40e89,26
2969,LMSYS,293b764358ea42b8617f28f5e6f70646a8e5edcf2ebe70959964351d799e0510,151
2970,LMSYS,710b0561d723f97c5b549d70a7ac77f1187ff3c82e9d1882393edcc7fb96ed6e,179
2971,LMSYS,30ac262311a088006ebd7fe274eaf25eb48a9157e368e0b4da802b5e521e00f0,135
2972,LMSYS,56aacbcc3fc1cca9e15404e09fe9e7d3c6121d0ff8abf6faeffee7a8d0b349e9,133
2973,LMSYS,e8f552824ec41c42154a87b644e10e8beffae03af6701673b080b7856eeddc91,458
2974,LMSYS,73282af407389d27881df573e0659008917e7a1cf16924d8ffbcc6e712634389,426
2975,LMSYS,b991a8b0f5b8a4113fcf72cd558dc6c0522fb2bbedcf9c495d12412e30709c69,45
2976,LMSYS,4420268361829ef58fcf827e456b38660b150095841be22d8ebf4d1018820fe4,203
2977,LMSYS,b25093b6903134791ab91070f6454fd5ce237c6e0ce660032bb90fe476b1f1a6,374
2978,LMSYS,3d6e0fda78f130b789897f0f8b144d329da8e8f1af06e4d99435457643c11dd3,23
2979,LMSYS,ab61b02e06ea414529b85c9c9118831ca3b9626a9b4ca1f291fd05a490ff144b,194
2980,LMSYS,cd257613c0e60e8cae14b34ece7f29c6aa58cefe787a41f1316dc40a3dba481b,245
2981,LMSYS,668837f47d995a1c99f994066a57b197539a12d440c1aa100ee3b0870a11991e,286
2982,LMSYS,c7c864103599c5dc66b17571acd2972b220cd1e4e4a901c95f2c827afadd4376,34
2983,LMSYS,9b675f449ae3f2a380a3b384de584c0c8065fdb4e2c699ebb6ee27c38d4d6ed4,92
2984,LMSYS,45a7a96586aa77bc45d1e9e19a753e4a9d41ee30d79f31609b6cfbaf5d7ad672,21
2985,LMSYS,090d37bf94bbdb43dccff84a065d36e4becd41f056bdf5b120a66203ba279878,142
2986,LMSYS,fab34e9af9f8547d635639bff3b5e538d564298594a7b0ad486b061cda559525,171
2987,LMSYS,6ea75104ea2138ecf01a74a9bef010e6210beee5d9bf0a26c47daf6f9ebea501,23
2988,LMSYS,c582bc9d582379c5f5782a19591c4537880be4188eb3102cef05f62fe0f59b52,38
2989,LMSYS,1c03c6a5e3b9f389c0c94a2eb74adde3de5db28803f9f3221a62cd6a756f56dd,213
2990,LMSYS,39367aaf9583710614775748186779e97e5048c96261ba7237eb800d7d255084,231
2991,LMSYS,62eb99e5502dd1bd92d63b44a5cc1bf6a4fdfd40fb6399b87f45cc4036481c7a,98
2992,LMSYS,b6f80130def1961c142a097d05b0533cf4d7b44ac99ccd73ec25d48515df61db,33
2993,LMSYS,3d5364219f758940027d116a9228243d6fa9f35782f5471db91560ac64d70321,62
2994,LMSYS,94137a2826c1998c768c60a7b682f615008d260716eb33e94e68952be349b64d,106
2995,LMSYS,7848735fcabb10e9706ad037c83503e19a405d9045ba50d873c2ede927b41be7,413
2996,LMSYS,cb3924cc3f51ad9bfe038a9d7d5bb3330315d80760ba2aa592d81cd9b4a3cd1d,230
2997,LMSYS,7b8c8304ae9b83b27b10870dd815971e1e8445ecc8e29f3837ed4a5866cc3289,239
2998,LMSYS,2f98fab6440f915cc1a7e422992d48d7658c2c25974be83eb698cda8a2d5065d,225
2999,LMSYS,3f99c30a75fb3ad8d594ef1c9b041fa07c67f06a930c4f5809febaf270887ab1,33
3000,LMSYS,011f0aa579f17592ac2178a53b8bcce89d456197c8c83808abf857a05a3859a7,85
3001,LMSYS,4ad50a2cb0917a2255dcf043d959f5b7247b3b4aaf3d0f408de07ffad3f785d0,311
3002,LMSYS,771b983ea607e39628052b94794bc7436463060d8fb06ac8bfc165b3eeea386b,217
3003,LMSYS,2b351743be5d929846636339d67db418b9b6f9aab7565761040989b74ed79625,55
3004,LMSYS,5c70b443fb7fa25815bad4a532fca8352c29efd4f89ae366c6a7c8f2ddd8de00,247
3005,LMSYS,1ad74bbd6d8298790098ce13cdc9cd24474f2279c556ce588857916ce633da11,376
3006,LMSYS,cb9b98c3e4e35e602d292fc23c8984c4e11e42a1f97d23098f1d2e7a14da5893,200
3007,LMSYS,770806c6d2f6b6755a97d0f6c29b69ca761ec04d7f6c2e1bfd31aceecebbf85f,28
3008,LMSYS,f1916a76a482274513221ccd37e9d7e8d563b455e0db4db60fe1adf19f3d2197,181
3009,LMSYS,545cc59f95358a9ea6ca88d5da3bea7320ef81d3eeff3d3c957aa5354f9b6073,42
3010,LMSYS,7d65071c18d6f8c877676a418f363e7a8890454e992126fe9e5ed95642ca0441,234
3011,LMSYS,5c7cc1ec77b839f698a7056dae44c253b330ab885e4aa8c9f3b2c416c31cad8d,21
3012,LMSYS,212c8508f59327934526cce2e80460c0862a23e5b137dc36e07dbf83ee7a6f4b,29
3013,LMSYS,c4dd677ee8b239a4e69eb3521e57d984fa65e1bffcd7d207e63a890a0ed08b71,197
3014,LMSYS,74d2f59a1c2f4455f453063ec31a2827d58935b3e29f368232b2074f2e6117e1,47
3015,LMSYS,f7e1cf5acc5b7a2c262b6ef94af39541f8f1b41bc3588755681f9bb99de57a28,191
3016,LMSYS,c2291758147c2639baf42c20bf8e849ce1a9ba74c0a63451632ea8acae5fdf85,452
3017,LMSYS,4ec605ecac597981cb7b1e6acce88df94411780d6b0d2f2dd516cc0b4d8091be,47
3018,LMSYS,0a3876f691f32fcaebabdb9ee0c390bd01b4cfcaf8151f94295552410f5328a3,124
3019,LMSYS,0d44043db44cb6672135a113af81bad53932b2f20f1d58e9bd047d67a27058e9,180
3020,LMSYS,180ea1d10eeb010c4db788cc1841bee5fb9054e43dbc80750a7cd201bb452afd,65
3021,LMSYS,cefb642fbe7e320c32ff1a3ddd0b73f903dd1bf5f557980a3ab9ad7ba483d099,355
3022,LMSYS,687b24adcc4afaf9d2d44ff826665347cfa353b8e5e3817033e2d7ad06b979f2,221
3023,LMSYS,aafe887b8760622ce08c92c63309303cdb52b98c4d254f4a1c1dc4961d149f55,49
3024,LMSYS,9dc9b733fab741cd2bc7f623b7833b19588696a3cf4f54dcd1a5f7a1c47ddfad,35
3025,LMSYS,aad1d1ee0328fd68c7a038548870bbf5cc5516b403f8402838c58319d0ba7e76,219
3026,LMSYS,8bd166eaa99f05e82eab675e5a723b07fcd77abdc4a6a443bc1e77cb8dfe76e5,204
3027,LMSYS,12c79c36a308dd4589ec58c73e61120826153c79d29092efcdaed1e4b6f4c3b6,410
3028,LMSYS,e6988651b38c7fe73ca91850a597083f27265b355fa73e549b4a5e946df3cadf,66
3029,LMSYS,4fe281db724b98d3f3e1a5e1c275315adf6163b4bff8c85409b7e86f1899ca5a,183
3030,LMSYS,4583f0c05e4f9f299cc609b7031308a345ecc9ac3a1a0240c44822e26840fed1,57
3031,LMSYS,9c659fb4123e723fbccc7d272f3a29cfc7d31db078b7281044b61eb626cf82c5,249
3032,LMSYS,81c38c47b94dbd49e56aa04be8520119300d7a377b2fae5a646c3165bc6c855f,25
3033,LMSYS,77e8bb558e9cc8239042eb5cfc05cede33eb19195114552dfab19c9e7972084e,39
3034,LMSYS,fca3a3055804217e643fdad831b87252d663f722164f882cf6635b434dd36964,300
3035,LMSYS,a7f6f490a9d9b80cfc5a6404ac32a2c2678177552493c010a816ed805023a310,233
3036,LMSYS,6001709b0941f16224824cb91e0d21e9815849bea922884bef3893ce05a9a7a8,104
3037,LMSYS,c7aecfe2ad5ae258c5d4d7a6e3192705a061bcfea72b5e0fb34ef13ce1e9ceaa,88
3038,LMSYS,2338e1edb678bca53d061a521f1806c84736bca83a8d1acaf6c23acda731e751,279
3039,LMSYS,0cf4213ab650cca3ca72c9e1a679c80b779e8ca5c17f210eb736a23ab81d123b,69
3040,LMSYS,c04228b2a036ae0506e315e92bb7189f7fe23471b399441b56cfb1115b3609e3,103
3041,LMSYS,a2eb49fc79ea6ad8282550e1c3d859ec9065758097d490f519b75d3be8f0a69e,354
3042,LMSYS,c43ac81a2fa87596d50681b4d22050e194e93924d9a4bb637f3ab39b40d3633f,24
3043,LMSYS,b3255cb22a425ad882c6edf15f12801c04419236a5daff884cb06b183e01e53c,25
3044,LMSYS,7be89c9309e74f7de11cdb28535d2f6ec0d508c0a60ff69e0f31f246fa10c252,272
3045,LMSYS,1cb854100d49fc5f592a2570839829ab3685f04d74b255c9a06e6973d2548f37,100
3046,LMSYS,3f40a1d4c00a2759077edb1936d87949f18f535771258764464b6b023a726bf0,106
3047,LMSYS,132be054ef7eea9064b275deffe06b3a14f9c4a93cdd012130b433073e9c07a5,66
3048,LMSYS,b7131730666879ffcea3526526d985dc3f3df59f384e839495b84cb8532536e5,462
3049,LMSYS,bde323bf81721d97783ba1563bcac93c2913c6d1ca313011fc7ea0d4bf28b126,145
3050,LMSYS,13400c9aa945cb925081a10bd8ea9c9c7d4de35b791fc1c0f04edad615fb7a3b,21
3051,LMSYS,65f6d38e6f519e2663d1a98b31d911b430ee493d7d9b14fdf23a9341ac0f7985,241
3052,LMSYS,be9b5fc492015922b0ec01fe272c34eb3f7e6344cc6066fe382a9bb917591993,62
3053,LMSYS,d765c2d3937db477499d772913c79fe24cbaf058ddd685065c419b948c99d310,68
3054,LMSYS,124b3bfdda8c129cb128042085f6f7f96ff0035ee7935f939d6efde8af374963,397
3055,LMSYS,28a99d02edc7572bf7a025fae7d54670d9a939a6105fab01a7f874ffd699533f,68
3056,LMSYS,c21f217b3dc6395a2ca132851a922752249a588fa2db5cadb1b99d3d792f7701,406
3057,LMSYS,3696c7aedec8ac71b044eadfd8d43c22ea5b2c169f49ff94afb73a4e5231c38c,152
3058,LMSYS,839f80ba31981b6c16db2d24fed2c9c05a314c68d2693fc442fe0c2ba9995709,251
3059,LMSYS,565926b7a257424ee66501555c08593c484c501de9d16b226357701530c2ac33,137
3060,LMSYS,f421e4de63659f7680ffee4051024be6d4dafe0b45f800b370bcab96d3b3f538,45
3061,LMSYS,2abf1a92eb61b20f2680693ca5044a32ea4499660d09ca8a459cd9289fa04329,208
3062,LMSYS,7b1b1ed722a69e9b2dfeb7f7173252653df2b75c46a89472d1bc18f0cfb10709,215
3063,LMSYS,f04a91df00b1dec3b827c6febcd72df12795ce144a837f1ccfb9b0a8cffc22e9,111
3064,LMSYS,98765fcb557454d56352a4e7071300f4fc420e0b4565fc551d8ebf615732f539,391
3065,LMSYS,4457ddda4807c6c8acca44290bf85bbffecb591a224c525744c33f965b5de0ed,38
3066,LMSYS,e5a7b2d0d35fd4f735804708599ba15555c759eb1244157ea6e01bc0f075a4a8,27
3067,LMSYS,4be89ab8e72e1645fa944a73c3ef934923f250421a394a1c20b0cfe9db8f7837,72
3068,LMSYS,ea6df40dbc465e8fe98e1822698136457883e9a9cea8ce1ce7c6056d7704c61a,28
3069,LMSYS,90282a0744e97274dfe1ca06515e7aad535716eded9d50a1612c48741defa76c,246
3070,LMSYS,f78bef43a5eb07497c424c2c7c89d827077e503b042ef487f5c73353c2214ae0,214
3071,LMSYS,a0c2ea10cd5a1bbda22bf2a8dda2d31c5f59095c9bedaaa52a8395ca61167adf,22
3072,LMSYS,fd6c4c5f6f46add379186e5f07f199e0d356a9aaf7adf61abf26526302f7ae9f,446
3073,LMSYS,70bace1206f8ff56139049a3582fd1283af1b8149af3d39519c4eeeac7dfc2cc,52
3074,LMSYS,b9a596d3af7c22557590604f4397f6f3f07872d681a072ecb79e3ce4f4c86362,211
3075,LMSYS,6f72839cc89a529b5e080fbc72ef1264beb17da22ed842b39ae9a2477ed8f5d3,376
3076,LMSYS,e8455524ab74a5384fbc0c12f75598ae1b9b43f58c606322f3df498b1a327769,68
3077,LMSYS,bc25065b8c4df73664f8e28509fabc32e0ace753f5fcc04fbd0c0e0e4ea021b8,96
3078,LMSYS,c55d48b7d23ace2271fc9a82acfe2ca6723b03ba4d1f28df82d2e256ac4b57ab,68
3079,LMSYS,d4f7f02b136ea9736c6e496e39363908eebdb0ab4e00e3d9eb78d74d351db881,65
3080,LMSYS,432cde045014a8d504d4527f7819dc9a3eba2756d48ffda9a05e3184cf697fda,35
3081,LMSYS,237594bea096b7266c45ce8a8a6af0e78e8063be0682dd333f668e4faac8bb99,138
3082,LMSYS,543879fd6d3fb8641318753683ce7d39060b0f956e14894db47fa5c190726894,23
3083,LMSYS,18e542f6d4366723e5c49e21f7ba133cfce505830ad0b4f2187094cf13ef8c55,100
3084,LMSYS,7dba140d59857c8238e150fa3ec7bf7fd791c2de2680ece33235080734db869d,257
3085,LMSYS,6809241db54d3c79da6630d0ab3b23c71fa7d621d81fb512c8c550f492101a76,70
3086,LMSYS,0d0cf5301ceccaee38cfc5888d6a1cf3ea5a753f74ef5b8487f3cdf820e4a796,71
3087,LMSYS,4f7258c0d4a13494bf6617929539285468dc836f598fbf7f9ab1b5f3919fc932,229
3088,LMSYS,414e9aa29ae841a2bff6040a96c5abca9c4e7f3ee6625848c28d0cb2cd082148,34
3089,LMSYS,396c3e21044bdab8053fc04df643f73310003f6552fd5ebe41f53d1fb609ef37,371
3090,LMSYS,0e9cb7d7f440340cedda52fdf8a21f81b45c4174e86d405b5aae02c4d2dd89af,333
3091,LMSYS,dae674a99236f0045478af96f125ffc36d06bbb5eafd340df77da8065b99fff4,239
3092,LMSYS,6f54b78fe3e9555e184bb0a3b02f9cd7a464793c32d4b8acd3f5b50c440b1555,280
3093,LMSYS,c9831fd0cee558f785d2f1f1460df8a5bac846a12c6608c3ef88fb42e89b140d,94
3094,LMSYS,4719b8518c49432fcca70dd16ddb721650bc400884827b74e7bea5a567eda947,233
3095,LMSYS,3d3a26c764b7bbf1416c28d01f5f47098ac405a71962781bafbbb31be10c3bea,69
3096,LMSYS,edf47a32c6638828b3678baaa795c052334b6e0f4f4cee7916f23272c740538d,62
3097,LMSYS,2833379307fef590623de80013868e48505a0d80cb0e1f32306a9ff7c655f431,121
3098,LMSYS,16d5999432ccc049e1c569ad71451361e2f43d934f7c70f29f97b3651225ffd4,21
3099,LMSYS,ec2e2758237c863792130dfbe0edc78c01cef7f3f30177a745339e3125148d34,54
3100,LMSYS,121dac1e4905e852996d0e9f666ce044267a575f23c002751ed7d6f74bf01c52,53
3101,LMSYS,27962249f4222805760386e27432cbde73ab9de9ba7ea13855aa692ff28f6c37,228
3102,LMSYS,1d9e390bdf5a4764e9b012bc07d62ae3eaa2d86c0649b3958798ed8868c63dac,201
3103,LMSYS,49f1a7b6ec85aa85c7010891e27a3625b08d9a6b88f9402bd368b2c3c9fc1eab,396
3104,LMSYS,043d23734c0525783e4f939b5b0139bf3eb268da14a8f8f1bb2b73dc2d5d431d,67
3105,LMSYS,922877ed7d382588343e91ff0eaabef37cc4aee8c1a22bc27c89f562e8f3470a,243
3106,LMSYS,151fd89d892a0796d1430d4c30b45d6f2b79be4e04f9bb3d7318534edee6f3c2,216
3107,LMSYS,724a602ec5dc666695d00523d85c51963351a24c2a976d9d630e6898de4ce89b,278
3108,LMSYS,320f420b4c58d93a55bc0c45dcdbda0fcc636cbc2d5e0376141e621da0e5b71f,151
3109,LMSYS,cfe1d1bb6ec4f39ac7f5e1e148365f788642b00b21d489225cd28df2aa929fc8,143
3110,LMSYS,347653aca33df9394a2bcfb05d0cd99051270a8144d004965ab43cfd4ee2d027,70
3111,LMSYS,915efcb4fc1e4062a63607d4f17aa796ccc420f148fa61eec828d9d9d11c0b4e,234
3112,LMSYS,5ab3ed6fe2986455c401a9db6b35db0fdd278b55c3024dfcabcc83c24f9bb160,66
3113,LMSYS,598b1bf105916a0d1b7c643329a5daf16fd4b01d889593090628d057524cffda,255
3114,LMSYS,79eb8846d54b30799ac692b5be9f492d80f298c3e4001598e1a2932720baa5a5,243
3115,LMSYS,37655376e51ae69d7bf9e50ffc35933245ea196240a540e8ba59a605db4e08ef,29
3116,LMSYS,72e752fb7f4f021106c914624d9468d3f1f69ca42e073f6fdf58ecb934083416,220
3117,LMSYS,f3b7e7647e8ed5dd9250cd895dae1cc5268b13a6d9d0cfcdab4199165e46cc16,334
3118,LMSYS,daaac7df4b4fc14b3f99274af7959079f9e26ac033385678067b3e3d67ebb6ce,183
3119,LMSYS,a704ea76c4e6cb6e4be9ef8d69e6c6120c9b7a4faaeef1db7024e8e2e9a1895a,279
3120,LMSYS,1b02caa5f28b07cf7a7eb6cb6acd67f16bc7660bd25f1a5cbbca08026199e973,45
3121,LMSYS,bdc19977646ea4467e28a71e7e2053ee4726ed63aab993217483dd1c12836e63,73
3122,LMSYS,f51b8408474ba3d35d0c81d45f71d8369e048728c793aab8976144d1a144fd85,46
3123,LMSYS,9241ae13de840edb88813d8f02c1cb81db07a489f351636ca13ff0430a5fd722,123
3124,LMSYS,66497cde10e2bf4825d1fb03a098c0645ef63efcf3ffedda7282e0a26f129af7,23
3125,LMSYS,b4ff47554fd93e8052fb44962dd711264f7975ef02a1eaa33a7996caeadcb43a,65
3126,LMSYS,049a6fa3edd91a1876f7f6dc8562cceb23cfda11dd19b648096b1eeb30b407e2,376
3127,LMSYS,15430f48e4de3f4661373d83fc0ad4e53a7ade55092fe37fe755db06b12d9f0e,38
3128,LMSYS,e28b7e72598853ed8e894b9f52d6056d9ae1254fd8edda9b006f6a3076ec3bed,227
3129,LMSYS,96d8e532ad49a5d51e68f08c7170acfa58ff392ebf297930487c2b88fc96349f,24
3130,LMSYS,778ebfb930be2881a7e9c8028a51588559227f7ad804e23b20b63aaf095f2664,84
3131,LMSYS,b8c71ba463d7daea4a575460bb0110cbd02851a117b01066d54e4906779dba46,68
3132,LMSYS,edf263e79e26f2c5dec4084565a6f85067665cbf3b12b2affe693bd261593161,28
3133,LMSYS,84bf030fac3ba61dee102df739bf8f602ad1e05a42a696f6cb527bbf3e12802f,391
3134,LMSYS,34beb556bc4cafab94dd5d26b4cbecae96eba8b0564d3fc1cd5fb26ede27b7ba,30
3135,LMSYS,9d21d65c89a3e9e2d62bc5983cee57f1551b19e250042341c211bccd88b4f6bd,40
3136,LMSYS,77c4afb06534b7c8c3abaf88e2d96dd2fa264fe38cce3274eb05b7568f56cc04,330
3137,LMSYS,cb0fc824830c884fb9100edc280789d8148b78b2f00aa4179b4349ea4405a3a0,180
3138,LMSYS,84bf030fac3ba61dee102df739bf8f602ad1e05a42a696f6cb527bbf3e12802f,391
3139,LMSYS,dd392b7d4d6db9f0306ccdad12b9239700438354b63a6269a12e5e17d0520e5c,76
3140,LMSYS,55ab74f2381736124991c2348e458dc865b709434f458a79d5a59afdfba42c4a,65
3141,LMSYS,9bf3a9105ba960c5da8c8a81c69dddfee46d70f852527767f34e1272e16a550d,83
3142,LMSYS,b6ef547a2c2d2ffdc7775ea7c39fc53c3863781f9cac563a10fa486b693f4bf1,115
3143,LMSYS,2e08affdf5e2cd08606ea5709044b6f9b425db94fadece7489807b10c960f8d8,280
3144,LMSYS,62835df5203fa26d560408a58fdc5eae0788d270f75e970e9269ff9165242cba,146
3145,LMSYS,28272918705e21afa6676eb6de425a8e0fb3eeac4986cf8ecf89dd328362cc03,214
3146,LMSYS,b17a7580de4afc653cfa9b0f05a19cc71eefc772be9d98d2f3ee23b3eafd04a8,22
3147,LMSYS,e017cbefe36d42596b269b95799ba80f220faf5609cc16bf8db8c3b34965396c,83
3148,LMSYS,174fd8bc76712e9366cc6867cd44f10334660bd925f09bdff368cd6c930a012d,345
3149,LMSYS,b043755c9ce50e11de548470d32e011b1d7ed226f691d7aaf25527cec95ed153,40
3150,LMSYS,bfe81c96ed4a4c9848f9ca370d331a5c1c0fbbc87c91412d641c1bf397cffbe8,458
3151,LMSYS,f7a4e4f44d4dcd0babaf4dcf098fdc2124a2d454ea29c26a61726012e8bdde9f,123
3152,LMSYS,c3eb07f972cbd494fc9d2972301f46a8255c873a07aec543fb54ea2cd6c78801,443
3153,LMSYS,fa8f7eeb0c1e6f44ef1f37731500382573da272e7d78dc585608d02497ac25ee,36
3154,LMSYS,133d8d53fc18dba2c21c49142e1d5a86c74cbe16ce8aa74b678ee4b6af993cb5,78
3155,LMSYS,120131ab1abd588565765ef424e4247720a378601346763d26608103fff1534b,237
3156,LMSYS,94afe839021dfffa033e0a49002e65f63df72cbe5a85f9472d3eab4761ad0e99,133
3157,LMSYS,b5a58055cc857af70ec257fe41d3272627449cfb0fd6f28bbe02c9f7b5bee6fb,143
3158,LMSYS,e17dd30057fda3d7a6f881582cea1d7f189cb04e738bbe9f110bc301cebc722e,36
3159,LMSYS,c0c34b654acf4b524bdf0e87d503cd51e0f9aac9dab2a2b722dfd5af30935a42,73
3160,LMSYS,17af4efa9b139445f6946c4696e18a1d36c11193610bcda180ba5f502b9967b4,350
3161,LMSYS,e7588cbc8642010f0164dfaa689ef1edb8d4d6464c03fb048eaaae523b562730,215
3162,LMSYS,6b3ed26e0f41b6f02b9ce36cf8baf41935f4c37de2002abfc7e9289610762d01,63
3163,LMSYS,3af71065ccfd8c3859a803f2dd78aff4984e9514626bee8212a033883ec03b4f,167
3164,LMSYS,e94439060c092258806f0ebd5e2d165a19a34157a119b11287196767d7746302,229
3165,LMSYS,b55f4fa1790e802fd26579bb9ce209be8f79f390653c70b6c7e54d21608507bb,444
3166,LMSYS,ce535b2bfa5242c8c7a83ca1abf9790599cb57e66c2effb8c8cca6569647f0a7,234
3167,LMSYS,b11a9ae81ba4e0213ae741a48e231ca02125d13cc19edef0268cc58297ecb69b,24
3168,LMSYS,d087ace7c933cf88c230b3c7f8c2923291919b3aae1d7d045480b57fcc4b91a3,155
3169,LMSYS,a7d167d3c31b0b0a16bc5b53adb80a4bc83b11b9b56f6c87cc5881dac546efad,78
3170,LMSYS,8ed2cda13504586bed1bb1e08ff7621affe99d832ef18caaf497c86ccf797d2c,66
3171,LMSYS,7ed004814b10cf21b4cfad4b66ddfe3456659d137fc357adcc3096884e5585de,247
3172,LMSYS,d7562ea2768d6eee4f563b11af92975eff573c2562ba6353ce487f7e4261f4af,54
3173,LMSYS,d94703eeb296fbd039865073f9d843b23ddcc44a4f9e7683e6d7364f81740a96,61
3174,LMSYS,b59a28485d1374efacf465e46dbc2e00733730fbbc9c0a2ab5ee6d1ed872898f,49
3175,LMSYS,54880c5af6141294176cbbb1c0f6deb70bd28a956e0b77c41e313479c7f9a455,279
3176,LMSYS,68e775fbc8e8bfadc7eb0f9c9c1f28f5cc3928383b62fbf1bd1a7fa2a1d830a4,238
3177,LMSYS,430f94d2fc6df78041d3a1185da4e14fd6fb7888644e921bcaeb6ede228ad52e,39
3178,LMSYS,54c4b8b579f0958d07cdfd3c4317d01d463796873354902f677db4b134e1a994,56
3179,LMSYS,9f3511f8eea778077ba89a843295d5b0530cb3ad6149c46b81db75cba9d927f9,409
3180,LMSYS,1edbab359d665bcb81564d7320e54f4dacfbe8e9d2dedfff134c0b754c78d925,207
3181,LMSYS,d91c23217e7ac22f10264366b32ba3f83e03a207f6b3fba300db549b752f2e35,74
3182,LMSYS,edf47a32c6638828b3678baaa795c052334b6e0f4f4cee7916f23272c740538d,62
3183,LMSYS,5397198fbb540f96c01a5a76442105ea9c7f1e024852101e3182cec7be7c350b,173
3184,LMSYS,000459053adfc2ad5a9e9041d61c20fdb03e2937145b005067cf2d7a59266c80,66
3185,LMSYS,8c8475d6146276789aa1265963ebbb1dc026a8d3c0b5707ca4d3191e42d20ba6,126
3186,LMSYS,b52f934d650b200f46c873566f59f4da4df4dfb110d2dfa3f28eae4e3d284b4a,78
3187,LMSYS,95102032b7a00d4a072fd858f2ba6a15814681b547360fa0443755531c2693c6,275
3188,LMSYS,f3f549816b14a76418d12634c57d38c8371c52252e5e8e683082d074f452fb55,234
3189,LMSYS,3254436bb9a562dacb696f1953ccee1ab8f52d32cdcc8977fcbdc998b107423f,243
3190,LMSYS,bd73a82d96661aa06144d0f385a5c43ebd8fa8d6aa233ef59b6455bcaa86ca6d,401
3191,LMSYS,af3430f8bb96ba23fc3c2f8933ead04b4c2a522d1e8d8fde785ee77bd726c2b8,149
3192,LMSYS,462c6aec4d561a640a70e1bd9d268fb94f942b8250ab85457cfbc807fa0db9ef,278
3193,LMSYS,940c2dcd14a8b36ced0dd8f15fb110c72dc8433c40ee6978d7770e96e417dc80,239
3194,LMSYS,bba9f2886fdbc713866eb77ad29dca677b2c61b63e59472d41c31d46c5703394,477
3195,LMSYS,d23c3debc506fde52c5d432fdc44005eaf26951d1aeaac4032e49e84c3aaef1e,244
3196,LMSYS,b07bd7341429fa731fba90e078affe61e3fcbdc2fc65ef6ca833cf4e957a70e6,104
3197,LMSYS,bcee53e7bbcd627e3350176e8646599fe59e34a50792a81dc13b91b61c84dcb4,42
3198,LMSYS,6f5cb19fecf52c62ab11adad2d21779368a6dfe5763fe5924c49a79dd938a795,209
3199,LMSYS,35a214e8a98e2974607da105ec7b80c99d8ca196154c709165590612bfa580c5,29
3200,LMSYS,3bd5b13cb7a7a2de269cc1aa3a938b28a44c9b8e9c8b35b02d86b78474d6057d,99
3201,LMSYS,e0e354c515dc6ca1b94beab8d714bf5fc3df94f951d0c167d6699a5372c35919,116
3202,LMSYS,51c4eca7f985047d7eb6fb369dd47fdd28a56571ea120b76050234ae53620cbb,284
3203,LMSYS,d73b0b36cc0eeecf40c9c0ac8bb700baaaeaefbd4a5f8fd879da4a04c81f4523,146
3204,LMSYS,821350e1637478632814836c98b388c17a68075df88d355ef9262fd3add7dbbb,337
3205,LMSYS,4b65b9763d8f7b51a225ca6332ab9e968f0aca8fc3bd659c623f453c58deb9de,223
3206,LMSYS,88848bdb2ca856b74232468042c7aee8f61838374d6e6e3f21d65dab80c2cc8e,45
3207,LMSYS,a902773f85048b5611c854b5f28c30dc294e6703de3c070973c58274edd4ada9,67
3208,LMSYS,eca28f1c58d6bacf67b9f01912afb287c2eb600e7dacfaea6847c6b94275012b,41
3209,LMSYS,972b0271106b88c1ccedb0a34060b4ccd380227dd7b5e8fc5539201ea504eb64,21
3210,LMSYS,17cc401261618631d57a6fba153dec539949a46f89efc2dd59f1a220809c74ef,134
3211,LMSYS,1e076421c38a6fd689fcd87dd9314978ef9ec59c8d68723a56fc14390571fce0,51
3212,LMSYS,093a6c4774177a6f7ad2fd0d46a1594d831da0e1fcf11de14d076c8aa5f9c656,35
3213,LMSYS,a67a78e9e51ba4ccd8df411c9499c148eaff2991196ec13f83223fd14647e444,64
3214,LMSYS,3966b7a0810c451cdbf424dd30091aa50271f6c05e2415df3a0376beae25bc95,398
3215,LMSYS,2cc211364bcc2b43d5c4d9b476ca979b2d8f652b498a10f1f6c35261b4ecd2d4,218
3216,LMSYS,689253f9ec92a7061dc697121c261ee655646efd06731087fad36e8133bb814c,69
3217,LMSYS,6e8167608f68f916c212af1d5e37bd2fa387ddb88f0757e3ed7a80aca44ff98f,80
3218,LMSYS,b82efef867773619edaa5bf9d84c78765fc4beceaf38c1f9df50e5b6860b4e4a,23
3219,LMSYS,07027730d8b754d06ed2091344e7748a234afd12171d3418ce05bd57ac09577e,172
3220,LMSYS,3a7d84e4104398a56177b48027c05e7d9c18ee4c7173ab472c1f99373795708c,134
3221,LMSYS,9103be05beffec36e37612ca3427d4d2542def44a470bcae79752441a8eaf0b9,34
3222,LMSYS,cc570e41169f86e3f869c5114dd29e8320ec591bc4d613a9bc4a19bdda5b0acc,208
3223,LMSYS,b5d5c45eb264cc3d10468298093a8c03668d96937ca7dda22a944f170cf3064e,221
3224,LMSYS,ee73890d51c5e00673c0159695bf8d27d24a6a9125314255db98a6e9a05dcf08,278
3225,LMSYS,2de0f6bf02fd9f2997b049e1dbe2c354bf7b643a9942d64685d351ca1972f4c1,240
3226,LMSYS,de2f51ddd0c5c80888fe4c670afda0efe4901b849c656ef3892cfe4602c9c34f,189
3227,LMSYS,331a18fa4e803d0e45bd0e4a81d9ffce747d2d7b7759f0e9614d2d9f690b1930,24
3228,LMSYS,c8f8ece75462a7b402e11f96d8ed0efa1969fdcf179e350e0e437745b19c66c8,76
3229,LMSYS,ff739b29931b0747185910641636d960429e913c601aacfb1a990b8f94603ab1,254
3230,LMSYS,67e4da55b10598a646a59d8e90e81860a965f630064643c56c7ae1f60fc0aa3b,255
3231,LMSYS,1205ff44ce8da557000660e4b2d92073f8f2d65fffbc61dce3cce05e24c3b8bb,248
3232,LMSYS,73de7e3897248c1970da54b35c63c94b68ac562c6930a5a3c2a70afacff41303,34
3233,LMSYS,dbfa9517ed15219666f0a615f8ca3693d8085c3b06faf54ae4a3aa60d96d39c1,406
3234,LMSYS,60b7fd0f88e1bcff77ca0fa2367412cab9c3ee72fa30726fd8d993c896333390,227
3235,LMSYS,1fe96bd7d0415439a881860e46353a5e941de586d9767549158e294c59a16823,26
3236,LMSYS,dcefaed355a5daf02a738085bc2a7647f164f4684eb8c370441f4a8b93d40835,211
3237,LMSYS,30f5cfc40e29aef12997e101dde02c1878812be74313c498327b963c34c22351,268
3238,LMSYS,9e2ca9e86191511b2858c586578beeea4441df9352cd02bf0ecfe22da8742a70,23
3239,LMSYS,6bfd64c162f1ba856cea121caff1648cada8ead8cce86a9cf1c9b43ba1fad598,351
3240,LMSYS,c9e165c40a1279fd78b8521923ae2478e637f1f21a5175ec2a1e9f2b07fb951b,57
3241,LMSYS,8fc0731460f8395fc9e05f706fca903d0e092a52e9a37d370f3ab1a69abd9e99,483
3242,LMSYS,f636454e62634f128f32491e28a06df6a62fe5640e353c895b7ff536c12b0cfa,32
3243,LMSYS,013497713e2302f90cb80aec8547d82df3dcfcd439a17f7d5e2641657b875c54,181
3244,LMSYS,fdc7342b66e1d7d07dbfd61cdac93c552dfc77d956b6150d28f7a71d936f478d,259
3245,LMSYS,652f8418d3ec0310b64a3559014bb579abbe652cbe926e091b2d2ae0303fc0a5,24
3246,LMSYS,02aa8e7038110820a79780221cf6fd43a907ccf6c6142a12a56a69a6f4423264,229
3247,LMSYS,c3abaa17af9318fe2fcf35242cb5e9f9bbdcaab44a69d8a9c0946d0bcec93790,343
3248,LMSYS,6ff43e832c96705baf3612f5e2bfe9cad77798e5f23f5ff1fa5ce6bc51f16689,24
3249,LMSYS,28ad9b1b811ee6eb512faffa46717a40b2145aa8339f827cdc104df059891b3f,381
3250,LMSYS,12c5effd9b0b3db06f4f61d8f3b36c1c32bf8ada435f59ed1fef208b7664a53c,69
3251,LMSYS,13252d38aa9d3e3598af54075eb5170ad2aa747f8d182ed881c8f758f0b0b4ea,210
3252,LMSYS,a64642b82b6bb413930a07b3cac74220ffdbedb15b4d1092b970ee43b7fccdbe,380
3253,LMSYS,e313c753084438958d22ea705b43cd7e2afbb5f6d597f76c5df7077ffe90b012,224
3254,LMSYS,89ca9ac309fb2a23f65c85393b78f45df7d784483611f06bdc51be62057713cb,23
3255,LMSYS,9e9599f167aff1d70ed2bbf997c22c78250f7c55d4f000f3b99e943185485e05,171
3256,LMSYS,40a102a0a82228402ab56ae7888bc9167075e9cc491c40f77943f2942f37d4fa,66
3257,LMSYS,2f1c1597845c2ff64523f081f9370954dcfe20f9f67c7598f52c81f51a779839,32
3258,LMSYS,d0b1a9073fd5788f73b785a6b30fed302fcd09ce42a7d82b4446cfb23eddd86a,43
3259,LMSYS,1c693d48b551e18039d2381fa61c15672673a377701acd64fc010b6d428cc37d,25
3260,LMSYS,6e3c8b6978cc85b050e62117a2e5f303e56d39ac0080bdcabada89c9aa341ef9,195
3261,LMSYS,4e6b2582c2e7eeb064ba2272fccbc3bf2212f2ebb5818ab6cc85cf86a1133ca3,33
3262,LMSYS,931b632b9b9af0fff0776e0b5dc775f217f0179a62d7095523ed464a5086d249,223
3263,LMSYS,66cb7edcb66736299354329ec50628415bd1f0cefa772e954b13ad2ccd78adc0,310
3264,LMSYS,19cbf4bc65d332202e62be496ee5f2082989a141c2c9d1be5ab32593f99cc50b,351
3265,LMSYS,8b46f0ef0d80d7213436d4b3a3e17e33af16e3dd2e609f607b28490ef6bb7c9e,28
3266,LMSYS,d2c65ea4bda0381bbda2542b97fc1d47815eeb878d18834c00f328bb1166e865,271
3267,LMSYS,cbd6301a464205eb57beeccd17c3088232f7492fbf0ce7f4aa09fee21295d3c7,209
3268,LMSYS,1d02d83fe3bf7b8ca0f443a0eef235d6bc8b9c0ae6b99a5b8beed5680b10cd40,403
3269,LMSYS,563be1314cfb6c71364b8bafc5eed4c5b4e4e50458eea51dd0737c2a0919d110,25
3270,LMSYS,727fca8832a947f5e5ec86bb94932e95573d13bb083a8449fd91d18229864179,66
3271,LMSYS,bc05ff92a2e50423b138838f568528cf6353a25e0049394f78844cef8b25bb55,368
3272,LMSYS,086527a1d4738af715896526d3f175b5e7538ec03c9d09b08f3641688ee6ffeb,38
3273,LMSYS,2618e2238a5a7131e6840d46700c7cf4f606fe4f96ddef57fdb61cdeb89f82cf,344
3274,LMSYS,1fb88f8256a0756098f7c023d84f9759d109e60814a450bef3f9b350603b259c,88
3275,LMSYS,d2eaa897e44bc9f3ab2bef1695ebd9327802f61e480abd4c6a12d89fbe25cccf,201
3276,LMSYS,12e99795db587f00e0f8f19ff34395a5e2db556c2d456d70cf64c0401f0f8f13,66
3277,LMSYS,fcb1dcbc87821e2ee147f3610492d96c08f903dd1d109db958396818e5f48c35,243
3278,LMSYS,e20f13d2da821a0d0c23aaef69aa6b4030e59358da24471fe45d28a1a2e40562,184
3279,LMSYS,91d2b35bf46362c2f280f4ca582abc47070a00031eab2c8af3d60aeabf7d3c3a,237
3280,LMSYS,385b48023c4853842e0be95c0519a2757be835b59934f69de5a38655669ed1dc,172
3281,LMSYS,95b20ffcec51edf038de6eadcbc1b61a3d1db1ce53b9c3eb4a440a2c49bbde62,215
3282,LMSYS,eb605807b9c932a36e45286e30e03dda0523aba4f7a16508398fe2c4f0504773,24
3283,LMSYS,eef51daea6b467b233558d98cedd1c8b23fd7658db332123e9256ce30ded5448,240
3284,LMSYS,81cb6f8228324f9769569049d1120bf4dd0f1bc6f3f32e61bd95e54be5327966,29
3285,LMSYS,82ea78c1d4fde9a12770e98d146ec5dc5b7ab6451522a269ebb049d975e4d309,87
3286,LMSYS,e31bf536e26992ea59b5d7370b3b5e8d81395d2cd50d89bacd33155a4de5ea57,88
3287,LMSYS,cc1547006007e55aa6c8ebc3d0a4cfe12c67946fd20f77d1f070bb300fa5dee0,58
3288,LMSYS,9d69e2e9973ef0007afe097cc1a26c1979569ce241e48a482d8efc5676095781,235
3289,LMSYS,fb06e675aa25f7a42d036cbbb4541704ea4eb7f8bfdda8b89ba56c7a92c43d29,112
3290,LMSYS,9d2ab7bfe821ec12025d98900aa23562521ba215e5c649c9f2bb4ca528629781,150
3291,LMSYS,fff661999bf23606eef15197c08dd23ea50533c46750b207052201d784f9a2df,28
3292,LMSYS,557f4fade771e65d889ac5b52e25f56c92cf91ad167afc4a013d596fb8f19edb,37
3293,LMSYS,4b9b0b99344fc19814be1b4a78bcf758aec3db3ccbf3cde10682877260929e90,31
3294,LMSYS,4e14acc1619e6d63abcccdd1eadc14f232a49585c81665bb0eaec346772f01b0,57
3295,LMSYS,39102668aa03b343d0da07ba093ffd739f60d75c4e67db0ea5324875a0a5f525,413
3296,LMSYS,f16ddf1b6aef549be2a367ecbfd1abc7a91bbccb8007cae9b1b9ead597d6e894,236
3297,LMSYS,42c89e6d86c9c4433ed98d84532921c6c72dbe1ba2c6cc83da143c48e3b2ff24,177
3298,LMSYS,de3728875391189bc3a4911936b3f686fd8ec081d56c0d6a7d80a3c7182c133a,142
3299,LMSYS,774eebc7172c02a941fc35a9a16782d4e17b28c10beec66126fc89d7fb15d293,230
3300,LMSYS,a66d442cc4f7d8f473b083146e1f93fedddb9903b2fdababbe8095316cace03e,254
3301,LMSYS,a69d9b332d19dd9dea57cb6d4fbb7ba35f58ea1c6c683683686759a56381f053,41
3302,LMSYS,7bde5602d9073c02a8a716b88a3ce6b075c87ac615725b4d1525f928f175e4ee,22
3303,LMSYS,f4f61cd250d42711a1aba32f51e68a6a485f3e72b2a6a08f4899590d13eb747c,36
3304,LMSYS,cccf59778c8b272f3fd8ac474d2fa8503dd215fb6427877e32db80e0a075f45c,65
3305,LMSYS,1d6b9bd608ea9fc67069309f357dccd0670dedcf57ade01c73f2fe21d0708932,212
3306,LMSYS,6dd2a6363b71bd49c35134ad68bc6c5acfee338560dbc20a83fe7a9250601844,82
3307,LMSYS,54e3c85e0195d2a585b107afe65cbbe47a60d94f8077c51629bd3a45f560b1ae,151
3308,LMSYS,922b18431e72eb6a936098f0768c9d86e7d1bc34a4e96d5063e29bf8a823a5ca,74
3309,LMSYS,106c3e133b6f8e0bdec779a0eb35d40957f25c594e8214683c34c6add6fdf0d1,29
3310,LMSYS,664c12b9bc7420cbf37b0b28da60a211ed504365fe25685fa26a45123f02533b,28
3311,LMSYS,7255ae9d332fc315a84984868ad433a0cc9cfeb9558f1c8dd90ea6de09891949,67
3312,LMSYS,80f7d285a11b7eba864993c8622bf61dbab3a7e0255b2addeb3f5ee2fdfb174b,49
3313,LMSYS,cad29929211867f5965c3217bb1e2d397eeb0e00f743d3ff155997924eb0d98a,250
3314,LMSYS,9d4aee0febfb965ae21046621c70f5deb58727b2b56bddb471529f23539ce9d6,196
3315,LMSYS,5572ebc010e4d73b09945ee2beaf4c437aa026bada1c4c9dc6914de080daa652,159
3316,LMSYS,9b211275a3e2db24eeef165c9a4ea2607774491823bbab1a461eb019ce5b2511,108
3317,LMSYS,3ffba2fbd92b619e8d124e348ce436398102306d98c73b8ee2e0a8c29a71cd1a,413
3318,LMSYS,a88a77595c535d6b884ef0f4cf30f957d07460c64d7e6d9329655b1bc8f69383,66
3319,LMSYS,85eb9f9daed53ecb67c0a449640f788a50706645284fdf069a99225276bcbbc9,32
3320,LMSYS,963410af82d7997ef91e02cf4f6155946fff350fb75da8a1c7a102aa85101e4d,116
3321,LMSYS,c426b972cd014170e594d938e28c1e461803ff289793a635da1501df9bf01ed6,216
3322,LMSYS,b0c3ffe0a1afb14f8e68abe4b3aa693d43cf990b15c395be2464c62acc22697b,133
3323,LMSYS,dd42b68a2a4b7cf541c340ba114f0874db936b64bd16d1adc3226e067a30c6a8,200
3324,LMSYS,b7febeffab55d933e501aa5f124335118e431316f499b4a0b9a439e70a79ef18,186
3325,LMSYS,26b054c773480e0a6ec7846f4aa34bc4b0f3f48db4cb54d1f28f4feea1546d9e,121
3326,LMSYS,f1290cc5e0d9c48d04755f2b1dca135838f8278c538d467d7ffd702b1067d849,357
3327,LMSYS,592b1d04ca1ad4180573733817d190f14a0f58c0a49257adc7967446bd4d8885,65
3328,LMSYS,ae757fd60c4333a757ef2b0d9e64437d2ff00877da3f07f93197fe15f6f2cf08,365
3329,LMSYS,ddc726b3896eccee020bf7e2c49d107258b135089b8366acd65df991781b2889,54
3330,LMSYS,47e0085ba73459c09b969bd4dbcce9f40bb88305d4574e5b11d1b72651d1bbaf,234
3331,LMSYS,489526ad53093283ce352cdbb2533e0709e5fd2dac77906dce44c9cd64c5d4da,24
3332,LMSYS,2f594b6be39dcdd98dc0f4c9ad6f4658f176d031560ed64be2c4f406c7ddf62e,428
3333,LMSYS,b55272ac20d03320f89ce3e197cd66ca2a9764ce90bff952dd49eaf8ee1055d2,84
3334,LMSYS,59c3993f3e31217ff27809dd26dcec31936595f029af3a02881cfc4c9fb247eb,282
3335,LMSYS,5d0105e37efe9c7054080844114bc74a85f7fdc337dd03e1a412bd4967f300f1,220
3336,LMSYS,d1f15fcf1aa9d31e1213e44237771fecd14f4429d0aa6b5023017b178ce26440,66
3337,LMSYS,a2db8d5503525a1dc72fe38e86c857f6db776808edb4a8722e0024a51298d4d9,65
3338,LMSYS,ccd5f4109b8386335fb0d63ee0660e3b37196b809620aba7f13f56c21c7c6d4b,39
3339,LMSYS,5e515ba025a30947d680ed27941f8835a7666ada456f2f8868f23f668c5f4d6a,274
3340,LMSYS,b49e6ae3c654cc56327683ff1cb9f696f3f315d6c51d9ab7b17b601225d2148f,241
3341,LMSYS,4526e60f9f1a4f59f525ba1d6a86c31aa275775c9dd213e3b7e6e29f52db5088,237
3342,LMSYS,8d653c4d87624c7430814234f479c1bc7f4e6a34d7e9d5d4787da302f5bc6702,34
3343,LMSYS,fade2d4a113b0be40d70ab34875dfc3d4a094f5fb8eefdd33b86d00c3183df81,32
3344,LMSYS,301897d93a0e3dcedefe7b21bfc2f44605e1cd8f3b88ca5e681f7cc69d1171b3,26
3345,LMSYS,29fee558b11a1f538c669dc25837a0933338185200557451ce13e44e174ce0ce,66
3346,LMSYS,9062874a322a72f8e9a2eec5322b42e4942602764f3665668a0f6dd2eba1aa27,238
3347,LMSYS,1a9f4b5b3e302ace14e9aca4f3b5448466ffdcfc09efcc7067970980bb6db571,122
3348,LMSYS,48b1c797cd58b09e5292c6d4b448bc685ca8702256918ff34243447f7978af02,332
3349,LMSYS,fbef4838e82aa12947a73e833020c2d87dff800f739e447998a745ec0b9d9a97,65
3350,LMSYS,3c618fffe604cd5588c862d9d056972999e5bee24c998d4b94e3b2b1389c3af5,186
3351,LMSYS,4e8abaa22d273795cfac4bb9d7f18d3f7bcacca1f9eb0bb2dba7fa356a3ae079,28
3352,LMSYS,b5233d71b165f8ecf6faaae9cfe4c02e6a4f400bd0471d783d9b12f2580f4940,289
3353,LMSYS,f835d0ba6cd9203f5c1d455493ba46a3376e5a537bbde88ee4a5f70d17a7a926,185
3354,LMSYS,7c33b0993f509b4191944b858e9936c99510e5543cdb109fd7785a87f8b6e8a6,136
3355,LMSYS,c605adb31898ab8cde3b7a9a0250963fb8b8d41512b35652d498800ec757d01b,234
3356,LMSYS,0a40d398afb2fd38e8c37042d9b8a9976d9a1e1d2e862ea7d30d3215786884ab,106
3357,LMSYS,46747ce4f395a0614ce1e3268f950c0fc42a0d9ccbff04273275facc76f8c2a9,43
3358,LMSYS,8d804fe27928c8ca665a62df244a6a48978d980cf89be63c46d487ea6fa92780,168
3359,LMSYS,3fd4d937386f13e7bbc4fa70461cd1156309675a53ec261379784cfe8cc34e20,76
3360,LMSYS,1ab76a4db0f31a5f4878d09e555f9998ae9115d7d216afda966a6fadf1b17fb4,66
3361,LMSYS,50eb28a784beb1ce2e5a854cf2046cf8fc36807357c0b04ea0389e3fd3391cfd,165
3362,LMSYS,ec2db29b58a2f9d79a723775b5b680bf3e4a2c8c89a5f8558d366313183955df,22
3363,LMSYS,8d726d40148f3329051d015cdff2aeb168eadb34d02ff731b49360fbfb761d70,295
3364,LMSYS,fa6427af7d8e97fab51e63b423019dcd6882e82fc3af9e1d095102b4b9539d3b,48
3365,LMSYS,ea1d49c8def9344946e1f423f36e7e787a4ac2846e98aebfdb91ba850cefaff9,225
3366,LMSYS,cf45df4896796ce8e8484c46b31500d54e6c413d08caefb60dff38701e9385c6,31
3367,LMSYS,b5e11b3be2018489bf54ba5f928ed9552ecc1b3605e9f84926eb7c90dabc7b3e,229
3368,LMSYS,a545d10b0db7317949d6a0ca8362365adb2a4c5ee6a4f005267cdcee3ca63f6c,130
3369,LMSYS,144c1d8385d279c8b4bfa6c8203cec8766dc3dba0454d31a1c4ec9b678644b3e,270
3370,LMSYS,b188462942008243d9465144ac41743f046832b2ed80b5c3e4934753d2b50fc6,115
3371,LMSYS,6c9bd3b9a19f2d9c643335d592b1990cb24fd46692eef3fc2537eab0e6c80ad7,105
3372,LMSYS,fce11cb84cd6f6058a7f8d70b598443915a0da4dc1f564e971f476c1427f9013,255
3373,LMSYS,284d9fcf103b41063bacb654b89cc30b2b5714d2833f4f8dbd919ff8e26b25ef,209
3374,LMSYS,23da7c16d91695eece8daa1f19a37aec5e0771dd729596a6e657ac0b467ecbae,280
3375,LMSYS,e24f4be1637be21e0ae2e51fb3e6e17c9ab48869e4e0d3632e72fc5dc55071ca,348
3376,LMSYS,392b18775f9efd8d76f2c0409ad0daa5427b70526bbaffc088ce0f014aae802b,115
3377,LMSYS,3c5e13a6e51d128f1da4fde5efe7e01f8b998004f91d1f52a1520a487745255c,25
3378,LMSYS,61a28e3f061daf6a86001f7b9c2acfafc8fd689d9bcd8361a21abe544dac5861,44
3379,LMSYS,684a0459191be73cca3f92522fcfe88b0acb2e22f425819e1d58955b09bef2f9,23
3380,LMSYS,d542332d56993a26cfd7513e0b3138d5e41005610b71da0d8e6a8c2ef02c7ea3,133
3381,LMSYS,14192fee2255cbb1d7b4dba35cb70269ec1f042c46b453843f472d49488ab839,277
3382,LMSYS,c7df4c08efd9dd84346b4e722618d0ea1b7fc61bd0074d0ebda466acf1cd1d3b,107
3383,LMSYS,c9cd556d8ee2760bc50d3a3c236e58b3ed620d5620f791d43dc8bda5353d7537,83
3384,LMSYS,ca1bcff6349b6d2ab606266915c2f4cba8982c5b5b718f2921eae249c4b84753,116
3385,LMSYS,ca3f6308165e8ca80c58c778be3667266588e2f8f676281e1ddaf3cd4db4dac3,40
3386,LMSYS,98765fcb557454d56352a4e7071300f4fc420e0b4565fc551d8ebf615732f539,391
3387,LMSYS,7d4f223188c40fda225d66f4d5308b55c8777b5931d49b159e21bc62e98b738c,131
3388,LMSYS,1cc8713639e56d255673b5ac9379e329f8daed363120a4ae8fe9953ac1cdaffd,135
3389,LMSYS,cd8ac0e48364cfbcdbd42fdf8ceb25ac320725a4c6516f0f26b47456076449cb,87
3390,LMSYS,691ce8dabb23343783a96576eb41dfa262b98a285789258cf24ce73dae39b033,60
3391,LMSYS,ce44b81e9fc49db09408489bb819e5ebbfdd06f2091172af3833d2643e41b1ab,383
3392,LMSYS,31184b01022c161aae159604e5d1651b904162abd8ff045e917a035cd235361c,430
3393,LMSYS,861d2b7dcd98044549d1aad19b8cfef9c660472d5fd466501e398f0fa07f4a3e,45
3394,LMSYS,0361e4ece3ff63ffc97f2f5f5b4c9fddefd7d856db2560c01595de82e286fad7,28
3395,LMSYS,48a198e6cbbab5ff19cd6895029d34add715da9d38d8ba1885b9d12b1b2f8efd,215
3396,LMSYS,528a238c34c176be89486af3fd0d25b9ccb0bbe8f39110ee98fe60317756fefd,413
3397,LMSYS,dcb4419f61e586732327d5e1854d8dfe81f93466b6f6ad641d86a53f8c8c1315,210
3398,LMSYS,74e5bbec4212268b2cbc51231bba0f99e1e55b707e851c7633cb93c49b206799,415
3399,LMSYS,c5deb28548a77663537675db49708934de3c8aa8c2b1f1dd00ec963607aa3bc0,47
3400,LMSYS,c704d1b858657ffb9017f3e85c562852ccf197ab1811425ace91ce36fafd40d2,30
3401,LMSYS,353d0a2a8ea9ad86c9f4210c1721fc3fe60d3f40a164b8085ebd4edb6be3cb54,304
3402,LMSYS,e361df62fb50f0e39880b17f11dcf8d013a465c4b633bfe2020e71d3436bd917,115
3403,LMSYS,9bf3b6956a29a464e1c0115713f25763de087d21ca88a81eec9586d71f55febd,48
3404,LMSYS,28fa26534106d8b268387540363d0c182d563cce6f4a1ac45f62be502639c603,262
3405,LMSYS,3b6fa178596ddcea8ae1c633b3c45ac7639e6d5256d160becbaf1062543d6fde,35
3406,LMSYS,1bd0a1e5b2c0ef9e3151e5e851a6f7a6cdb985006782f31671c8d915f955046c,297
3407,LMSYS,1cd1d3f6fdd8075c85f0daf634b0145d34ed51d25993ce6b3d06aa6a15b73283,276
3408,LMSYS,687d768d727e6b792c997349f177c12c65254b417e5a29a94bd065c329e43cb9,165
3409,LMSYS,a078e0f8aa60da008a6c6cd87381956fdbd58886a29840a912ca4ea8e3857b4e,55
3410,LMSYS,8350af736e4f8761405a4b587edd96080b82699dcccdc30058ce49797cd170ca,243
3411,LMSYS,84bf030fac3ba61dee102df739bf8f602ad1e05a42a696f6cb527bbf3e12802f,391
3412,LMSYS,fbf8e1ed3984c28ec21d2d9589890854d61bdd5820a3d634dcf91a74a1c7707d,103
3413,LMSYS,0f32a5202feb37fe7a549cca2b13333834a361a2c04f08a304824a1f6352c62d,22
3414,LMSYS,0452b3819b024a4d2e95db7d75967c7e65f091c3f26ea3a297eba301420286c4,473
3415,LMSYS,544ebcd324eab581e319d92307aa2e112a008f188ceb8e2e2b5bfb30e4f367e1,256
3416,LMSYS,298fac4693109cef37300a3196129f0432b2de73b77b247250cea1dbfc004581,462
3417,LMSYS,0727526364ed366b28213e2e3a12341225fe297a868f05c04641f6cb20840c2d,60
3418,LMSYS,57462870fff95769673c60c74a787427176f82752ac17573d11aaf1db96e37df,50
3419,LMSYS,968d45cab49b385207955a04c06be769ca6ccf2cbd0ebe7ef5c6b5c10681edb0,121
3420,LMSYS,078ae8534a269510b147fd23e02f9cedffe0f80b607440abd2784da21789c9b4,171
3421,LMSYS,84de28c2cd02e97ce04aa5e90a63dc9b7a2bfebde443872eed35c005d3017bb7,42
3422,LMSYS,644cc8e2887e9d68dec791b9c709541930ba5398d10db9a96b6434c0f31354a0,192
3423,LMSYS,0d3656b1dd15031a92ff565b91740341a5fdc59d0b1a16c866cf1677cf5a12ba,71
3424,LMSYS,c3516a66dc07d0e069ccdbc89a2fa6e1097323cf9158a4e22bd97813a00ee27e,74
3425,LMSYS,02844609414aa76c4fd1045eefa44b95b6a4c1bb3140316ed10b167075873833,142
3426,LMSYS,bdbd8d4dd18a63438c46d955a1498355d0509d559a26ca0be7ec9e49b406da39,41
3427,LMSYS,7166ae5b152fc2299946041e1b95042566cc0f281eb9cbecc7a99417b30b87b7,405
3428,LMSYS,17bcbf979b2889939eead650629664d46c372a945248a3a0b93c4d84c0386099,146
3429,LMSYS,1d6b9bd608ea9fc67069309f357dccd0670dedcf57ade01c73f2fe21d0708932,212
3430,LMSYS,5459b46414ca8cf9293fd1432c71fd15d100c06d8dd9069a96e716a350ebde0d,239
3431,LMSYS,60bfdb2c38314080d51a94ccdf8fd750d916815beb9be7064c94deff160b4444,21
3432,LMSYS,994287dc04b77e8bc460bc44e6d6fa631c9cb26c6a1c5652a7e94bb4118f6297,114
3433,LMSYS,03f6d320f8619cc4b5fd86c20aba4497bfa041f09aff6a7a49d15313d17b8a7f,67
3434,LMSYS,3a1689067bedaf2855bf9a7a384af5b56c52dad5dd20a8ae315964c0e8de8f43,92
3435,LMSYS,baeebadedb87c488f6fff68d2d97874d999965aa22218fd866872d6e34c01cef,133
3436,LMSYS,68d7d3e474475fa311bcbc8415b567d562cc3ad030bd8c0ca37b77dd50b0c40f,34
3437,LMSYS,b012c72943f8c1faca95fc2f7162d6f881fd406df45349e4fea6a778367000d9,139
3438,LMSYS,6520384c39147c3e22d0a447230cec923ed5295a06f845af4155eb93ab032c8e,381
3439,LMSYS,191d5ba1bf8f56e808b2a4ac2f9afc9924de252ae026d5f57f9039ac487f6dac,225
3440,LMSYS,a4c89b426f17507c23971933daf3e63e4f662e8b9117dd3cd4bd7929aceb9dfc,254
3441,LMSYS,8b838ed57298c500321bd2866b549061370f83875a8fced173add40a5adee52d,389
3442,LMSYS,2a27fc09a0581aa2ad951b5e32c23bb83cc4290856bf3b8f94649ebc38ef5e2d,130
3443,LMSYS,36d7f595e2e87c851face64cfff8e28b666e123daedadab7e4f4f7368ea48b7f,24
3444,LMSYS,fdec48732d467abed8eefc4a1dceb1c18324303743d569aee8380d58475281b9,236
3445,LMSYS,fd0650aa497c7dc1199793756722cd8f8f4afeeaf1548e5c74527b16448a0204,368
3446,LMSYS,44b88ea8f225180e41fc2ce370213c997791af6e2456ef4ab53a3bc140c6e8cb,117
3447,LMSYS,29fef589bc57b672d2f3fbe3d4631014e228f6f24c8886e6abf4e1f666172d0e,212
3448,LMSYS,a3ebf710f0f748d1960fca28be072d8acd98237973ef8f4742fcdab25905b647,21
3449,LMSYS,2fd76735067cc5f0f622b56a2e0ff0d1ac36981b9fb37dce9ec16f72d7ba8d94,22
3450,LMSYS,1307c4533260b43f1f347bfc0673d44b80824f8acb142796e6e5308f2c32e2ac,82
3451,LMSYS,9e49524962b8ccaed9b7ef8d4d9e133eecb6947d5bc3648804586fc715e68700,56
3452,LMSYS,0bfe233564b7d7718a9969dfd5a838fe3889c7eaeebc6192f76cb6abe9b02b4c,233
3453,LMSYS,9f631b8d29079b001e36b25fe929f646afbe6a85f25c89a11ac2b6cb7e5fa886,118
3454,LMSYS,2bcb6738b39ba49e174c2ff1134ad44e78a3c530bf20c12f310c30f8868f3b55,236
3455,LMSYS,05a96d7f7664f1157aa304434ad1c4a07d92073cd2c87a90aa71f98122425c3c,36
3456,LMSYS,9961e00ea827582e5356dcb86b96242e5eddb34c8e85374d586e370c57929b86,27
3457,LMSYS,e26a4290a1eab5f8a6cb3807063b6888e1f18b20715e91b65da79823c5bfde44,193
3458,LMSYS,07fb9c312f55620fa099452b9fac06935687bf88ba146756f927312da9a9d87a,251
3459,LMSYS,380b7eda67c511af5df273a498f5f013ba52598dd216da29d597ad04364805b8,431
3460,LMSYS,f3d7f21d743562b9f7e1824bbd44d556fd301143afa475694588b3f7bcd2e7d3,92
3461,LMSYS,881b5b34224feb4af72208ce0dcb6d30e2d4acbeaaaea87c835d517c0e1dd9e0,201
3462,LMSYS,bf354173a30ad595abd501f28e287223ddeadeba2d097107f4487e674cde5811,67
3463,LMSYS,fd42dc46dc9aa041b117632ed5cfa64548fad29b5180ee393be3ac55bae2ad71,72
3464,LMSYS,8bb60e6270e3b9f7c05b8c6aa6cabe421f286c39688f4a0bb248d05a45f95803,43
3465,LMSYS,64d7a227ae88d6a17b3c24a2b1dc08d03495f9b86ebcedd86bc23c226179ef4f,262
3466,LMSYS,2c32e5ea1d39893cfe81b4c502ce02b6c1fbe5cf24cde702afb2ac48a9897bda,37
3467,LMSYS,0580d24468aad8ca029023aea004d8ef652a138049b4605c9c062fa421d9a83f,64
3468,LMSYS,c16325f07522a401b8483fa974bc6709d64833e057bb478eb7b8729306a3a9f3,276
3469,LMSYS,d23cfbd82ff41963f75e036b80488d99a6222d9bb65cb58f8fa73219b790b0d2,63
3470,LMSYS,96a984fd78c6078ac21a0663d6442e2257e89d14f302fd845e2b2de437e648c5,23
3471,LMSYS,2e2b882ed98038861eea4ec4ba21fca0bfca1bff49aff189f8679bb744a44288,45
3472,LMSYS,b4e6296659f21ccb8097052dcffddb79eb5a031034440c71e021a3b9a1fdb12b,154
3473,LMSYS,6856395270f647527e4191133aae1fbdb24fd3b6f9a86d75c703748b113fe2fa,124
3474,LMSYS,9ade8bdc8f4d3d38574d2e30e568f5ed8f7728b864761a9a57d78a3f2cc1db9e,25
3475,LMSYS,c05856822635b61b89352e8d0fbaca400e9958ec00d8f32e52b45e6e2dea8dd7,114
3476,LMSYS,7f36c552473e723281409731cb0d5c4f3cb1fb093039e4dacd35361aec95fd62,41
3477,LMSYS,f53d7b2b6c65b1215cfc226b6fecbb28163abe6f3b5e88748c5c5d898871a39b,93
3478,LMSYS,9be7838be36fca5ea074f96bcf2b7dea67d0012206d7b5dda5cb9843ffa5ee70,46
3479,LMSYS,5224f91272023936cafa317b95af58f4d502d948581cc6b01a17efc209857c09,206
3480,LMSYS,6e8adf141accab8b17159b7d4fbd770d84f7f95bbef17f18db543a857509e9ee,186
3481,LMSYS,0fd35f1ca29bd3cf5cc4c587c9d3d7681a923dfe6710688f12e1cc49904d42e1,197
3482,LMSYS,3e58432846d3f3e78c53d39b70fe6b085f627eb4553394343240472f36670149,72
3483,LMSYS,df899b7f4bee03a1a812f6b38f3b1a9afe1d6d9b15f17a28037774f72fc66e20,446
3484,LMSYS,6c6781d18215ca7cbecc6c9c79c8396ee3be3a1e4e86b1b29b48725249cfd38b,122
3485,LMSYS,514ff25732677abd4e5ff1e5f4317136a513843f3483506449d9ea5e293dc435,57
3486,LMSYS,b470fecc87350d0c92f992f26166a564ceb60bfbe87d3148f740eafadb3a4719,93
3487,LMSYS,25503d0794f7db95d054ac580ac2e75830c2f35620270a3812d159e9384303d0,42
3488,LMSYS,56251ece6d3432d371b4b44579806a3a3820655dabd36a1370789719577cf709,66
3489,LMSYS,cf5e4b794072e134246c93da629612584f944fb73ad519e4cecdb2ca8aadefef,110
3490,LMSYS,de3cd45c94f14a0825a8a817c9acf4cb562b3b13bb89e0652e7164f2c033ee70,219
3491,LMSYS,6949f8a892cd1b92a947fd75a8a0842a90ff698b6d7a8566b046c755ed9632e0,57
3492,LMSYS,c8a83fb237001eaf13098cfe5acbf315db167aec50aeae5936ccad863359b5f9,56
3493,LMSYS,2c7a2416ebb7e161c681c95e0c1d693bdc818f7d8b42c2f3e5443eacc9b55c85,83
3494,LMSYS,4f3ea5b73f396b102aec1cce2d4c5cac36fd851a753f09fab6d4b5a6653fd4b7,106
3495,LMSYS,9ac2ad3585d2475c5b307dc97c85f9853dac5366260bec74f64a03b56125e439,70
3496,LMSYS,c9e40c5d5d2322254de715c28c09d3cd788a7a1f76c9cac1045ae4586daf2d48,195
3497,LMSYS,fcaf665cc82cc9f7f9746e0e11108978e6f9efa18762123a7491f3e44f98aa46,60
3498,LMSYS,2a7a263708385663305c6dfc240703865723c7626aa4578c054d3605c53b9bbf,151
3499,LMSYS,0327592384ba039258410abfe8c63efb962394b0db2ad1ad60cba0162e407a03,189
3500,LMSYS,3586ba28713c357b426575c7b748e655f049802b4bc5889b9cd6f54a2d92a144,69
3501,LMSYS,0412c06d42d87e4c5effd2aadb57a74761aa8f6863abe0c7208a5a9cc0d4c799,240
3502,LMSYS,17052f58565441c3778a4967158b4771eed76dde30c530ca5705cd81be80ecf4,134
3503,LMSYS,1d0b83aafa10b9e7df96c8ab10e391ef48797793409059d18a25c49987d8b738,448
3504,LMSYS,272b27baa0792dac96cccb9a8d1a3ef9ff3eab04ad7db851fde1875b3de7ce7e,188
3505,LMSYS,b4fb06d115474725c0b7185483882d620613bda1b435e77a69a2cf191de17259,27
3506,LMSYS,4aab7e6b7a66959f7ea20e5e2285bf4195247364cbf7d873bfabd0fb060274e3,443
3507,LMSYS,3b3a2080d90c8a305461115152d9b5bcd668bb8099a86e9ec4465fad5f2f734d,238
3508,LMSYS,04caafe08ec50a503a632cd2509a1a6365e1ca068af4f43ef89e744c02984593,69
3509,LMSYS,e5620418a2583688883645fbe6666bf14386929f3cda600a219740a8c558c141,106
3510,LMSYS,d4610056847dad63568c23a80dd3a5d846c1e0137772c6d9a4136bf23143d38b,287
3511,LMSYS,a5340f7a4229f3661545a5454d2eeaaafb579a5f2a4223fce7ffddd7621c00f0,64
3512,LMSYS,300a763709c454ab33b8fa5e2b11bf34d3a1f17294cd38733739d88d82f82505,163
3513,LMSYS,189129c148c77ee9ac4bc747839fb4bcdbf32b0b53178196ce98c03b4bc7ad40,242
3514,LMSYS,68ce90e37893da3d050c3e2f2a57f02d1569a1435ad72fabebe7ff1303c00c2e,276
3515,LMSYS,c5cf44c4d4f7b982a4371bcfe8224f92ec3d8c67b2a213bac389be32ea4bf4c7,109
3516,LMSYS,c71382750a2535ae0aecee8572dea9ad2beeb852dd1f9b44c0787ae2877383ba,62
3517,LMSYS,37655376e51ae69d7bf9e50ffc35933245ea196240a540e8ba59a605db4e08ef,29
3518,LMSYS,a22d911280064e65ed7c3be53cce7e05c5045f1591a1cc1127ec58d2dd38d693,289
3519,LMSYS,514f97532ec06e1bf1efef61d2bddd60ef4c63581f0c240e53caa0e74712cf78,227
3520,LMSYS,b0554931408eff2e42b2f5354cc3c1d89dc16b653c3e38755f42718e7548f0c1,194
3521,LMSYS,b6cc01bf0d5e1b799ac309f6ea76833531a9553cf9f3558c33b23913d6659a4e,23
3522,LMSYS,8bb9ecf5d27f58396c6af9cd4a0b9d00cd04a19a375edc4b120ba5e1bda39e63,157
3523,LMSYS,a6b4432431dc0804c1ce3dd529a0545de170b93395a63a22664b58d292641366,139
3524,LMSYS,adec99ca85fa153b19cb2510592122cb85485178444f88e2d6681aaa5ecf0b30,53
3525,LMSYS,0412c06d42d87e4c5effd2aadb57a74761aa8f6863abe0c7208a5a9cc0d4c799,240
3526,LMSYS,dc85b39ca02a6b0a950dbaf07bd2442e3a0e5d6db73aa7e9a12c9568bd148f6b,54
3527,LMSYS,777dcc737d686aa8690b02540ee286d0b63e459b2076b36b51ee3e129c663650,63
3528,LMSYS,845d3fd9cb7f8c7640be75b7c4560b9ffd65565df833c2778becefa03778144d,220
3529,LMSYS,b6950a8b7cb2c02c171b46bdb6c83905260fd39b72b3e92bc1e55e8c40215b59,75
3530,LMSYS,4c5b4144be8a8edaf4aedac349148c31b92a1d6c5a49695a55b9093c4f81c4d9,24
3531,LMSYS,d76e09eb6abfa94f89d4ef5ebe9c2139a6eed1410d7d394b2448bd5431351194,455
3532,LMSYS,b0d9221b2f4be9323f1f506f4795e30be454be386b03f377ef6921d377cbfc50,134
3533,LMSYS,5620fbae6830a00ca8285b04f42d95a82789fe161115f6f079fb67e7fb63576f,229
3534,LMSYS,b489028e6fd778a9c4729bfd43ddf87f7c6553398c2a9c45b3314d64dd207ba4,279
3535,LMSYS,8336a80e45f0e6a7bc65c85bc3c60ce8d5c900b88225c1ff56836d880a4a6b48,35
3536,LMSYS,eb8224438c8a25c50ec2529d44e6007cb090eae79dbce23202b3239bc1a33762,309
3537,LMSYS,b24e36bd26d116b73d6ec9587fb653afe890233ba2fab04d21f2d428c7f9a2e7,23
3538,LMSYS,cbf344d53109fd35024621f69485093d316f9badc67d67c274492619890a627a,232
3539,LMSYS,7e7bdc5c47e2f0eb0785d7fe3851d0982e1992ca011bbec053bfe833ef16943d,69
3540,LMSYS,63627ca4ac9789be7d4ed998ec4ac1842937dc42970245b3fceddef20d0e3bd5,93
3541,LMSYS,6bf1680aa745e8bd0ab5320908f3291e00a449b5b549b0c792ea4fad801e914c,33
3542,LMSYS,ba0004d1362b5273f6f8f098cf44b2a91d6873bcce17c4f35aedefd1c6cfdf18,112
3543,LMSYS,7ced5e5c897255363e2a34af95f079defe08ea7356a9c4dfdc13b4fadffc1e2e,209
3544,LMSYS,41b04a61fa6e5b592b165df7f6cebe5be08ca1cb30c8158c66fc41dd988a804d,21
3545,LMSYS,3b797415edae57bc750812d11f30be16bf85c78bddf96e0e8242cc92914cf0dc,50
3546,LMSYS,02911e074e6b0f30541a0faeac9775883eecaf04f74537f7ee27d97c431c93cf,100
3547,LMSYS,97e125162ba7d88b0f9747c58658260858d36ea6bb21bf9e5d00fad7c36a7606,55
3548,LMSYS,f482f232b883fd8f7e9ca8edb457fe1a43e5aaa08780e9f26df214e85929e15d,143
3549,LMSYS,321f79f07b332e781174863b6856998e568aa6d3db2dbdbaf86464aa3bde764e,24
3550,LMSYS,02bed733af18f421e8e09a49cb14dc0c891d780e585fc7a0d9223a8a99402c1e,198
3551,LMSYS,2a5aa0d58dfb2b8d471f0fe996a68b6866aa76ca40617ea2cea1ef42ba026fd5,34
3552,LMSYS,fd4cab2d651e6c589823b79c51d87fadd84a78e29ba64a7340fe8e3499d856a8,50
3553,LMSYS,215813ead15afadab85c6a2ff90778212ba86040aee0b9066510b2f64ec4bb6f,235
3554,LMSYS,35e9ee25808268d50a148447e641e22ac9b501bf1b373cceab72634f2f609924,235
3555,LMSYS,5eaf37e090651860b2658a42f2a6c74e991f1ca6ddc74528f17128d6a000c0c8,225
3556,LMSYS,a080fc829130b98d23e41596e8b9831160cd9d762d93501489eb9bb13efe7217,361
3557,LMSYS,690e59b8bbea10192f6bd0d30506dd31e9cde5f5c4239397959ac59d799c74b0,111
3558,LMSYS,913b28fa9d841e5ce74453c2e7f3fb9b2458d02d886aa2a9ae116eea0606cd88,25
3559,LMSYS,d2330530731cac65e0519e62d93433b9f4d15fd862881a3597490e9ded957c67,69
3560,LMSYS,6ff35cfb877481c4736baf55213ea48907d39e1aadaac3b3abd15415485491e2,57
3561,LMSYS,ed0668a2fdc8f5ddb10580fa5e2231c8586e5d72c73e859a1142fe467565f009,86
3562,LMSYS,220e008f24953df194255cd5ab65263e0ff239fd8daaffc658bcbfb817f4fee3,305
3563,LMSYS,0e2487d560c40145c15346843870fcf61ed6a696111b60b8f1012dee1bb5aa0e,90
3564,LMSYS,89ea8aa2022f3fbf8b05afd62d257c02d33c5c457539e45e3f3d4d1ede77c6e2,100
3565,LMSYS,f912342db338763861e7b1c6c801c7e82c9a0a63ed3f8f333b7b45f83efc498d,104
3566,LMSYS,28b9c6c4d4f610a71339b9ec2a119ecf56b3a5e6249a7958f7f8307a2f899273,54
3567,LMSYS,236362d32655f0050c23128c12bc07cffd42c4e736fa4a588ce1c832eda78f51,250
3568,LMSYS,190697332074457189821911b0bdf3b17cc8e2a68658a3eece34fdc2009817d2,302
3569,LMSYS,100e91eec09086b05b0ea71e4a90b9ebd2224d45abdda07e7a1588296ae44e81,61
3570,LMSYS,519a12c54b76a3243530229894c7b83171e0eaff55daa228713d602eb14babb2,27
3571,LMSYS,178763c2a767750af247877b232cc8b616906129795ec72e7ed16838f9d88574,282
3572,LMSYS,9b6e7d51c202d60af33b8d92898b4200f072782953aafda167b385344424f330,470
3573,LMSYS,9140c26b60b9fd5bd0c9b323e9da83cc4874570658cc2eb9561c416fad0099fe,280
3574,LMSYS,6e03c5b5444b991b12886f24b46013f2f214e22c1bb3c72b7ff33ae06d352452,144
3575,LMSYS,55ab0b2ab3bc8b4fe7fc5ca9f427c4dd0e9391ad9cafdaa633efdfa5be245ec8,24
3576,LMSYS,a687cc98a2043c5aa83e0e595547e3ee1b3976a8502a09f7c5e1b0dbdc16d356,252
3577,LMSYS,9fc69eeda65a4c898e49aa8b8310fab3fbd960ff0f81739c152a37b86e4f2dc2,108
3578,LMSYS,1de92b547a7f0be1eef4502bf5542e9c16fd249c67cf609f386e881bfc96ec6e,230
3579,LMSYS,1582142bd5dcf906019a1fc7ec6f483c1d00ab4bfbc915380eb5b44f400f8af7,28
3580,LMSYS,498e51a6fa40ca202f6cf36a33696f1f7c389a01e57009f3995c1032bb59af99,38
3581,LMSYS,dea121ec2d20dfb050d4065134a0968486c459a85b42cae6a5baa2ec9564c40f,25
3582,LMSYS,81babc3fd23ae7137d26432bf0903d7652001483ec4d0eb3eb82b0346d58e9d2,228
3583,LMSYS,349b305568d7e86cf23395185505de7737e09ad77f946801864a0d00b69115cd,69
3584,LMSYS,1fda922c8f606c61600571181405f04687e207b354ef5f2e9a8845588017cecc,240
3585,LMSYS,2fff03aae819b8c7e06761275a22e541f1332af8c6bfed31227571774e6207a0,262
3586,LMSYS,9767731703014f34e9fe7ea3b50ac919844d8ff89aff5463281a6b718cabeb5b,245
3587,LMSYS,6c13391c652919eb835db6397406082a85169a4a43fcaeaaba55bd73d4e80c59,103
3588,LMSYS,de0cfcb83f4a4fb1719bd85a0eac962134bfc8598b99ffe31454707e1e314572,144
3589,LMSYS,70745bc08bacdc33aab9abfed3aff3ba16432467abc867a513b57241e07a2b0e,24
3590,LMSYS,fbefca8d834ea9e0cd1f23ee36626630b08d897d72c7af0434e1883a89dac74a,66
3591,LMSYS,e3e3311a91d3d07209ea3b484a0121e99d2cde382ea4dc9a7a8b5d85810dda47,51
3592,LMSYS,c28012650ef69b90852d5d4287e17a9eb40e17e1fad0fc9b6fcfaf19035269ab,114
3593,LMSYS,ae05decedf3107cd2e9a2286a5477a0ef0b1de46411e7de643e1a1934daf164d,210
3594,LMSYS,6bc9e8931fa5825aae2eec77f0d931df10a3e4e3ee02ef164e76043e884e8a82,216
3595,LMSYS,0ea98cc1d3de36a11dcb1a9b1a6ab001d36f7df1ebb37d15b3d70c9f5a8a522b,100
3596,LMSYS,dda97f49e8cce4badc891cd192f0cb85f3b6f540b234dc31a14184eb14dc6770,30
3597,LMSYS,477f380767747206bebdba9a63b1afb6b846a4d43e5b7bf14be35d83462ca93a,108
3598,LMSYS,91d2834586bc163728a37999b1e780a3b88e7fcb7d736e3dc33a714d341f339f,189
3599,LMSYS,afb3bbba094baf0d4b5e8fb150f78d59fb1dffdeb9e778f021f846fa59749511,73
3600,LMSYS,be41b2820583f1f3f9048b86eb91f8f4a9c2ad23570d530fbd54c3c25a3baacc,129
3601,LMSYS,a90401338e9d6f50af7da1eccb4ff45c352f9c80a0861b02824faefffb5edcc4,458
3602,LMSYS,0f789a2ec214cd338c596c943a0cffad22ea87e5e94182df91001b9f99f292c0,76
3603,LMSYS,8e49512f60efd361c826ac2ed9c5259d66eaa8245a3aefe7aa4a9257ed430b13,53
3604,LMSYS,a5614b2a92b996503fce6d157d8d376c01904e4a3ebeed1e8137fdd066093a11,68
3605,LMSYS,7c1bd38eed97e4a36ffc0ef3e568c0d4a7cc24a7d739c7034086417e55273f6c,237
3606,LMSYS,79aaf87b9879f6dbea1c559f0782d88348f0f9a46af8537ed4bbae12578c13c2,40
3607,LMSYS,1cc8de83ca189bf6b5bb7c994d331f59c2d4f141f30a4d1cef5ab91ca435a823,102
3608,LMSYS,1cf7781086c9f87e1aca9849592dbd72bc1d3d85bfeb1ba253aa29387a8f29e8,156
3609,LMSYS,59750b807ba86948d99fd2a537e0960474eda72688ee6c4c0f611c4e789272f5,201
3610,LMSYS,f995138e0dbf455fabdc483f3a8086c8efafc06b7862b01ceeb121d3e9de21f4,22
3611,LMSYS,b06ecd8e41af0cedc91112ad31d0aa747a012739139034c0921884b556e8a453,125
3612,LMSYS,421fa5ade8313e252ffe6777b4d804aff334042c6d3e5b23f4fb3e8ae6dd0359,250
3613,LMSYS,caf53ce7771ebaa249509ab14bf28baeefa308e1c5ea215adaa2f1c96b56dcda,26
3614,LMSYS,65332544cf216dc3fa31ed8436ba6d000524fe44698b366a82ff015e1c2175f7,51
3615,LMSYS,b0c9c0cf94fc2617f6082b71f961985ea586cdcaa1a05532c84747d768727ae6,306
3616,LMSYS,a475d1a8517962e12877b7caa2f32a98f71db04fe0a2216b8f0aa87db29c9c20,72
3617,LMSYS,6e4a0f061297cfe005fb4262626fe32045640a5362171485dc0e44aa76b1b5bd,175
3618,LMSYS,cae7904f496b2d97fcdca05074b42a692f08d0e7681d0ac121df346726360ad3,125
3619,LMSYS,906e81947d72b00ba0b9ab86fe784c23d306ffb0eb39d63fc3f20bfbd497e24a,231
3620,LMSYS,19e003f3c4b2ed4444336bf05a6a0372aaa8071f07b747a4516f97bb596b001e,35
3621,LMSYS,83bc43b640f58f3114404875f2f7a29b52da5a1c653573c100fd1fe5f522c7fa,23
3622,LMSYS,2ec528be2e48b1b305c43bf2e2da3929e89eef2f6b2ce0b3b391175d58d2f808,173
3623,LMSYS,e55c346a2cb37fe1f7eb84dfb3852532ef5d450c1813a604ee9d6753f49bba19,274
3624,LMSYS,d985c4dc9c2ed364f98408f7644c655cb85c6e0d7b8330c0d7c45f6a0a59eeb1,414
3625,LMSYS,834a500a7f35bccf22796a113cb6b2e305d5d7e3ebfaefc5f781553753a78b3a,52
3626,LMSYS,f7bac022cdcc1fdbc497071562f3845b680143a8c447c971d5d3daaf6dee6bb5,392
3627,LMSYS,b50817511bb0957342d7e4214cac4ed74038fcf6e1444f3b09e22f8435b3d89d,363
3628,LMSYS,3a07d4be0219f75c81f1a828ad100876fb2ce717fe8a0f04d48f5a4daf685a85,406
3629,LMSYS,50494419a5079c100689463fc5b4f6759e954d8cded373d7cbc348d980b80cdd,271
3630,LMSYS,c645fd1a9047284f025226629098fd7384f599c2b1a2c5de3f9083ca277b341a,212
3631,LMSYS,5a46a2202e91d15ba0f4fb79062c2951317ad487dc8b942ed7a298acc069f1a4,132
3632,LMSYS,502bb12c777d8fd3ad9453eb64a19fbb700f6a0ee375158015ec0aa681bd4024,183
3633,LMSYS,fee2a0b6eff6e52fc243c3cc2f64aa549acef9a4edf744007d6a3cbfe30ddf45,309
3634,LMSYS,3adb3703d8b6749a9ca30d5f3d93c8d2a8dc38f2c57d85b0e6f1e6b3e4fda92d,66
3635,LMSYS,811ecb7f82fcf37c9ae888222f11c31143865ed82c272013f785777e5a238db9,82
3636,LMSYS,83dcbbd2b8528efe8eaf7de1b59bcd63a90b065682014cb6ace6632983eb1a45,167
3637,LMSYS,fabf5f54ed954b393c64a5146e83e1475e75f13926bd9c6db034e2cb80e0cbfe,239
3638,LMSYS,918dab35e1d0fc3caa4fe0161e132ac64a9d69d74f4b655c405987df6e7e5d4e,215
3639,LMSYS,7b3e9ec471d058270a46cccac8514fd659fc8b7f50b594c7127ed1bd24a89e60,32
3640,LMSYS,829f9ef346c00c0e36b916dfcf8d9305306c7c49737f55a0c628d111eba5a27e,176
3641,LMSYS,cb6afae6a5d33d4ea0e10cdb359a0e82d347cc7567785c1e5e5b4188384d602f,224
3642,LMSYS,e8c50265d9e25605d440d8db0e29b11c1cbfe24a2cd79c9b9b389246fc9e06aa,145
3643,LMSYS,e07400feb148daf5302b4dd80a9138792f655ae8b621cb4e5f898be96671ca02,33
3644,LMSYS,d5dc670203d693d3f8007dfa7ca33c88ed527d19c73416ceca25e9eb085d78e6,261
3645,LMSYS,f94d9faa20d9b130a2d86e359d78f064f3d85021fa4bcfbeb630b73509c43f84,23
3646,LMSYS,baa0f9be3979f718999fcf802f0ac973a1abe50af079c6acd20eaef2b6c95334,75
3647,LMSYS,43431447d8ac013eebd30a4f4343da374a7525c7afec4baed63aaad4080713c2,232
3648,LMSYS,25e2d8c2ae38e676542df5328ab191a235676f87b5f3f8467c708b11ac562f9d,230
3649,LMSYS,399125aad1195fb9bf3672c1e1bf9113b5e1e513624d7cd0177afafdcc00b2ec,285
3650,LMSYS,5d2512d9a9133626557f770dd03dd25613568c4dbd359ca0bd289a9ddd845498,41
3651,LMSYS,a10a13784cdbf9c5e6275699692187573b5d7d6286bf785b795d34746abcc40a,68
3652,LMSYS,12040c332e5575e49aef1bbe7fee61c5a33522671b1f4a2b55b2d29e75ee32e1,120
3653,LMSYS,55287bd2bde98897138483ab3098427b36e0e1258c2c06ffc85235bdb5d6008a,61
3654,LMSYS,bb3779589095db57b0ab89c288fa316007af5471658b270d259c2b43fe6663ce,356
3655,LMSYS,ee6d3c3fccd00417cb34c98731ed19e2030e88b7a1fed90d32182bdf18710d19,28
3656,LMSYS,14938cf4bea7d2f105fbf279800acf1910ff41b27af4fac18b57a392adb94c17,31
3657,LMSYS,c01e525ea2ac4d1e8b55ef9245a482c305eb136fbda239941b1a697057c128e6,145
3658,LMSYS,9c2a3271bce31db84c6f23e35a6ad710a49bc8cf3c856e6ebdcdfab445ab1342,170
3659,LMSYS,5faf06d825a2eab63ad23bc58cb309ac66091ca7326d4f288f2cb7db689f0977,29
3660,LMSYS,8ec0b5c1c956f61a7035c0e719bec1cf1e9b90aa3bfb9cc07b9a63093a983c25,134
3661,LMSYS,78017e69223b339ba95cc3ceff618791e1d12b86f56e1ee71878b473e796a1e2,381
3662,LMSYS,18b42a40b31bef371e6035419423c72f5b7fc90a3d72f817eee767b9ef46bfd7,45
3663,LMSYS,e0bd049a89e5731d0f575b110d13783fa6f41134c94b1cd9cd8e2cc676afc7bb,424
3664,LMSYS,9e654a286194e3a9600d319b09bffec462331c13a2afd0eb26f1978019ff09b8,47
3665,LMSYS,115ee2e424b31d75b13b953f8ba62fa79330eba846f7d259e21f0a37412f9fe9,44
3666,LMSYS,6ea14efb0583c6b7fed7c1904c5866bcd2ba6c3530ae584e15cd2164029979fc,196
3667,LMSYS,aabfe49801cfc2fa90ac7b36750eafbc1aff8e03d1d77daa02497f54eb4d1ee6,37
3668,LMSYS,6dfae9ac72b294991d546053ad5315c256a3a0efe8df128feaba5f1b3bf33a20,258
3669,LMSYS,70d920e1f39520ab802d2236a6e4db87bcdec6562c3c9899d24188b0ea774472,189
3670,LMSYS,7357c8a96d38f29a8004afb0ab6f9113d78169fde7afe87326109fee724f856a,171
3671,LMSYS,19cb100a2d8100ba07731af5929dcfac28aa6777c55481e221ff6d6dc19398ec,29
3672,LMSYS,041b718dc6714c76d0bf93a42116dcd40a5214086006b2cf09e918f304f322c0,26
3673,LMSYS,422461424e94649c7b7048dcf0a48715e5976932c7c849bf5d7e9475bb47a115,128
3674,LMSYS,305f7cf5f5ce154bc836dc126c04f28bb0320d969ffca92b72fb68f21e41101d,38
3675,LMSYS,2f6a13d94e8132a4ab4ccf9cd824485cc594bdad347735aeb8a17aaf40454fd0,197
3676,LMSYS,eb8224438c8a25c50ec2529d44e6007cb090eae79dbce23202b3239bc1a33762,309
3677,LMSYS,0bb0f215110ca9319d5425fd607d3cc6845c84c1fd98af889380566d5952bd96,149
3678,LMSYS,e43f15346de8caa098a3ca97622952a8fc79baccba5df597b0b71f12713c7352,228
3679,LMSYS,3f1bf0e1f8c489d8eac58087843b24e8e2601a6a14a03414899aae7b5e238c66,69
3680,LMSYS,2d55e2c9ff6c9e5c698e83da07de82427823a96c1a2c90802cfc6d69430240f7,214
3681,LMSYS,45caf0e0e4172cb4a166a77ea08b3f9362b83bd72d391b70b1f3712132c1ec02,122
3682,LMSYS,68858e20d0eab879ab126c6d9d5f332e7ea8211c701b1c2e204f7a4e815d5855,320
3683,LMSYS,dd66e4e644c47187c6a9b15dde553bc83afc7144962052d9e7c759414041f488,255
3684,LMSYS,1a9d071c60de2b364f75942a49dd96606c57d5abbb86169cc05c68a920a4f499,88
3685,LMSYS,9fd7321668414da5160c59508eef1569b5e3d541549a72273a1487c06ac5fe77,183
3686,LMSYS,c5b368351aa598456a2f1568da354e5a7177d2c1d6e8bc1a6fa23d116c9072e2,420
3687,LMSYS,4ee10947b7962d2c4dc461cc819f55b79f651979f76d17ca4578c94a04b73e78,239
3688,LMSYS,b48620aded984a1cbbf8230bc6e54938aec6940c2f78831f41727ecf9dbe35d7,88
3689,LMSYS,09b77baed7f2ac2adfa9082c237cde85ad61b0c7bb93f24054baea00a80d9661,232
3690,LMSYS,93299a13c619d0c9aede802b004c9cb8f0431a24772044e4bc9b17f30d9edd58,247
3691,LMSYS,a84e5187ebf6c16139c389be5b5e6b077b6cd85e59b76620dc5a815e3d4378ce,151
3692,LMSYS,beec8d3a389117a41a993013194396d8279766ef6c89ec02e9108dcab97d21cb,70
3693,LMSYS,025cdb380aeaef8e8439b55e612577c2faefafe32373f1c5b96aa440572b3b1e,296
3694,LMSYS,2319f3bd5474afd000de82f8e09245a1f82b91708ed083e673af4ad02b411a00,468
3695,LMSYS,b913b754f2804e993f484fafab5f10c2d846873000264b527bfe69de19a85220,66
3696,LMSYS,8fce2e19b20ad8194c54e43a064d67b9012be1e11a7b1a1901313ff248744c09,457
3697,LMSYS,cf18eb959d68a71e9035d5aeb39925f385bf755fa22982d894d6d3187019ab0c,146
3698,LMSYS,c47fbf7a3c1ad89bc6e3771008f9b65938057401a1f9084b105c9b1f2995cc39,252
3699,LMSYS,c251a01c1223ef61ba241185d96fda1d531fdba39d2ecdc2396d33817bb86158,156
3700,LMSYS,2263909839c46faf1043bd381b509991359a767f3261eb6b1f4bfdfa5d40c5bf,144
3701,LMSYS,0ef2dbb34e968d0392583473b19860b21bde74240fe715c18ee35dd88fcc9b5e,232
3702,LMSYS,ffcb413f1bf88627fe86af99330680c283c0b4d6fba3c44c136ef91c3b4bd159,73
3703,LMSYS,3d909fe9c904d22bb681ec73df3d6bcba938c606d25af3e31977b45f2cd46d70,446
3704,LMSYS,ec84fe0f692110b31a1a6b7233224f927a1dbb4ab3fd4e7f769216e03fb4d16f,25
3705,LMSYS,16a2acdcc284869c4da7149b4876ed5d74c534dec27d0269523266e716b437f1,119
3706,LMSYS,f92f3a5ce5857aea127fb894ffe4486d2219f0377eed1f6d09f24124b42b6a53,53
3707,LMSYS,089c98761c5f5558a1a0ae597528a86cc8d30a04285091a2790410c6e4bfc2f1,123
3708,LMSYS,a3398be041430f7fbb53390f71a610facc1fe7caf17af885620cf332cf0f2057,24
3709,LMSYS,6ff079aed69a2b092b0a492b3d6a54e7725dadb1c234fc95992f746fbcf0e154,188
3710,LMSYS,e480c9cec8c83b0207d7cb1b9022600bb40e1414dd4d9d4de0da690f053c3af2,42
3711,LMSYS,430a25cff6a8ddfbd91908fe1df725bd3570de1aa8f41d863f11be334ca3fae1,97
3712,LMSYS,433854a1e67b8d0475ea92845aec986a20547e2c4a39f68001a40a855e5b4a84,27
3713,LMSYS,6cd0e829f817bc978fa35b24512821d8ed052b835ef85fa59875324c657800a8,226
3714,LMSYS,92c968db6006e9749bac321b832a5eaad9cfd59425f0753e1de87e34d95e7aa5,351
3715,LMSYS,f39e1fee24c915066af6ed9ed5146f820899a6e2bb8d0c847e06088d89b57fb6,484
3716,LMSYS,bdb4de0c50d0671c587ac70ee9162306df2fbbcd635c0b27da7b9a104da1a3d3,204
3717,LMSYS,e20f13d2da821a0d0c23aaef69aa6b4030e59358da24471fe45d28a1a2e40562,184
3718,LMSYS,51faaf700ee80d345bf3339658782a7b9255c7c19790b5d37dca883e9c260ed6,355
3719,LMSYS,7ec3c427b9411feb4ef022550f5cfd63b3c4d494a91dfdcea032c70e09a114ef,234
3720,LMSYS,803ab6aec8282a711af3763ce946c46295fbf968842bc0a62f624fda02e8b061,247
3721,LMSYS,2237bbacec4e917b6ae1243a7a129001bad123ad7090c61e98e36be04e42e29f,64
3722,LMSYS,67f79fa087148fdcc20fa0e584926312e7498e97bf85a4315cb242cb4a38cb96,90
3723,LMSYS,6f7e63a20da95559f62549f2f38b7ec7bc22022edee2333b4f40430146a42d12,21
3724,LMSYS,6cd2adb55dbcd0e159a2e4330762984dd6bd99666b6c0e5e0ee4aa07f65d26dd,157
3725,LMSYS,19402556cbb4e20486dc5205e1a1ec7b994b42ecfe025de7f82e4be1a4edf614,59
3726,LMSYS,3fcf22ae418f8a598bc5f8cced6698aec30528516dc1a0ff60cb99e6de8a6e73,28
3727,LMSYS,ea0b950c91c53e206a244d32eb58bb7ea674e8e6a354d50f0f5b4097d64bb0ab,28
3728,LMSYS,f7ee978176756f03bf65ffadb4683dea2c177fe5b7af4f100faf920cd62e287c,224
3729,LMSYS,0b3a2162835f6335e55b1bd517d348f8eb8ce7325f05a35ad6c9e7f7267257e7,44
3730,LMSYS,40707373925238bd5bb142cb658defe92e8073a67eb75605c7574c6f5b2f0f59,105
3731,LMSYS,d146c24982d361c2313ee95a8da776b922ddbe433f0a7fe5847d83d0fa168e4f,128
3732,LMSYS,370b48e16a3ef1e14b3943b68ac1151e386925a8f74a4f88378200939eaf7c39,89
3733,LMSYS,98765fcb557454d56352a4e7071300f4fc420e0b4565fc551d8ebf615732f539,391
3734,LMSYS,89a792a9a15d039c68f2609ca91a7107720741b582655a64446cf1482de9f5c4,47
3735,LMSYS,96fc1a1ad708613f3b01091b37a67a936ef7fedd1ca7545e4c272f784ba76d4a,161
3736,LMSYS,4a0e0018792ef6729d3e6f83cedab5d857fe2e425f8a711fdba05fb972200a7f,69
3737,LMSYS,3fa0127779897770ca1a71bdbbeaf3197449fc05a8de1715912e08d17f89640e,22
3738,LMSYS,87701024474f7a171b32c0575848d80c4a74cfa48b25d5f429c79a01228a0e95,216
3739,LMSYS,46b2d5352cacf40bf5a134e4b62e3a6c6aeb63cdf3b892d25db24cbb0dd53b38,249
3740,LMSYS,2824268e226da7325232f0e5aab7c9676ac73c17dd50333299950969854884ba,271
3741,LMSYS,69c1a0ea3bee2b04ffb86ed44f5023b0beae1f0d60e7eb3a5c8767df5ca08009,67
3742,LMSYS,dc28d31372993a007910e1083e722c8e8d1f047272382b6945c03e3399c6e77d,373
3743,LMSYS,bc0b87a3d4afc50a019695248eadafb4f8412c5da600105240b8ae2563712a71,23
3744,LMSYS,f6c6ffad95680864af35984588b2882861c01598089be6984d35c79f7c732486,237
3745,LMSYS,927b79c3be67bdc6e8e363681b448cdfa8f2de672a02b2baeff26e8d60608452,103
3746,LMSYS,911363af10b49a7db939e486cabe42572f25963de6c54fa59a9db0b07e119898,37
3747,LMSYS,88b9fee056ac050f7ee3f92a63cb3d45a99ba3743ca0e898b0080a88baecda9d,26
3748,LMSYS,19c98dc4cd9dfaf1c6aa74d9f3e1f2bb321de333adc35e4a70418244ff6be357,233
3749,LMSYS,74a884bee9d4c027ee60abe49e5cb744da78239e470c36935c75d9941437ffc8,21
3750,LMSYS,3877415569a1074cec5d5e8a4fd2109d27fa9875d31553ab9c1e9d40dd6f0eaf,218
3751,LMSYS,a8072af2e24d65e439eff2c6be7c240f2fc01e59f269041b6fbe559700e9a094,24
3752,LMSYS,eb7ec0bd23ba9a1a30201899c630530e024ed312df6f025b444b4d2c2ed8dbac,49
3753,LMSYS,2dcb333c90a99ccda261913bd282576afbdf0fde1d36e0f1e8d97174d73cd8a1,22
3754,LMSYS,752e7b049fbcf1315fab87015fe55750c9c24cf5a6f5301dca078a4195d0499b,24
3755,LMSYS,9b53a5041bd8a1c8cbe3f276bffeb924f74348d57e04946ae2317f95134f1340,276
3756,LMSYS,8b1e2834661790ffc04a7093aac618b1259707365f218d59124f8a82ceda5e50,39
3757,LMSYS,4afdae2f9e057774564bbec126b88ecfa96daafa3f10893515e9a2c871e49642,153
3758,LMSYS,40a8571a52f7975af229d39c64a8e04dc2bc63a437dc16d76aac4350882c1f8b,71
3759,LMSYS,41f4ffe3ec2eadca1e850167e9a2de0fe02dae0fedf67714ce57dc0de30c7c0d,70
3760,LMSYS,d5d0cce370ffbf73ca34ce8bd9673e116d3d58ffd3f4d9a4109bd08fde976307,25
3761,LMSYS,dd683031dd4a5b85c1bd7ff991f37d3d5500941c8fa45e8a31b83bdde44e9988,28
3762,LMSYS,37655376e51ae69d7bf9e50ffc35933245ea196240a540e8ba59a605db4e08ef,29
3763,LMSYS,04bea2c12aef8a2976ea97281229ee4bfcc2b2130c119b92908f8773d9f04fc9,70
3764,LMSYS,a5d823b4224e9656db4d85de445bea624d017f31ac7058379dcafed2f1b8e966,187
3765,LMSYS,b23ab3ba356e25d5b793430036fffd428424ec18100f656499a16fec76e9630d,191
3766,LMSYS,3e296ced1eccbc49b540e8a42dacac4e7f221835e6ceb038b5ae9bcb2e52472e,75
3767,LMSYS,4de0d757227f2cb48bdd804536aa42dc66fb321148e573ac1671768ab1fb2cb6,271
3768,LMSYS,d0207fbc8778f490541a5cc2a483c5c1c93c780a4d920df1f95eb644b09e56d5,36
3769,LMSYS,41779ed5375f7d2e5e513874622871e59fc7655ac361d7a27e79f15246d03a08,107
3770,LMSYS,fe268310b25365bb5cefbe068635c923edb66becf2f8d865a85eea046624db02,69
3771,LMSYS,47c973334892164dc868827e9c0577135874c81af88e3cfd87ced9299f365ca8,106
3772,LMSYS,04d3b483de9b82e2370566d8c55c56e0e0b783e7a550c9a5d6da78b0b287e44f,240
3773,LMSYS,e289fbd5164575bdbd78a44ba91c4f31e51e8b98c7cfa2644c1b777af0bc7daf,116
3774,LMSYS,6b574df5a5b12c5628ec0092b805b4a5d869d45398099730cf5594f87248fbc9,272
3775,LMSYS,8b86a7c66bcc61a6bd7fafe3a495bbab8338bf7ea64db6f729a9e05a9c8299c1,84
3776,LMSYS,6fd46ada334eaadd6b30c0d7640dc7f0e2415428e9111dfb6385002fb2ad3f3c,91
3777,LMSYS,31c8f52eef99f5042ec7e18daf921044a41b84724402d9a85ab7935916975f4f,137
3778,LMSYS,581abe8a34a9efef63eaf5e007f1a4a69ac8462565c14f003e9a8b8e3e26467a,22
3779,LMSYS,b6e940ce5863c54ce411942ab0126f74ebe2c691449f2313b58239fb3ac0e1c1,49
3780,LMSYS,a43cb639465219856183b47af78561960543b123c9edbecb0afc545339b89ef5,21
3781,LMSYS,8991358d202661eb9e80a2199800241da2c00a84f1bf1aa32f1e27af9e581248,66
3782,LMSYS,320923da584640de72386b3e0edb7aa4db435b656358ced89f17828675e3979e,120
3783,LMSYS,7e4c5c7d837f00ccdf5ac0f5a663939b7113125aaea6c54b6e3da785c77d2a1c,233
3784,LMSYS,f34e94cddc7aba31ca1b7c3b18731572bb6e5ce487069b39103e1a84e0338743,30
3785,LMSYS,c5b94f52779a483feb4e589dcd2376005b466a12134fb91651a16191352f5979,26
3786,LMSYS,1225e7daf2e2b60206ee8f7594db44ba9426d2da67de7f1df22d8b3c5ed3bd89,42
3787,LMSYS,6c970d8a596fb67004c09a4fd031a20c6197f67a15e1bb5a4eb03c70ffe5a3c7,190
3788,LMSYS,211f52d181bcb967b5979bc502446064d0b82915d03a74e659227190fd5f339b,21
3789,LMSYS,33541913fc7cda1038177535625327bf8d96bbdb1e1530c90eaf5120f13a4d76,269
3790,LMSYS,81110170ca98a4fe683d3398be3893eb4563727ca6ba176e050d51ca45d5f7ed,154
3791,LMSYS,d2835974375bfd5097162fb998a601d7b021975e92ff976591f944f24c4511b8,225
3792,LMSYS,fbf14f070ea40ec51d964e347cf0efd356f91308509c5dc1dfd7655231096369,241
3793,LMSYS,d5eece96680d9a7738a88493d8bf6fb9594c254a7512563e09dfc7494d46e6f4,167
3794,LMSYS,5a708d232d156e66bc0526d9047825b4c01a33d1a1c8ed26f08b10facd133bc2,162
3795,LMSYS,99a34475bdd57b5148ae95eff66d19212e3dbf2ac94c99d7394db59904a5815d,82
3796,LMSYS,b1e421eed537fe108dce9271bc4983a8ca22b7710651fe10e89cbbc624b01e27,469
3797,LMSYS,c748fb9edb040f286bb9c2a0b5749fca5fd902a4db50523a7f8dd80068c23b67,21
3798,LMSYS,b74ff1dbd4da10cf2af6c9b26d4cb229cfdc1f37e289993b50202431179a5282,229
3799,LMSYS,3f36db7664c21b15874e4121653f833e8631445a79b484c40e78e2e18cd77d0d,231
3800,LMSYS,9b6293018bb0ea4eed6ad05378be68b51a3b9363960f56b2b650ca6b8ec1213a,65
3801,LMSYS,6f24ee81fc1341b06ff60ff25d4c6efe8db1f11a9d764c9c4ba8ede5914b4b5e,282
3802,LMSYS,e4029d60d1054d6de132e7379fffdfb57af66fa439d755808d126ea9cf818c60,23
3803,LMSYS,c71d201f6d69d6b2ee30f290c21498576e14b1666f4a0974db0466d91886f3b9,66
3804,LMSYS,a43bd15ac40f6b7104344ca1d33bb6557c6cec0c62cda0509a8ffa575869f8af,377
3805,LMSYS,0223983e44f04299492b8b665a6f0ce8aa5281bed08e78c8dc06203542956519,36
3806,LMSYS,2c5a897ab970601543833770efeb7ca0a084bf051576f4b86c2a6e9db731467e,391
3807,LMSYS,7ec3c427b9411feb4ef022550f5cfd63b3c4d494a91dfdcea032c70e09a114ef,234
3808,LMSYS,526f22d52ba036950a016e3b5021073d441dbf3907a08c4d279575489e865f44,221
3809,LMSYS,c773b70d1a9b61492aa204148194b69f0b8440c9473440b60cf92434075e44f7,396
3810,LMSYS,3443317e564f80cf6b2e07ad2f661c2716ad43e034f97044e2bc9d2120a1bd33,146
3811,LMSYS,0240e5757c8605c70d2fcaa32ddd9b9cbb21081ee0b11be6aed8b4b0b87545f2,183
3812,LMSYS,6696671cacccd5688811be9a5bc029c3a42464d7ffcdee425e8c95b3ea8a7cf7,195
3813,LMSYS,053bfb88e25f54f08915b8def01150b565c8366b625af90fe71e057ecc5bead7,193
3814,LMSYS,04f1168ee55866a7a9e0e9da435776648184624a1de740c3e11eb7999e623849,86
3815,LMSYS,57b1cd39640a59d48fa84b4313d7fde0b2f1c29d60e43dc35649302e25259a37,61
3816,LMSYS,c7e420ed8b3b4bc56081df2c641330d9ddeb0d7fe9fc145cfb557649f41e9a0a,216
3817,LMSYS,c9f208a4c9880f5b66fdba3be40a747a4e2219ec9996ac14d92d0e7f2121cb71,187
3818,LMSYS,268f1fc8940c0d62c20a8692d214eec51c6df05ec36f0614c2c09347f672e4b3,58
3819,LMSYS,21cd3ab15561dbe445a8eb928c2c11553e258c9de66443367bf15c7f9e1f3683,103
3820,LMSYS,73bce3adb9dee8fecaf571368484d512b228cc477a9799a2d7effcaa3323d3ec,29
3821,LMSYS,eca28f1c58d6bacf67b9f01912afb287c2eb600e7dacfaea6847c6b94275012b,41
3822,LMSYS,be8b7bf71691876d9e533f47ddad42124a956be9efa58c4c68dd9039906ae82c,32
3823,LMSYS,3c1e6effccc83738158163d5a69626c11b142b1bdf9162a8cb213ebae31f1aa0,212
3824,LMSYS,e46e1a0fbb292dcebd862a680c2962f2f46265c99f2a1d33dec62633220e69b6,274
3825,LMSYS,6bc01aead9cc16f9f1171030eea519405106ba61e04ec9e501f93f8699b4277b,173
3826,LMSYS,3b3c528a80b25ebb6dd37371587a866f92fe55ba6bd574ce5b7759fd4413584e,49
3827,LMSYS,ac773017cf39d1954f78d87c232f8e8ec072222eee75375d9da69ac93ad6c6c4,447
3828,LMSYS,194f9609e415d1773e4adcc5e283322578ece5b67c2914b382b57b6ced31309d,24
3829,LMSYS,4de7bf38ae8f03e188c6a1570b490e0b1f382327173462d6ef2b36cadb8002ca,200
3830,LMSYS,63b1bf89f8054dcc3038ace9bc4244af2c0c6fb97d61cd5725327526e8c099e9,22
3831,LMSYS,b5bd55bc3979acb768b58dcd2379e585d2e92785ca0fb441f8b85dff184e29a0,68
3832,LMSYS,b4caf2d40bc1b2fc0810992d08ae3be4e3b9404a094aba715e9fe64fc5c12bc0,112
3833,LMSYS,07e3fc827b107eb6ca4190fecb9c939d82fe688b973d4953aca21c399193ef17,33
3834,LMSYS,e4a8f93f940f7189de74c928f8aa2bd9f88db564d72341f04d51261b959f5782,85
3835,LMSYS,b434bb4034e497ca8f589f62416f9ea2c0445872e5c92313f417d04219bec23a,181
3836,LMSYS,ab72fedcf2a51d28bf9b4898c1849b4875dbaf06081b8690d461c20a27b1313b,69
3837,LMSYS,57e83906ce679c13f1386be3d439c119a41616f5b70ab331b67510926474d1c2,294
3838,LMSYS,c1146633a8c6c824919b3a1160bf77bb5a9069b43f9b7e5573fff21263827108,68
3839,LMSYS,ce18465145544acd99c0f06185a48b1ed1a0e4b2e56a7d9acce96535430beed0,104
3840,LMSYS,c410f7c3597ccc7a3563c72fef0ef2715007132ba45b02f0ba43dcc828e76fec,227
3841,LMSYS,824e6c376962e2222852dde9b78d473c687ecf91142c545885952092eb3a5796,160
3842,LMSYS,371daddbae456b406cbd3e92389ca06c66da1ce446d85f2eb9c4bad0e24e1345,389
3843,LMSYS,7804e52d2116de3310c5757321e83f70f36743aaae13ebaf1b5952a2b84d1ed3,55
3844,LMSYS,6f6f33cee85e83c3af7b9174eb743bc3c64df3981811c99e473ad6639d37f143,277
3845,LMSYS,f415d37213308681bd62acc8350a7126606457f480a7b1cb037da29206512541,119
3846,LMSYS,1f5f5e6daee9a36eb9ff130b4437d270e6619592ddaf4ae30fad4fec7f5bcc99,270
3847,LMSYS,4bdf915ddfc4748ea4c0b77397a849177315021903ed1b18d27fe569262e385a,90
3848,LMSYS,32c51301b73cc53a223f777ef2bd84745fb508f36b3cc9c8ef479e4dde0444cc,225
3849,LMSYS,8d3dde88d04a6179cc838daae04ef798c1fa3c31a59116439a42bf486fb87039,387
3850,LMSYS,7d33ee2729ea5e9ee193b2596b266640d359ea45f7d07bd7ff70adad632061db,76
3851,LMSYS,783e3b3aee9a1da9d5c1ccd1b6e832f85df69926bf74a7401202266e34bb6e4e,226
3852,LMSYS,6fcaf3ed61ea829e9fa622820c5cf7826987acf77e1773e85ea062e01572d07d,266
3853,LMSYS,2a82b1e01fccae015209d4f793395b36fa1665d36d1429ea6d88e6d00e72f668,110
3854,LMSYS,296fac238670d88eba157396d52c6aa229e75ab14519a7334f46f9122638a124,185
3855,LMSYS,a47c9e7ff54fd32e69383f6e19aa477d703a540ac4184438b93fc1cb64217803,418
3856,LMSYS,928dd6e72b8e0684aabf95bf1a6575c57e844b7fe0d2840b62b353c18da62ce3,324
3857,LMSYS,46af98318587b778a2197eb6edcb9f3ce5e12dc56027a3a980ef85c63161050f,386
3858,LMSYS,8d41e433cf2915c089fdbd6994145573a7ea1af65a75bde85c400891c90008ec,217
3859,LMSYS,1205ff44ce8da557000660e4b2d92073f8f2d65fffbc61dce3cce05e24c3b8bb,248
3860,LMSYS,678e52c86d514cc9d969ac3ddd1685bc4520767ed2f83ca7816daa7788db1f28,267
3861,LMSYS,ab61842e156b5f0b9cfd59ed30d097ad7225041053762c69de1018423c606f5b,133
3862,LMSYS,b193b2133699778421a9116111d185ceda727ce862afd39d6d065a1e631c495f,30
3863,LMSYS,985b5b7b6f660a182a9695573faaeca655519c7496fcce9e191ef9221d919de1,27
3864,LMSYS,2b21fa5f960db2240e8f5bb6a4adde6c546eec2bb016618c11cef35a137b2b65,85
3865,LMSYS,6897e833c96cda355876accfea108d616f1104ba4d8cd145a777a05de7e42a00,422
3866,LMSYS,587d8083f05351152975a7edea723285578d314388588d68b1428d62039016e1,80
3867,LMSYS,11d68f55c8aad20c27afbb66f75d6800d69f34ee0fcb3bbfdc833002ee705192,78
3868,LMSYS,0ad3a5a28aa61adff45d2991fb6e01f2d480953a8c9dc9c6370ff7d1947079b3,51
3869,LMSYS,018feae2f40c80f662197788b40cf4befbbb9343829598eb3a95a667cffa3c5d,22
3870,LMSYS,7fd0936e30f72bb442df11ba68edbe33c1ecd7bb76fb2d3fb3ff0a81e36114c7,168
3871,LMSYS,38ea08aa7edf1449f48b0f3b3d4f648ad9f8a3163e7bbfdecc146afad62e3525,115
3872,LMSYS,723854d56fb2f7e4353ae5fced742f66bfb9d252abd0c7c89b80ad31c1225eee,54
3873,LMSYS,2a10ba1007c0ac9f6a2e667403a79a346d1f1083b222bc0b34fe49f2bd350c7c,158
3874,LMSYS,21dbf77c1f1b318893cf424dcfa41695b53e9e10073f849beb8cfb432cb1b6ac,244
3875,LMSYS,09de65f7c7bdf0be42c84f322347b4604e6d006e6e115c2f319db108a92b6274,144
3876,LMSYS,eddc0861e356b76073461048a802518c2a936756d0000bcda2294f4fb5acc338,271
3877,LMSYS,be15104306cff2dca74cee4b39905f98de48a2f951768e684d2b0741eac28ce1,248
3878,LMSYS,728e9273190372c225c21f5b0064c6ab17b62eac70e2a60197d0b8852ccfa3c4,27
3879,LMSYS,de059bdaa5f28acc3f25163e42727d34ad1894ca352b1700ae42c609123d81f5,23
3880,LMSYS,a5c6207e966564e7b60a28a943413e4970cb77f73a09e11eb4508e5dd15d090a,262
3881,LMSYS,91e8ccdd1102824f8aef6240625b08cb469d43dd831a465eddf2ed2d0ffc867b,71
3882,LMSYS,cc5f4b039f72e50c02603a3b52f5ddac2a65ecfff8c2eb17b23f825ac1455ef5,216
3883,LMSYS,ca05dd0bb904e45156374dc8802a36a82ec2fd4d6145aa248410e1a08ee3b3d5,202
3884,LMSYS,95b7abc39d366789564e4a01073a39e09f862947bc92e91b7fff1bfd225b569f,68
3885,LMSYS,f5b38f2a5c93fbbd2d1129455fad9cbb1f8f0c1aeb921ec6cfb49d2f240511f9,23
3886,LMSYS,d8285d572c820d828102ac50642a21dfe4070cfd4031da6f3075d1b071b954cf,27
3887,LMSYS,79376f5d497ae3206ca251edf50df9d7236ba9164f52e9a020b21858cd8e0ed5,104
3888,LMSYS,1dc907ea2f69a50e004600ab2109adcecfc45d97e340725f712dd0019ba4aaea,341
3889,LMSYS,3c37abd022aad9a74741467a8d42126f792f25765a9eed11bbcd4cbe3f2c9c4e,55
3890,LMSYS,6a23ef767eabbdd95421e0576f4f6dcdcff28e984a3c6b2dc0a32c16f2f1dd97,248
3891,LMSYS,7c67b5c2222b4a969ea4ab7ed309082c1a1f664c3748d95f84acef1460963c94,67
3892,LMSYS,7934411af5ea0a42865cefd01f363200cf8793aae47044aaaabe33686465aa22,69
3893,LMSYS,e28434da214b0311c23e9d0c8aa1b260b08d8f31c53b4f3f783c418a7e54d5dc,194
3894,LMSYS,3d4a766c78f73bd768579e48a9ddb8bde44a262028a0ae82c2a4f3170d1eb830,90
3895,LMSYS,10eb1eee988a735cfa0cc3b48c0410a6ecafdb050471d4edd27d0770e5e631a1,236
3896,LMSYS,ac6951ddf899fa4abadb75d0f691582bd6d2d87a67335bd7e809a8fbdb962261,398
3897,LMSYS,d9354382ee050d0ac006be5ac2efede1f31458f2d86415f9959b96709cebe9c7,281
3898,LMSYS,b00a86da12ae71bac6175e22d15dcc14250163e0c344383174e3b1d9992a1a66,265
3899,LMSYS,9b57b5edc7c05768f6facf89c7959f708a7212a9669f4123414baa44fe6ca8fd,31
3900,LMSYS,664dc5906a8da772d1d1640c45bb5b0ae2c55be0884daa69e1ac38bfe812296e,166
3901,LMSYS,2210ee0a505210ef0d850bbae03be8b61f096d5e5b263915b33b8e8ccb760d97,67
3902,LMSYS,e588dc6708686a4e5674de3cbdf421229360fa902cd545d8d2425d079e47fd6c,295
3903,LMSYS,cab966f22ac692c3c3d254b929f50c49456ca849631a7da67ee16dd2bd29db01,169
3904,LMSYS,211310876050055bcd841b2b6146523ee3fc09c9d0f2feb89ec6b54e24a3eb26,23
3905,LMSYS,7407586834485a5639ba787dca5c66934e9807631075b20d81a2935780a21bea,361
3906,LMSYS,6d892212ba2d336af66ccebe286220ed655eccb40012468681df19c27a74dcca,28
3907,LMSYS,276fe1f3678ed8041185d2d748e44eed462de1e56aa6d697daec3159cb64c73b,83
3908,LMSYS,5af93e1a593326f0eb8b72e6cf8fa962a5484a15ed4429114dcef92a4f433582,246
3909,LMSYS,53cc880d4b71aa439e4c4596c0a4038687b3e2716d629ecd92bc96e8c81cd8d6,280
3910,LMSYS,8f875fdab01febc1189314eba231b4f69b5ff1dc6598e57a7cebf87bb1bafa10,78
3911,LMSYS,19cd8a0783fed1f7734598ee0a4bdee67dae3daf995f40a8ffc5df195ae3e060,38
3912,LMSYS,478c55f2d1018795afb0c741008f3340b0809aedd75082e16140d00e04515efd,158
3913,LMSYS,66682e158e23d1d69e7092064cc54c66ff3dfa7354ceb9b21eb195a4421ef18d,242
3914,LMSYS,80ab6cce1b767cef3b10c66e9ee82087b8c22b4ebc90143f2a87fe8c84b8d489,103
3915,LMSYS,69ced2030f4cf954c9a9515c89ad0a3ed5b6a0732ea22b1e259678b00fee08d9,359
3916,LMSYS,2ea935c8bce751322fc0c7bbc52d016742050922739d62173cfe3081a730d3fc,68
3917,LMSYS,0722bef3381bb7f7de3305ddff87568334cf2ea9f204dfc1b8643d6f0f9b0a19,249
3918,LMSYS,7001dc80583893fb0295ba135f411d3b1e63de1715bc97caf6a283f599351c53,71
3919,LMSYS,58ec1dc768e8c576478d089d138763eb76bed39d1b389014cdedbf2d9c784343,131
3920,LMSYS,07ce7e956b9e807a98035dfafb703039cd87895135ff772584d83ab3860feecf,35
3921,LMSYS,5a3119e47aa321ca4c23b933708ae1f7bbe17847af296ce9fa44c5e69ba6fb08,41
3922,LMSYS,0f20609a0894c848efe42ba52d8bc229c4f2e3b12161c52f12c8ec8170a3d90a,225
3923,LMSYS,b3570a4f32ce6823bd6eb2d6e08086cb06ca3ab9f6253bd9a78857c6d474aafb,37
3924,LMSYS,ad7644ede2559bb3d9603d3c03ed0ee7b3fb032d8154f738f251ec92a47aee32,362
3925,LMSYS,385b6aad746ef6474e652179ca47189df0217186449689131b2b1e0cf102f196,262
3926,LMSYS,95ad201ed5217fb71c3ebae29abff42e9370a7fd09de27232143c4d8be18c6f4,313
3927,LMSYS,d1820c36ef5ce03a03407a3b932a2fb11ca5ab70954988426a8bf2de9539782c,408
3928,LMSYS,b3c093e5940c14bdc219b197380b5158394395ca49554bf6f9f9737bef07b8a1,23
3929,LMSYS,44f26fac7ca74d00de894e320b8c7da247a63522e468755c9501303d380ec35b,457
3930,LMSYS,569490f5862d2811dadf926e19b70434ae21d104d8bf97896bd14cffe55c3fc5,247
3931,LMSYS,021381c88c8a0ecfa8fe34c40eccc7061ebc6fd3e486194cd1a64d7ce76263a2,245
3932,LMSYS,fab4c6dd02ab87731643ae0e2fbe7552dc2c4ab7528ca3932678a6ff77b2cab1,388
3933,LMSYS,bfe81c96ed4a4c9848f9ca370d331a5c1c0fbbc87c91412d641c1bf397cffbe8,458
3934,LMSYS,19cc7c25f38a4fd45cb207b7427056ad94f7510f471b6e8aa308aeab973ae9c6,268
3935,LMSYS,4b54891e68beb466b314e55b1bcc2cacb4b6ab1a5523eedde0847e2ea831ef6c,46
3936,LMSYS,59093b1ef40766e290777e2583fc848a36ea85a127793d2f02b5114c7234c26e,371
3937,LMSYS,515eae4bc2b767d32734184d02d2db041f85d948bd1f5077ab28310a26bd7a64,216
3938,LMSYS,d9b8662e3e1ce666fc017803e098dbc1acc8fedffb8459cce4ccab0fb39da3c3,229
3939,LMSYS,7c584ada7e8be4b6f03a60e4ad56c06fc4d84f2c573dadc59b47a3dccce1895e,218
3940,LMSYS,b7466836d6c005ab1fb44bb6caa65cfeb67f125be8f47cab546959dee3ba2a97,28
3941,LMSYS,25c3673d71a12865616e334d6b05de7076fa0bf2783b06d9577ab97301f1ace3,77
3942,LMSYS,1d5401183ddc29153c317c930a79bed25d557dd9618a6a07073d6aebf07c8716,89
3943,LMSYS,22aa26a370ea6e58083ecce70a332a012fae9dfd681a998bf40e112ae009ec30,277
3944,LMSYS,f7cbf80d107c95d6d3dc7bf44f49e8fe49a58fc7dd74b7b42854fb41ead16596,149
3945,LMSYS,e5df911dce9ee10fbff7b10c2f124efff4878c0d620adc4f94ef023c760cbb53,55
3946,LMSYS,7a70c0bce05f01806063862221bd198141862e0769da894f22bf1e9b012ff26d,93
3947,LMSYS,0fbe9f4b4a7cf46f36d2a01a402feeb28788b4db2856e626f6c631dc0090f620,38
3948,LMSYS,b029ee9bca354dfcaf8796e41f827cf30dd85d42ced8871881a3f54a619cf244,464
3949,LMSYS,b07788e0b03ebf6d9f9b95f5035e3fbe93c7d061a823448c057637d7e944aa14,76
3950,LMSYS,84ff8b4dcbfebe87b3d9f9094ac8253532e2072765ca5039cf8801b790a025ac,54
3951,LMSYS,cec463de1853fa724d45a9b59eea8d5de39362cc0e25ec58cc8fa326bfe98931,36
3952,LMSYS,c1a72a76f7c52df76a22a6e9e6e07eb161ba6fd794fabfc97b5b81584e92cf7d,322
3953,LMSYS,c17a958107444e09975ef462dedda0ade8591fe2e35bbfdf1a94813c17ee1184,70
3954,LMSYS,059d1a9b6b83219bd8160195eb7700040be00dd111462c3b0d4684ed5108ee78,207
3955,LMSYS,b07542358d7c6b38fdc5c2f24e1d76ef52185f499162ead34c3d66c42e59083c,104
3956,LMSYS,025cdb380aeaef8e8439b55e612577c2faefafe32373f1c5b96aa440572b3b1e,296
3957,LMSYS,7145524dcc121799af4951e40dfb370fe602442fdc3fd8fc4195d08bf3ba65bd,385
3958,LMSYS,90b33e010ff5adb1fe101522c5c94a5d304998216e044e84534467ad5151eaa4,22
3959,LMSYS,29cae2b602096fa1c728757d08210ca11db36c1c4a6cb225677c31e13c4071b6,38
3960,LMSYS,7db2ff99c2b1ed74a422d05ba8a330095548e6eb00531f18f4fbd0a8b4dea1d4,24
3961,LMSYS,820880070b4bd85f675cc08c2080e7b3f40b06f8835f06b393cc5c15ad2566f8,220
3962,LMSYS,c588f11665929138fef4d6e0aacaddf3f4b0d32e482363213b04e3a54c65e608,143
3963,LMSYS,4784d1d19ad571714f814030e61abb542800306fb8bafdf415658324044990e4,64
3964,LMSYS,13024b1a16df3d6e02a261b4440d7f807057deee672208fad2348e418b7affc0,35
3965,LMSYS,171169df67987c814847f36ce755b5ff24fa9c51a4cc17aa9d5f81a14e578b21,59
3966,LMSYS,5244ac101751bbd17d361abf9d54b9769a76b59eca3e53b1445e637a89329e22,231
3967,LMSYS,29f0d0a6e32a7aab9ded05cbcc76a50ed15d04095198a9e51cb8754a3ad989ce,181
3968,LMSYS,65ac9e2933c3034a920e4f04a178310cfd568405905844a10657fb8fbefee8d5,148
3969,LMSYS,fddefc7ca596d9832507fa94bdb907b1357e304da45d565ad57d5f76d70d4513,288
3970,LMSYS,d32aa433661fdeb31ea200c4a1ae9c19bdad1fd9ee78e8cb64d509aaba7e3746,259
3971,LMSYS,15cec57ca3f30629030e8a53dc32149e330f679f96e7990699ca181c39c1d338,164
3972,LMSYS,df469572840086df95ff5357c0cf279a70cdcf395794659ce76549ff393b564f,444
3973,LMSYS,2b712efe9297f7e38901ede9516b33694c58c2612ee6c78ea079e0404ae99a0e,23
3974,LMSYS,50a5b79cbb3597b2e3c2b711d21721cf4d101ad3309b1a908daa50ee74289816,68
3975,LMSYS,9f2ac5ef7c04104707f0edc132c1fbd84e2960fe432ecb8da9dfafdbb1f6320c,227
3976,LMSYS,218e7f0957890cfb174e27c1f5a1308c3de55d38e1dcf5abdc664fdfe21f64ec,273
3977,LMSYS,d5f5a28fbaff8ba2880205a3476e6b4564a0d8c90f6cbb0a2bc7fabd50de421e,37
3978,LMSYS,4688f6aa20b153297c80c86c836e7d5ff8f2e0773d44371cae741c9e5b3eb0c2,137
3979,LMSYS,9e9b0c4d16916c71ce7d3a6c2411f82b777cbdf9002444ed8ca93cb183b14003,254
3980,LMSYS,456e09d18097c0a682892100dd7fe7b8992c89c7dfe352e8f04817a8bec2e2eb,30
3981,LMSYS,4b7a7c601b893b48c2b47e7b00b974ec943b67a860ee7895379e24fae3bcc4a4,89
3982,LMSYS,aaacb0ec686d5741a7c45b247b981826d0968e4f012ebbc9d3a32f79e3284ba2,364
3983,LMSYS,b7272b0aef0f014fc56956300f63a8757ff9d580a070b1e84acac8631c4181dd,72
3984,LMSYS,08e3b03d1312c4604cef5856f03ce83538c585fa350498e343f86dca7a3e918a,232
3985,LMSYS,ee776b48e70b075b9205b80e375f37cca3db851ad9305681fca3566a641684c3,68
3986,LMSYS,87fb4816047f1c5cc683d27e59efd23f0ab95a80d9cf9128d48756646d38f83f,217
3987,LMSYS,7815a6be985f2cfc360ed936353e9c9ff94f1e40af37909fde5c42a1b97b4c3c,28
3988,LMSYS,9ec9ef229088460c108c9004c0d2c198ea19f6122287b4573ec063f717f0fbfc,407
3989,LMSYS,af237ff9c2de471dffeb87421ebe99e3aa3d2a94719af501afd2bd40654a3373,238
3990,LMSYS,d9d48b0a3f685b804a82e1ea0eeb0424a949bcb2cd74fbcba689ee1a1998c112,193
3991,LMSYS,1082143a7dfc54e9d43dd5e1294114924e5d7b5b3200df745349cd70534bf3ed,166
3992,LMSYS,99aa3cc5aac3b1e1c89f945496f8374220bca68d634eaab0899c11d0e811737d,241
3993,LMSYS,c954536dbe46d12965cbd2ecd0f7e0432310597c60195275f35c871314408536,21
3994,LMSYS,a743ead4b3f57f949bae4fa57cfa294f1d4135643282e69a0791e170ca4d605e,64
3995,LMSYS,920793f8f293518d190c0568743d2219b6fc4b0894996a05cdbe9cd2b4b69941,256
3996,LMSYS,dedfb81ba643836762edd8bddbfe5b60476eb11c09079fa5372dd523b60ff75e,185
3997,LMSYS,26f02d66a613b2f928f2e93b56a3d9ab8ec44c90c889a77f2cd4c8cf3097295e,234
3998,LMSYS,b75afa04ad7d6eda0c98d0c4b7caa2d50399da4a9f8e546f0da8d0c9d07f5e7a,27
3999,LMSYS,2f833c3cce2695a1311b89682a4ab9443dd6a25603098ddc0828f9755c1561a8,118
4000,LMSYS,ea8102ed6d06f1776b2efafe212984427723fb6160765a6f8773f0c877f5e144,32
4001,LMSYS,5e515ba025a30947d680ed27941f8835a7666ada456f2f8868f23f668c5f4d6a,274
4002,LMSYS,9a01572c674b93230f10ab54a1394aaa969b5e0c9c46827ca1b2ffe7343801ba,248
4003,LMSYS,b9cb5c638ed27ad1302cf6e32e84aeed26e130f6ffd469c8b3ebc986191cac31,71
4004,LMSYS,29c275cd3dc9a3fdfc2273b500840ac7f86459cbbff2820cd08d663404b268ed,67
4005,LMSYS,b00403849d41abd7544db5a3612f60560d85f1a907be5d9a78da5d3899966efb,28
4006,LMSYS,44d8036a2a5f282b8661d3b1baaabb354f0011931dfead02a90cc46e7d5c8324,446
4007,LMSYS,d73b0b36cc0eeecf40c9c0ac8bb700baaaeaefbd4a5f8fd879da4a04c81f4523,146
4008,LMSYS,a760d7838fedc4efeed31c19133aa022cb0cf6627eeb6befc91252115367b678,121
4009,LMSYS,d06f6b9fb80fa994b7decee536f13e3ad382d94131bf43aa778e53afd914edea,129
4010,LMSYS,49776c508f2df851ab834383d88833a8a6223ec52cee4e68e5f4597f1c6750d2,143
4011,LMSYS,d39147c1a3f8999afcf6c2c74ba11b3d18b11203f4d90e23fdf08ad0dd106f74,61
4012,LMSYS,816c6ca5a2889e26fc5bb85387e028901a6c3666dd7f6589cc7913597d7e259e,191
4013,LMSYS,e3c3102b213b56211ee27895f5e0453f04ce47b0763ebcf0c3b9c6bd6926e5da,24
4014,LMSYS,56ab194080e520f054a5ab59c28864b429461f7d064249ffe8e707ee25a48379,272
4015,LMSYS,7d9f4f3d27b2cd0b4dddc603fa67921b8032cb718f4ec03a66ce4610fc80e2e6,208
4016,LMSYS,51e3539895a8148f701333395e5f09f422bb6fb25bea310ed82547a6c09b7877,170
4017,LMSYS,c5d9f98d1b1b77614b1e38cc5afde7626e72459f7bcf805714731059988478ee,284
4018,LMSYS,543f73e0b614852ebeb8514d9d996ce2711ad1da5ef21783482e89ca41f0b9ad,94
4019,LMSYS,fdab8f0e3f885bc249072b6d2a2eab50499d70b10a24bf567457d666ef375a3a,315
4020,LMSYS,b022f85080f100a541717463b6e8b5399db3290412ac64f25ccf8d3838941763,24
4021,LMSYS,b514a13f246e54d6e662da4d54293f390afc63064f4ed07afc93e6db8107f9bb,272
4022,LMSYS,d32659713cef22c00a736b8a359304aa8e9af2e59ff3fad0e4b7dd10c8fe2fc2,66
4023,LMSYS,41457a97caffc03e898734544de9476b6e09b35da0f10ebbf99172d3e7af6b1b,31
4024,LMSYS,4784d1d19ad571714f814030e61abb542800306fb8bafdf415658324044990e4,64
4025,LMSYS,bd06c13464aabfc1f8110833ad8e7c810bb418e417be6b88511db7cbce0af05f,292
4026,LMSYS,9c90ca296eddd53743764ed32ae3cf2dcf9bde2cda3dada1b80b67d2264ef2de,213
4027,LMSYS,99dcba63b1362c50bbdb7f7d764a4f1bbf18e9408add83041a4ed1a7225abcce,293
4028,LMSYS,4916fc1172a5a0f01817e378e2e0881c1edbaaa7e50e07efb9aade94a7e60bfd,68
4029,LMSYS,89784035f3206eb0771771805e268a2afd9078c6cad383e51e004280573bce4e,21
4030,LMSYS,780ce4ded3abd94c0e43271167c180fd59eae33df042300f3e0321224e25e841,295
4031,LMSYS,1f46301323005f188b52a9a1969715d67b571f3bd598699ea0bdfc7947385f60,334
4032,LMSYS,7f4f740f1a23d376fe6cd9873addd2838cdc9aea036116d465cb089a917db7e4,30
4033,LMSYS,68db03448ad1067462274ea2dc89f7ca3977e009aa945295bd1f8840d5d1d928,208
4034,LMSYS,5c6d58f19bfc2907695df9f5e1138b6c4d887dd1d37d1aca0b9e3189842ce2eb,265
4035,LMSYS,e8a5a9279e331098ca489ef94aa0bc26af298f4179b34db6c9ce84ba760a86e2,152
4036,LMSYS,e3e3311a91d3d07209ea3b484a0121e99d2cde382ea4dc9a7a8b5d85810dda47,51
4037,LMSYS,bc5b7c17d11465426c630fdacfd6e40d1d826cdc534fe7452248d49cb78a8bb9,58
4038,LMSYS,428fe16378a989e1063772d2c2a2224303496ee1030db770ec8e9f0cba7b77fc,67
4039,LMSYS,81f3cceaede44208dcb91bf3adf8599890d32b02a9d30c81db57903605ebb252,340
4040,LMSYS,79ef25df517a7e0141bb49aef9856080525840eeeeee51beea5ea513a4ff4e0a,46
4041,LMSYS,19300023ed15282faded04bd9fd4a9c444df0f570cfc0980cbcf475da379b9bd,71
4042,LMSYS,cf142f6b1c9393c7bcd77c92398025f280dc3478acc71a8bcc46f3c504c0e612,229
4043,LMSYS,91610e5492cc216b4f8abcef26e48d31562c576e9d1a95964033ed591b52f00b,297
4044,LMSYS,8bae5cc691e4d1ef53dd5f45f1fb924c2f38964b9496cc15c0ed0eec17962203,31
4045,LMSYS,28089f2157229ceb9c4b37b590bc770338b8f2e0ea37e4338b4229627aa79fc9,432
4046,LMSYS,867f0dc5ef802d0dd9cf48aef93dd0092bc8e66cdc1947cbd822c94fd5cb0ccc,217
4047,LMSYS,14758973cbf32b7fed269b94f30ad7972df0218d6730f06de0f3b6a5332195a3,69
4048,LMSYS,aff455feac48852519a7ac7017e5853d64b3692d57905eab8ee9714769d3611a,253
4049,LMSYS,3b57664c4da3da0bf9d72b2b8196b8f6c0d7574d93002dc072700fc9e09da756,212
4050,LMSYS,99a3f508d9ddaba874a63de65482f15520aca68cbc91b783878cd7ed3617033f,115
4051,LMSYS,94200411792040566fc8610fe96839d58bee3377c644ea2b9de54548535fb4fb,61
4052,LMSYS,7c6b7269faed1d87073ae77bbf92e0df753e83ac1a7508850131842a62ff0dd2,199
4053,LMSYS,1439ec124e73202e395de8791a5d261ee1c8d5add371044e514c92cfe4c67cd8,325
4054,LMSYS,ab61b02e06ea414529b85c9c9118831ca3b9626a9b4ca1f291fd05a490ff144b,194
4055,LMSYS,258c78392e4082d7a1ed9c8b8de8df5fe1a614b47c71c720f04e19be6b7fa6cf,183
4056,LMSYS,ffe5a12d06bdf9ece4b213dcf2e1ea05f145c6982dbbf0e949446a44bb3b3a02,67
4057,LMSYS,25ee8c522f506c6990929047acbebd3cf339e2d997b26f3e3d5198011b87cb09,27
4058,LMSYS,179389ddc61fbae84712ea51b8638ae5cf7a6d8c9c4673d9b442865e4c253cf8,47
4059,LMSYS,7e1287e322d6354f1c59b07e8f9b630d895ada3ee273e23f6c90243572bf92d4,74
4060,LMSYS,a3b0d59a41c8cc37157415b12c854abb0ba1cb26da6778da6011e548bdfb26b1,81
4061,LMSYS,71f752d6c82ce315910b5ade3cc1e4aa83172a0bc821b2436d2b0f438690d140,170
4062,LMSYS,edcb72609ccbd63088bded7b2a0cc5ed4050b8e3de67ef8f1015725014aa4a3d,379
4063,LMSYS,1205ff44ce8da557000660e4b2d92073f8f2d65fffbc61dce3cce05e24c3b8bb,248
4064,LMSYS,ecc2100a312af4331e07a5659855c279fd5092f0a4ef930c67280e057c587070,75
4065,LMSYS,ef00d73b436d5cae7ef01e0aa39dcc716a76f19b22de5fb5a70d2e9c77bf969f,67
4066,LMSYS,9eeaccb3fe6d5c77db3bc58cf302af40d2cb07e624dff1e90757361b2a886de0,60
4067,LMSYS,f370379c918a1376d4b918afb3faf4951a1e3366de88ab30cdc129c863671a52,144
4068,LMSYS,5ed268692cdc4064140b214c8d7b838aa5efc46369a0c29075946582699a2a93,83
4069,LMSYS,73a5df6b2977a6d13f7b600de87ea9f5923711b56bb8929d8078a834da4c44aa,292
4070,LMSYS,2d21e8fad76dddca9f794310c90eaf67df1fb1ae37a11707fe5e5f8aecf8283b,258
4071,LMSYS,9438643e5d17c44222926f34cf6becbc2e836e9235f3d7955c3eb3431c9342ab,228
4072,LMSYS,ff5d9cf20e6b76ed9e526b0a80cea547a6be31dcca8ca27614c21deb33e5323b,438
4073,LMSYS,577624b47f86b3e56fcff57c4d8b08c0b1a8c04c87ba6d009421b34b6c351e17,174
4074,LMSYS,c042d2a46d3bdc4fa4406deeed5951dc2dcd4ebf29ebf8237210c384f09b5b2d,292
4075,LMSYS,26e0db2dee8ef3ec77002df825655fbca9e4e14b08557ea3b2d1369d2a1f7138,292
4076,LMSYS,d51e82d08b50c57b0d2d401912b9e6d6457ce95d4a71d2e98a1ee822f80ca503,196
4077,LMSYS,342c3ded6ada6639b85a2f1c16000cd2c34e9354205ed34811ba93de9e60eb7c,121
4078,LMSYS,f6277ec0d3c1ab6cca2002d9bc4111d24960ecdc82c3b2de640e79f45808053c,21
4079,LMSYS,d305112f5d7df827899018b12b6903c26a917ad959bc5e8270be9036d2cf1799,227
4080,LMSYS,4441ef6ac494d8370ede725de0a3141e303ed720482600f52c83bc17307aa87c,232
4081,LMSYS,aa43770bb0219cd296e5f73e0699f670816b1946a9bc649f517bc142d812de96,26
4082,LMSYS,f88e83ab34ea3724bffd6fdac83583c7d411bbd7a2b8ebcd6b9cf1f959d13c67,24
4083,LMSYS,0be486d1b2edccc6147027f469217ca7b6eb9e20cdbb9deb7ee84dcfe25cc618,287
4084,LMSYS,c232c8348cadba4598c550efef13e4a104f7ea272405af13cdaa909304c8fa9a,424
4085,LMSYS,76670c4fe4ec66d10a30332ee458ac767b8c665fc216a5a3f713f1cf9dd96d62,22
4086,LMSYS,714161388342a51653b62e3b11b09e1d9838664222e645d2a62af73b6bf86e39,106
4087,LMSYS,a75853e6c9dcbbfb604765832a4829f37b2eb6e0c6af8e516d4a6ee638d17175,249
4088,LMSYS,666d8acfa86b219b9dc68796fd82c370441a34e4ea004695179f94c7825e5496,100
4089,LMSYS,14f34dbf7ecbea3558884f697bddc65037e60e67ba7f06f983943cbc9207767c,175
4090,LMSYS,d32275da36b6d6a3b7f534d7239a182fde9653eeaf6eccdb14a89330380cf336,247
4091,LMSYS,88172cebc63865b7029d18a34b6006ebedb43effef10a36867ad77b5b0698e69,238
4092,LMSYS,eae36a7229b15ab2da1fa2046bbf235f84086d6d9e3dc6c45912383afac22aad,98
4093,LMSYS,dbafd1299455860762ff5d0be670e939c0d68050993cb2459fe07fd649d108fc,442
4094,LMSYS,8509ebb79366cbf78b28c2f5c45e6bde263815b312cf52220b4809c6a414b422,200
4095,LMSYS,6397dc99452bfe2b250ddcd15e125b4db4a4bac1b5533b7bb74899cc4acaedab,342
4096,LMSYS,d4a2e5e4b2a0694d2e8ad3bb2a6170556a0daad2322c5741642a240d52afe678,119
4097,LMSYS,3b24c9d2e7572609dcc188dd8b311a97141d53716f3eed540200b3dcd0baaa4f,50
4098,LMSYS,0d2cd295830e4a15344231af21fc21b3ec19815ee447a45d356cba18968b13a1,192
4099,LMSYS,e74781db08600635330b430d0f94b2369e7748ffb91188f47f69a4a8786a57c1,170
4100,LMSYS,9de2c46b5663f89a776ec0965647deff531a30ebc7a86b2f5f9aa2b31af43e93,418
4101,LMSYS,d11d86dfad69dde96af9a280572cb97581e23d02e89956bc15ac492de509ac9d,35
4102,LMSYS,abe4375d21fc19ac768d64249339e6dec2f13e439377f001b00a98ad972d49d6,91
4103,LMSYS,1522efd145d6121fad7bb1f7074737bc1bd6c2db91333c6d603fbeb0a0539877,133
4104,LMSYS,7977bb2f3a681e502cfd01b706ab495e0a6e33505a71b7425f4bb8843de06491,269
4105,LMSYS,76b04d9cfc00dd8ce5f8cfbf876cf99f982774b61c4ed84409974265c42f130d,70
4106,LMSYS,179ec2c53426aaf1cf1a1c63cc88f3de3d9913a40d4f3806f380d2fc092a3bed,181
4107,LMSYS,48dbbefc01088c8586e9a9c95ccec63eec563739264caabb7a9985d35e39cf5d,240
4108,LMSYS,abbf625aad4bd59e9ef7cd9c0a87b48827c9a98ba5f39804027fe13418baba28,243
4109,LMSYS,e30e1802a5c7042218f8585364803e0cd10d42b1b26be61ee4d97b43bd7d93a2,45
4110,LMSYS,0aa1e0cabdaa935facc423a5dc2960a27a0a586affdf04430fdde73dc1c15210,280
4111,LMSYS,ddcaafbf605a7d2b2843a8fb79f0717349647b08f58954cc823b9fa45724bb4d,65
4112,LMSYS,4d8d7fdc07f2b03dff90c4ef254de08c45d099a3b7a23db3911ddf9ac35de041,61
4113,LMSYS,1af422ad309a0191ff5bffb895e84fed294cf29fbfdac382da58b06a2c2a0167,335
4114,LMSYS,04c46e1da49265c521ff56b80b6b47c8d6ccee4a8d99901166a32340f8faf28b,23
4115,LMSYS,48a198e6cbbab5ff19cd6895029d34add715da9d38d8ba1885b9d12b1b2f8efd,215
4116,LMSYS,dc3188407e7656102dded3e2d157fb4e97a601ef191f9935d78f8f55905a65fc,111
4117,LMSYS,fb98189b52ffe72ac93c6048c2ce374ce0332b08f75cb18a0fd331113635ad6f,379
4118,LMSYS,c0e0275f76df478f0475b6ff519d97044fe9c392d1341bee73d9a7cead6b5c6a,207
4119,LMSYS,69e0cb4cac18e2adc73eb1dc00109d297db94a0805872fe0b3f1677be9677257,150
4120,LMSYS,1205ff44ce8da557000660e4b2d92073f8f2d65fffbc61dce3cce05e24c3b8bb,248
4121,LMSYS,0cd7e3d64673c5d7bcc5f7102eaffbf2d9ab3638d82506e2513d587dc2d091e1,98
4122,LMSYS,76af33118e26893e5a081de9d2a18528c6cee8ec214b598f69b484afeba77374,318
4123,LMSYS,e73a7cdd73ed85112d61cb2fb1debcb38be1e3887d6ae0665d1ccd4c7ec366d1,129
4124,LMSYS,81a77096cad4fa3a9f35587e95b30ba4c10e93add2e9c478926a2f765ff877ea,21
4125,LMSYS,5984a6e6c7ce25829b7da3dfa589de818d8c0ed9660c880420d2d90235199f00,103
4126,LMSYS,7f8897a77c0a13499978d831c3c631686bc33df9d4df7b5158dc79e1ba62b970,209
4127,LMSYS,993764fc8b5dd0e6868a4ca76c5a8c7a8d68d17289e85e3adf9ec774be849e16,21
4128,LMSYS,3ac565a447b5d199cccc03b788f2d0e45a1137a3049c6d753fea4f087f514975,93
4129,LMSYS,bf591b4bce82718d66aaa5b98868223ac482c6baf5f68eec4d5db91f9597bf04,69
4130,LMSYS,d04ecdad4ba9aac8393b05c9e1173b5c245f8d9e49822f9ced1c1720c6ddf282,244
4131,LMSYS,ce6af5b78aa599b74dde990e07e0174c3cabc30e1b94f36d7c82c9c7e687949a,257
4132,LMSYS,87ae3570353f488400b51d8a605daba80d786dfceeedd730474f3be898464ad4,149
4133,LMSYS,a645746e3528fef4ee94307d9062aea75315afd4028a04f7542df54eb0729c34,377
4134,LMSYS,37a4c6f2971151dc66df09762a6acd486bd46c4a230ba4573f90f020754a31b3,250
4135,LMSYS,ec1b85722b71780c2d86c7e8def07945fa85a063beb34e56232f449ff40d1dba,224
4136,LMSYS,094cc55a41857386003d95f66d8f94725133dcfaef057c3ebafdc7067239a70c,28
4137,LMSYS,5669fcb5b29920eb95336f13e941e2f2d9d77960b596b04049b670d51d1f1dba,24
4138,LMSYS,01e337bb8506eaeb2ef0f80fe3d4ea407cd8684e911807b5b9382810cd7d9aeb,177
4139,LMSYS,11e559bb2f239978d56ea290c1c6cb0147a4b25059b4584b8741949b39f40d07,189
4140,LMSYS,2066cb89d35ddb604ee632355d6702aa6fce1c2323f1ae025691bae562fdc266,249
4141,LMSYS,2d11d0c2485740ffb9eeb745d17e24bf64e025067507606224fb20ea2b4b6802,394
4142,LMSYS,c1785c4a2db4d1cda8637a86dc09fd670c9f3d8f90471ce677612f226be94d9e,289
4143,LMSYS,23e6d9013eabcac41dbf823bf243f9eb566024f7ae297b70060006a478932243,116
4144,LMSYS,532475971f65a77c1377305bbf742d26229a93711820dab064b7ff2d23b4d952,391
4145,LMSYS,f42b0836b222a927485f2fcad422bf30aafdf789239743491baa30033f600683,216
4146,LMSYS,afceed186f4240d5da620be3255377b051bca59cd2db1256829e8eb3eafda0c2,187
4147,LMSYS,7b128814c102eb80d73ecdd10069352263843aa3692ef99bee9033057fdbd574,146
4148,LMSYS,defdb188ff01975ca51bc2db9ca126c0f0c46151c0e45f5c9aa0d2bf963f4157,30
4149,LMSYS,2e7e8409e08219a7fd81d52f04a49fcb49cb5c72a0b2695aff67cd99676b2e26,91
4150,LMSYS,da43001c84433e6e109abc37488a9347b461f5621c589035294d2a5012ce31b0,33
4151,LMSYS,01f8cc3b44ab713355e018ad18ba71b2e7e731db414deeed5ef5950d38cc26c1,32
4152,LMSYS,f028909f381bd94b2ee5e7b300c4999d0786e9fe001756fc73f70024b0c6ae3f,235
4153,LMSYS,bf6c4860176320d7b442d825b6da146bf5f30471e1eae28dd8acbf9fc6643407,185
4154,LMSYS,e8fc38caaa380a1da49f53ced9cdbbc60f90b6a0dee0f5010b9ffc93b0f97902,102
4155,LMSYS,f243311522db5badd378ddc5e5b10aa41500db5462d5bf57b49a21e218932359,233
4156,LMSYS,934cfca6d8a576c905b140accd216ddee4a3a3fa1971698351d9d3ce67f0eafd,195
4157,LMSYS,055e2ad7cdcc7ad52aed003d9a0a4545e0284851ed2d070d2dcb5f6bf17da907,134
4158,LMSYS,37655376e51ae69d7bf9e50ffc35933245ea196240a540e8ba59a605db4e08ef,29
4159,LMSYS,483c628f5df6b2a4c8d946aeb24db7a25f198203b2225ea44d7f65395a2e5e42,235
4160,LMSYS,b1c6b5ba564a697beaef5d88116c45d3d024881889f12f30e74b00429983dd4c,76
4161,LMSYS,59c90a689e29f0ebb6a6231b20746affde5223dc86868a21d5917e86cf1ad913,25
4162,LMSYS,7630680cec679d5de548de8939f64fa2ac8c941cf52dd1bea6aba8bb1faa8868,459
4163,LMSYS,d8a7b1a2cce36cfabad87ec96b451f44b81179a94ff9c44edb04873725740851,25
4164,LMSYS,e3a3931dcc150238f419385d5a11bb4c7e886fc3abd3648752446ac94f4be787,95
4165,LMSYS,3f7ed95caaa7ee52a9334ff587de7e8b2e5b8c9972d96097e6a0a2cabb9aa23f,266
4166,LMSYS,f4ad69e6297fa3b5afedb1654bc32d4a8cc9c2d71584bcc40fa2ab5d5f0fbafe,309
4167,LMSYS,882fab54755cdb63dcf3bfd28ba63f503f2e7e7444009af8bba0cbe2c17e87e1,171
4168,LMSYS,dce000e9a15fd59888b031d6c7dddbe9602691a2cd07cf1cdecf70e1f42f5341,315
4169,LMSYS,0181fdbc1873b4dd036547cb60ff2e40a418133b969e66e114a8954c975de349,289
4170,LMSYS,7e9b89b95f295531879759c9052e81bdf3542322969700bfaa4fab9379af9e91,47
4171,LMSYS,4194980d801f14a09eb42e44ee980e12bb18313637d65bdfd209e4bbf2aba74e,198
4172,LMSYS,8dbc2537109db217acef21ab616b65f2cf808b6d7436f6df75eb79f5adc3af58,472
4173,LMSYS,b62bade463731dc15c505c16768c52577e04640b16115c958e2f982d5d8b2692,105
4174,LMSYS,cf8429994a426187f27d32f552fc04b8f6d09ce1d658b9cada8af24d4a5ff788,97
4175,LMSYS,6c80d55840b81b52f471708a75e0a067ccd4dd6b822513ec8e71be0a2a79b7f1,34
4176,LMSYS,eb9a6684a9b3eab86e3304c2444bb8d5cb2cdd1687482d7d2e1a5157949ae304,125
4177,LMSYS,72aec23f6956361d1e84c4d9cda63809eac6b7c148e3f312c7254a7a991f9bf8,160
4178,LMSYS,8de6f6ed0ce646d0294f87ae899611ea97140f290218c76179f6ea2b090623fb,55
4179,LMSYS,1a12b6ec22b50b250e3d5bee207cb7b659963d6860222c153640c9a2e444cf16,136
4180,LMSYS,66ae526598d0c737a9d6ebc0b3185c2659f4cf89c0b48360b545afcc535f9b8a,166
4181,LMSYS,b24e36bd26d116b73d6ec9587fb653afe890233ba2fab04d21f2d428c7f9a2e7,23
4182,LMSYS,2470b7c88b489067dd106eff6ccc6c4927a75e47da9c813357e57767b48c2ca5,30
4183,LMSYS,f2634002003938f154429edb2efed81369bf622284a490c7985ad4bb27b14e1b,232
4184,LMSYS,1ab966f9f26aaf5e3cfd9f69cd6e75c9291e0bc67d9e5046c7cb69f73998d0b0,100
4185,LMSYS,0412c06d42d87e4c5effd2aadb57a74761aa8f6863abe0c7208a5a9cc0d4c799,240
4186,LMSYS,4510fce91632d2bd2497c072138be453876dee61390ace3fa6f7b4be4070f1d8,27
4187,LMSYS,d7aebdc6f1fcf9ab33b44d475c353fa96192fab0f37db94084f0ac61ec181fa3,296
4188,LMSYS,4f9626a729838ae90dbd908869e350670711a5862d7080c2e744d34a9c3472fa,32
4189,LMSYS,dd15098d236087f54ab233ac35d8b56cc867bc62b60f67abf00fbd4ecc6dcdc0,25
4190,LMSYS,eec432aaeb44cd504a93791b5dab81f67434d4a11245a1d250fa4c95b1a8972e,215
4191,LMSYS,25fec1de42829dcb34379f74ae53dadca8d340ee07b13eccd9adf1484fcf640a,27
4192,LMSYS,d3e93456c30ae0ea03eac983116263e213ae41a662f94a9cd608f90a41cdbb1e,108
4193,LMSYS,5b9579f8023d620cd0eb7226ff25fad02fdb9a68a10b0873d9c5283edfc95386,335
4194,LMSYS,39bcf6faa19a477a642e73cfb870a236ab58507a0fff63ff3a8018435a087202,225
4195,LMSYS,9e9b736657866fcd5066594b4bc19992f5266a941795115038fe2a2d0aa0dc11,213
4196,LMSYS,34e4520236ba029da83964edf20f836bd66ad9a5bf75b785b56f38e63415c052,235
4197,LMSYS,36df934b1d68684e31ccf7ae63ecdad4f0942a4af381c9357bd44c49b43c6714,246
4198,LMSYS,aaae063fd5838169d6b3dbcb13f357064d9d349c11100f267fd9946aa8c13e1f,230
4199,LMSYS,55c32a7f5a66746f4c0e149c9e78622216e8f63473ee7afad38ab35b84684c84,129
4200,LMSYS,7570c44bfb3756bfdcf2d420fda40b201226e241cd274cbb87898d8f020fb9f9,45
4201,LMSYS,0319ae8678a42256aad9fde92b7448df8691486fa3efa510701dd17138f48fbf,81
4202,LMSYS,62e4080085eded3a44266132068657af9dbe40306d75245a24666f6b088ae800,34
4203,LMSYS,69a58ef202ea3428ef4c5aa9335629c77398533b8cd640516228a272aeb28938,65
4204,LMSYS,a47c9e7ff54fd32e69383f6e19aa477d703a540ac4184438b93fc1cb64217803,418
4205,LMSYS,a955911347f5a76f5dd2359fccc2e9fe7b1db2927130782266afe913898eee19,22
4206,LMSYS,7a03e5723986f4ec83c29d80a66c88e774a846831f3993146ed78a2e3f40074b,478
4207,LMSYS,9a90701459cc2146a9be6eb1e09599c88ba3da0252d261e935ff4c2305d569e4,227
4208,LMSYS,4e5b0478753a16d6437c8c1c28d95eb90f34d737711788e5c78359399aa993aa,270
4209,LMSYS,c92fda9f4ae168aea37c688c9bfce7c581127c5ef9ca115032e6edbd91d13089,24
4210,LMSYS,8bd8e4dd12eaff63c6ac408fe15a6ec0eae3c610f501650af35f5df35e870f4f,222
4211,LMSYS,36e84ecfa0dcc51a533d761e80d3d2c5f832dbcee61bacd623e849be04f35d5b,391
4212,LMSYS,a28dd2d37fb7e2413a29061a1125a5e5681f0daa063c39dac2ac1c13602eb4fc,67
4213,LMSYS,51f5f6c46491b23afc3490bf76414d6b042b9a20f13b84c1a648d11889a1bea8,51
4214,LMSYS,bb93efa80e801cfe1e4a4b6c8f97b7729b2b6974228829e07a09745c6ee2c271,25
4215,LMSYS,56c374e46cded9a422ea69c6ff1bb71b5236e3d3b50ea29840297d29e4c267cd,136
4216,LMSYS,691247f4a882205937e6f0478f22788b3d8d5d1c7bb59e62cd14fd9f86dfd0fb,397
4217,LMSYS,ec2d47a58e297af49e040b0f1be6d1b4d9ad83462bd14d5a79440b11816a36d1,264
4218,LMSYS,7f3d6f4ef5a84db0a5164ac9073704622fd15bfa6859e295da0b50e13ffef5b6,82
4219,LMSYS,cae811060db3179d57d63e4b1d6abe4611b87cb85a18f6b400c479fa99f35a91,218
4220,LMSYS,16dff62e6bcad315b9c12be5111433297f2e8eb108bda71fdfcb4de1427652d5,103
4221,LMSYS,b4fd77dc1edc4046cf5b10c0d33dcdb7aa3b06e4a0397f7b088a67e5b894145f,201
4222,LMSYS,6c9c099747eb88df7b02f066e8740c8823cbd4e56e726fc813113dff9c811076,232
4223,LMSYS,d78ef5e09be44ebd6fda95ef2bd859d9ab370c65b928392b00f79f9abb6c878d,82
4224,LMSYS,4c16ae27b0474fbfc3e014fffc95336f126eb904c0bd1d308bd73368b9fd3d8d,222
4225,LMSYS,c8125fb30495e51a69213269640b2ec4a31948abdb7fb10165bf67bedf4b8893,31
4226,LMSYS,50927ca2cd06729843f4983dacb2990fdf3528e2c61a68caff39104bcef1e36d,236
4227,LMSYS,87c813cec53b5c5785fff73cef95b298c20a6ce0d177d9242bd2a7ec8ea2b0fc,55
4228,LMSYS,6be583d6b27d6b7736746cc25d4f6a51aa4f93b1b5771126ad758d49d281d672,36
4229,LMSYS,f4110b6bc6a27ae06d1feda1c955e4f65be42913b12881ff92ec436682ae418b,148
4230,LMSYS,5c1e41e3664c846875c1b623ae42c769226a9616d75e8dc1bbc9145ebdd1bc3f,232
4231,LMSYS,4913f335c3f1fdc9c942c8cb67105793aeb24aa2d57cc1c96e0bc60342fcfd53,148
4232,LMSYS,bcd1d6c5c8c27c1ab21d502b8c29317e27332e2958081eb5e89ee0eb87a0acac,64
4233,LMSYS,99c87f18e8aa769e607453b0e5fbd73705fffe2c5b290df3a98f9e98efec168b,35
4234,LMSYS,50af704a021c4cb1ecca84fbe2152a1da3d99564665e66b93e1c91179c8539e9,243
4235,LMSYS,0f13e31a1c4129347d42bb7a1523836c076717dc2e5ad425a0eb9313de3d6d71,404
4236,LMSYS,3f2110c19702ee361921ab4e8a4940531e376787cc8389c36691c8c5f57bb67e,70
4237,LMSYS,17914691742d0318e04b28d17108af74d58ed08326bff9db854a37ff83bf5de1,74
4238,LMSYS,98e5bc4c5a784a21491660b10de1d1f3edd52d2b2cbfaf83be2c7b2bf3fac8c7,23
4239,LMSYS,550e4f0800ecfd41451c910ceaf024468d131aeb3286a391986b113c9fbe563a,186
4240,LMSYS,3256d5dad61b2be5ace90e56afee9dd5427aac6137158c7eb60368dfbe0c9267,30
4241,LMSYS,4829559af4c0ff967c5c30844fbe0425337daa908b0a2998139ccaeec5c9b0f8,228
4242,LMSYS,5d22bc43441957216abd4cd4912b0b04c0bdc86667a05a2404aef0ed5396dd15,385
4243,LMSYS,9f53e48b1ddcf7b2c69bc1cbc33e7e9a99f4e829a3463fca084fe1db6fbc1234,124
4244,LMSYS,82bf0dc4bdf116a8b00162c35350cc12e8d75f9d294bdf2bd2b81ff4dfcc4d46,170
4245,LMSYS,a82493281d34ce46342aa777c29fc5a55318f2f44560d22a5e94bd63c6fc0b1d,25
4246,LMSYS,aa0e0807ceb0421d0768b0e8ab7fe2ce34448cd7c962f247801756f567ecdc75,47
4247,LMSYS,7112b960a52250c8d3c3ac8bac4a5ead66a2920b7c2d85b32673ac986889fd6b,227
4248,LMSYS,37dc915944406f8cbf46efeb6a30dee486ec2bfb7042f274df1663a624719bbd,115
4249,LMSYS,e7c62ca119ecb09f6aba0c5fc343d27414be72b8be32a34bfc03523643d799fe,37
4250,LMSYS,ead14dbbddfac2dac12409c6b18b24d6c62f9cb688e5fdd4f59e62d8d4667126,38
4251,LMSYS,8c5bafd59b89f956cf1ecbed08ff9271a60153d73d7b4fc7c125f888693b7b17,350
4252,LMSYS,196cdd31cff02724520fe51c8b2f8b54a1a9b8a566749847ee03c968063b4759,191
4253,LMSYS,1292c99f6ac274f04bcfa6e420153eaf86f387514b2b4516d09ae20f0e70abb8,64
4254,LMSYS,349f1831afac14749bbf9b272c5d1a773552f8cb6b370580426253d478f51418,271
4255,LMSYS,db2e9a82e590dac329e724467beae805f401037f3599ee9244644c20ba0269ab,368
4256,LMSYS,76d88484d9a8ca71641b9fa2f3fd4df27f3b94c1aed0c66135746c2324cb694a,152
4257,LMSYS,cf4a8f2d498b5feb4ea5a21aba79186f35373a9a9062bcd88f3251b897054fa0,88
4258,LMSYS,bf773740c38f0a2921d554d8695885e3d3d894a55ed069e8e04e9f9fef05ea24,66
4259,LMSYS,eb952e31033c4bc36d2e45a13e0718595d3f28c20165d918eb205747364c4513,226
4260,LMSYS,96555ca6ef25786a4f429a1926c80380baa6b69cd9a97231ed656fcce4613d12,213
4261,LMSYS,9ef6c18e1f8abc7ed93254c1f24646b6b303472abc6a4482f7a3df52e53caa0f,52
4262,LMSYS,e3ed904b2bfc802ea2e69ab6735dc3e996535645405c5746dd23d9ab8aa3364b,124
4263,LMSYS,a7be3ff5018679e524f77e97668553d72405e84c29e53a30d0e8ba49f13ea326,118
4264,LMSYS,869de432374094814f531a0ad0548ad561da37c6c1c04b0cb1001e76a9fdc8ba,228
4265,LMSYS,8361d023b5d489d20d30bf311b6319d99340e0e4adce14c0785f611d557adc80,36
4266,LMSYS,69966c01bb28e2330aab63db3dd342ab6714895bca8ae89a89cfeb3f97523289,328
4267,LMSYS,813fa6c0a525a80524e42f2c72875354fa41918d00b9959c8eff56d14cd68d03,261
4268,LMSYS,fe4057aa8ace42229da66650d94f87a3c562910e248b2df574f944d2185c451d,309
4269,LMSYS,68b3765e67915c530b75b424199805994a4ab50d6eef83b93ae0a5700625b7f0,25
4270,LMSYS,12361a9fa6e167edf10ca7f16f357f975bf0556490b7cbb332cca01afd48d736,455
4271,LMSYS,11ee7a126929b930b1dd315112bde27131b969e85bcda1e17421f976dd7d4887,208
4272,LMSYS,42c5d3d5aeaf9a915b2af253cc9176ee506a9864771b0ffc5d5b29a325fd8410,82
4273,LMSYS,d5e667e972a0851db03b5ffde49c1680cc6a022f9fc54d00bb9eb96c8930e40a,27
4274,LMSYS,2e00b5be6c70091d1980a6dc9bda3054aa6d4db12aa90b5a0d0d0c7da115d454,196
4275,LMSYS,505ae646a05ca1685911aa2226b6f3b5aee35a1cfb3833409a9389bcf046129d,40
