idx,source,prompt_sha256,prompt_words,response_words,response_ttr,kept,ambiguity_A,structure_T,Q,specificity_Sp,completeness_Cp,Q4,pq_confidence,S_raw,S_cal,S_fixed,fixed_confidence,bias_variance,n_loose,n_routed,latency_s,strict_acc_checked,strict_n_total,strict_n_unverifiable,loose_acc
1,LMSYS,4b61daf0c29b8fdab2e5ea3e047476692e8b27ba4ebee30bd1eed22d2ea91618,28,25,0.96,1,4.0,3.0,3.5,0.47333333333333333,0.3333333333333333,1.9516666666666667,1.0,4.0,4.42829966021012,4.333333333333333,1.0,0.0,1.0,0.0,86.7030619,nan,0.0,0.0,nan
2,LMSYS,f028909f381bd94b2ee5e7b300c4999d0786e9fe001756fc73f70024b0c6ae3f,235,63,0.8254,1,4.0,3.0,3.5,0.6333333333333333,0.3333333333333333,1.9916666666666667,1.0,3.6666666666666665,4.035486136220797,3.0,1.0,0.22222222222222224,1.0,0.0,112.2874302,nan,0.0,0.0,nan
3,LMSYS,c5c634246bcbf398ea4e1d9f61b78163b395baadc7710acdafb2e722c930f7a5,257,83,0.8072,1,3.0,2.0,2.5,0.6333333333333333,0.3333333333333333,1.4916666666666667,1.0,3.0,3.3375141060509774,4.333333333333333,1.0,0.1759259259259259,1.0,0.0,118.6345242,nan,0.0,0.0,nan
4,LMSYS,d0a9d0f501d64e3287b16c32fda2ebd9277bff0e83d4ea328ea56892961e915d,363,13,1.0,1,3.0,3.3333333333333335,3.166666666666667,0.6666666666666666,0.6666666666666666,1.9166666666666665,0.8333333333333334,2.0,2.447082878312012,4.333333333333333,1.0,0.0,1.0,0.0,364.686509,nan,0.0,0.0,nan
5,LMSYS,d04ecdad4ba9aac8393b05c9e1173b5c245f8d9e49822f9ced1c1720c6ddf282,244,51,0.7843,1,4.333333333333333,3.3333333333333335,3.833333333333333,0.4666666666666667,0.16666666666666666,2.075,0.9166666666666666,4.333333333333333,4.720936020989355,4.111111111111111,0.9444444444444444,0.7685185185185187,1.0,0.0,212.7242672,nan,0.0,0.0,nan
6,LMSYS,3394dec38a832ddf95aebd116f912aa5467d0b9dbdc35390172c2195d44be48e,198,12,1.0,1,4.0,3.0,3.5,0.4666666666666667,0.16666666666666666,1.9083333333333332,1.0,2.6666666666666665,3.1153148131538364,3.0,0.9444444444444444,0.17592592592592593,1.0,0.0,157.2821145,nan,0.0,0.0,nan
7,LMSYS,58a8d9a67a2ca5ecb40331905663abc8b086a7bde3d5dbebfe97320c641d2859,414,322,0.5031,1,5.0,4.0,4.5,0.0,0.0,2.25,1.0,4.333333333333333,4.296748345521634,4.777777777777778,0.9722222222222222,0.10185185185185197,1.0,0.0,403.2288608,nan,0.0,0.0,nan
8,LMSYS,ee87bc6c892623381f4af2fe9e5d78c042ed1378dca38bc7095327074ead9890,257,312,0.6218,1,5.0,4.0,4.5,0.31666666666666665,0.16666666666666666,2.3708333333333336,1.0,4.0,3.9790676939398777,4.888888888888889,0.9722222222222222,0.0,1.0,0.0,372.7337468,nan,0.0,0.0,nan
9,LMSYS,b82efef867773619edaa5bf9d84c78765fc4beceaf38c1f9df50e5b6860b4e4a,23,111,0.5495,1,5.0,4.0,4.5,0.115,0.0,2.27875,1.0,5.0,5.0,4.555555555555556,0.8333333333333334,0.02777777777777773,1.0,0.0,182.2055114,nan,0.0,0.0,nan
10,WildChat,680510271f9d0457aa385bfb9b5541c121081b9be915de2802d21f063915f5b5,50,90,0.6333,1,4.0,4.333333333333333,4.166666666666666,0.25,0.0,2.145833333333333,0.9583333333333334,5.0,5.0,4.444444444444444,0.9722222222222222,0.02777777777777773,1.0,0.0,203.2477994,nan,0.0,0.0,nan
11,LMSYS,6ce51b758e33ec88346c3cab04e98e9c2147472ff07b08059bedf8cf1a15e685,404,331,0.7039,1,3.0,3.6666666666666665,3.333333333333333,0.31666666666666665,0.16666666666666666,1.7875,0.9583333333333334,3.3333333333333335,3.282660931945216,4.0,0.9166666666666666,0.10185185185185179,1.0,0.0,501.2252583,nan,0.0,0.0,nan
12,LMSYS,0b937b1f7597a7ece924f2e0a91aef421793b978b53ec4477bf1d1a84a48e1f3,215,74,0.9189,1,1.0,3.0,2.0,0.31666666666666665,0.16666666666666666,1.1208333333333333,1.0,3.6666666666666665,4.018268186294063,4.555555555555556,0.9722222222222222,0.03703703703703707,1.0,0.0,222.6707483,nan,0.0,0.0,nan
13,WildChat,89fff67acc0a8a96bc5e72aae677c990b5145159a57fa5adf76d170fcdb6541e,637,106,0.8019,1,4.0,3.0,3.5,0.18333333333333335,0.3333333333333333,1.8791666666666667,1.0,3.0,3.3015129380223516,4.000000000000001,0.9444444444444444,0.0,1.0,0.0,394.4853193,nan,0.0,0.0,nan
14,WildChat,59d55d3a5d447c588fc7bc8f61edeb4eb1ed4626136cc79174002fad538b94b1,733,427,0.6206,1,4.666666666666667,3.6666666666666665,4.166666666666667,0.6333333333333333,0.3333333333333333,2.325,0.9166666666666666,4.0,3.7990618537967493,3.7777777777777772,0.9722222222222222,0.0,1.0,0.0,485.7541503,nan,0.0,0.0,nan
15,ifeval,5103d0fa1e9f77be9d923d0d178af9bcb6bdfbdfb03c6ed97a9c7d4ef7f49b93,38,89,0.8427,1,4.0,3.0,3.5,0.69,0.5,2.0475,1.0,4.0,4.328122497000032,4.555555555555556,0.9722222222222222,0.027777777777777724,1.0,0.0,130.7420343,nan,1.0,1.0,1.0
16,WildChat,d5dd1f2ca48a51e2aff89b8d9ec6c7661b7955387762d098d38ec7b7fd78c029,51,565,0.6389,1,4.0,3.0,3.5,0.755,0.5,2.0637499999999998,1.0,4.333333333333333,3.9163881789583277,5.0,1.0,0.03703703703703697,1.0,0.0,365.8411945,nan,0.0,0.0,nan
17,LMSYS,a88a77595c535d6b884ef0f4cf30f957d07460c64d7e6d9329655b1bc8f69383,66,267,0.5506,1,3.6666666666666665,3.3333333333333335,3.5,0.4666666666666667,0.16666666666666666,1.9083333333333332,0.9166666666666666,4.0,4.0495047618219715,4.666666666666667,1.0,0.0,1.0,0.0,311.3878373,nan,0.0,0.0,nan
18,LMSYS,60d45b70ffd13f68947aab5c67539bb5f4f3589d127a796e93d1c252e1cc8c2a,25,26,0.9231,1,3.3333333333333335,2.3333333333333335,2.8333333333333335,0.29166666666666663,0.16666666666666666,1.53125,0.9166666666666666,3.0,3.426734392034963,3.888888888888889,0.9722222222222222,0.027777777777777807,1.0,0.0,95.278532,nan,0.0,0.0,nan
19,ifeval,1039b88183a413641c51e07261ad21aa34eb4334a738e43b953a548b6f018805,65,155,0.4774,1,4.0,3.6666666666666665,3.833333333333333,0.31666666666666665,0.16666666666666666,2.0375,0.9583333333333334,4.666666666666667,4.8914814641062945,5.0,1.0,0.07407407407407414,1.0,0.0,207.6095036,nan,1.0,1.0,1.0
20,WildChat,07c8ed95b9e977e7f67f138af66ea8d69e4fd8831d883863d26cd0155b2b23f6,944,307,0.6906,1,4.0,3.6666666666666665,3.833333333333333,0.6666666666666666,0.6666666666666666,2.25,0.9583333333333334,5.0,4.986894034815666,4.222222222222222,0.9722222222222222,0.0,1.0,0.0,514.9271206,nan,0.0,0.0,nan
21,LMSYS,66682e158e23d1d69e7092064cc54c66ff3dfa7354ceb9b21eb195a4421ef18d,242,29,0.931,1,4.666666666666667,3.6666666666666665,4.166666666666667,0.5,0.5,2.3333333333333335,0.9166666666666666,3.0,3.4220385875094896,3.444444444444444,0.9444444444444444,0.027777777777777804,1.0,0.0,169.1035344,nan,0.0,0.0,nan
22,WildChat,f117ef781ef4169d10382328bb4968c05eff6e6708e7c726edb321e02cea2f4b,97,234,0.4872,1,5.0,4.0,4.5,0.6333333333333333,0.3333333333333333,2.4916666666666667,1.0,4.0,4.101158611602174,4.666666666666667,1.0,0.18518518518518512,1.0,0.0,276.3750387,nan,0.0,0.0,nan
23,LMSYS,927b79c3be67bdc6e8e363681b448cdfa8f2de672a02b2baeff26e8d60608452,103,479,0.501,1,4.0,3.0,3.5,0.6333333333333333,0.3333333333333333,1.9916666666666667,1.0,4.0,3.717667908688552,4.444444444444444,0.9722222222222222,0.0,1.0,0.0,464.3204938,nan,0.0,0.0,nan
24,ifeval,9caf1f2b16f1af17fbf62226166686bdfd1daf879c1ab1c0eb2ab0428fe331a6,32,187,0.6738,1,4.0,3.0,3.5,0.32666666666666666,0.16666666666666666,1.8733333333333333,1.0,3.0,3.174726215834583,3.0,1.0,0.22222222222222224,1.0,0.0,183.3228487,nan,2.0,2.0,0.0
25,WildChat,557699b013abd0f00f3d8e71564c0e14df03acb08f2630d1468b75003c5ee485,252,269,0.6022,1,4.333333333333333,4.0,4.166666666666666,0.31666666666666665,0.16666666666666666,2.2041666666666666,0.9583333333333334,5.0,5.0,4.111111111111111,0.9722222222222222,0.0,1.0,0.0,239.0131869,nan,0.0,0.0,nan
26,LMSYS,2d74a6dd2834c99490e3be9be4060f678e489adacf9b706c2d4cb127f8a70781,121,28,0.9643,1,4.0,3.0,3.5,0.18333333333333335,0.3333333333333333,1.8791666666666667,1.0,3.0,3.4236038556846475,3.222222222222222,0.9166666666666666,0.027777777777777804,1.0,0.0,163.4314295,nan,0.0,0.0,nan
27,LMSYS,64e0d4ed35ec59a78d5c4003d48611689d70f41f2470ccc1242654742e436fd6,206,276,0.6703,1,4.0,3.0,3.5,0.4666666666666667,0.16666666666666666,1.9083333333333332,1.0,4.0,4.035417348245553,3.6666666666666665,1.0,0.03703703703703697,1.0,0.0,284.9506236,nan,0.0,0.0,nan
28,LMSYS,ec2e2758237c863792130dfbe0edc78c01cef7f3f30177a745339e3125148d34,54,507,0.4181,1,4.0,3.0,3.5,0.275,0.0,1.81875,1.0,4.0,3.673840399784138,3.6666666666666665,1.0,0.0,1.0,0.0,523.107323,nan,0.0,0.0,nan
29,LMSYS,9d4aee0febfb965ae21046621c70f5deb58727b2b56bddb471529f23539ce9d6,196,15,1.0,1,4.0,3.0,3.5,0.3,0.0,1.825,1.0,2.6666666666666665,3.1106190086283636,3.6666666666666665,1.0,0.9259259259259259,1.0,0.0,133.556567,nan,0.0,0.0,nan
30,LMSYS,c2ada5d6f0cce489dd1c260b348b08226bdfc6c1db211eb018092807a376a403,26,412,0.6578,1,3.0,4.0,3.5,0.13,0.0,1.7825,1.0,4.0,3.8225408764241138,5.0,1.0,0.0,1.0,0.0,282.1854057,nan,0.0,0.0,nan
31,LMSYS,3354690ce0a547ac26c70885186e50c3c0efa3791e50c29d1b3ac78ac3ff5a91,149,243,0.679,1,4.0,3.0,3.5,0.3,0.0,1.825,0.75,4.0,4.087071198025755,4.0,1.0,0.11805555555555562,1.0,0.0,258.348239,nan,0.0,0.0,nan
32,LMSYS,320f420b4c58d93a55bc0c45dcdbda0fcc636cbc2d5e0376141e621da0e5b71f,151,421,0.6532,1,3.0,4.0,3.5,0.3333333333333333,0.3333333333333333,1.9166666666666665,1.0,4.666666666666667,4.475120129514362,2.888888888888889,0.9166666666666666,0.027777777777777873,1.0,0.0,375.4668137,nan,0.0,0.0,nan
33,ifeval,95f8b38c51658e9b7709309b01c61943347226e6e9c55e2fa5c2a985baf64cbe,23,26,0.9231,1,4.0,3.3333333333333335,3.666666666666667,0.2816666666666667,0.16666666666666666,1.9454166666666666,0.9583333333333334,4.0,4.426734392034962,3.2222222222222228,0.9444444444444444,0.1851851851851853,1.0,0.0,106.1304586,nan,2.0,2.0,1.0
34,WildChat,dd284066f55c97e9b2326a0750baab1583506be2dcf62cce1877838ae02be2c8,214,65,0.8615,1,4.0,3.0,3.5,0.31666666666666665,0.16666666666666666,1.8708333333333333,1.0,4.0,4.365688933203815,4.888888888888889,0.9722222222222222,0.0,1.0,0.0,219.9011413,nan,0.0,0.0,nan
35,WildChat,4b1e26cd2a819890c93cd9c61e8e0ef28f6e636d03c70dce4399c4485f3d7670,380,583,0.5849,1,4.0,3.0,3.5,0.31666666666666665,0.16666666666666666,1.8708333333333333,1.0,5.0,4.554880018472157,4.777777777777779,0.9444444444444444,0.0,1.0,0.0,3509.4128487,nan,0.0,0.0,nan
36,LMSYS,20e045455bcaf0ea9fac2410c633373196ca0abe5481ee049d8d52cc61487827,36,306,0.5098,1,4.0,3.0,3.5,0.18,0.0,1.795,1.0,4.0,3.9884593029908237,4.5555555555555545,0.9444444444444444,0.027777777777777724,1.0,0.0,214.511954,nan,0.0,0.0,nan
37,LMSYS,086527a1d4738af715896526d3f175b5e7538ec03c9d09b08f3641688ee6ffeb,38,921,0.5125,1,4.0,3.0,3.5,0.3566666666666667,0.16666666666666666,1.8808333333333334,1.0,4.333333333333333,3.359152708602208,4.555555555555556,0.9722222222222222,0.02777777777777773,1.0,0.0,447.6585025,nan,0.0,0.0,nan
38,LMSYS,ca5acd5be09e2fd171f1743fa08bf659009736770f22167efecfadcf0adb1aab,117,476,0.584,1,3.0,4.0,3.5,0.9666666666666666,0.6666666666666666,2.158333333333333,1.0,5.0,4.722363713214024,3.888888888888889,0.9444444444444444,0.013888888888888866,2.0,0.0,362.0829183,nan,0.0,0.0,nan
39,LMSYS,430a25cff6a8ddfbd91908fe1df725bd3570de1aa8f41d863f11be334ca3fae1,97,692,0.4884,1,3.0,2.6666666666666665,2.833333333333333,0.4666666666666667,0.16666666666666666,1.575,0.8333333333333334,5.0,4.384265787379975,3.6666666666666665,1.0,0.0,1.0,0.0,634.9571945,nan,0.0,0.0,nan
40,LMSYS,7e4c5c7d837f00ccdf5ac0f5a663939b7113125aaea6c54b6e3da785c77d2a1c,233,79,0.7342,1,3.0,2.0,2.5,0.016666666666666663,0.16666666666666666,1.2958333333333334,1.0,3.3333333333333335,3.677108512084941,2.555555555555556,0.9444444444444444,0.11111111111111105,1.0,0.0,249.0824985,nan,0.0,0.0,nan
41,ifeval,1be0b69fd525cb7dfcfe9cf59213697a617f267c75d464c5a1037f319abfb629,18,200,0.635,1,4.0,3.0,3.5,0.09,0.0,1.7725,1.0,4.333333333333333,4.487711062890867,3.6666666666666665,1.0,0.0,1.0,0.0,381.0707533,nan,1.0,1.0,1.0
42,WildChat,8c571079406d47834a5b663f7668607d01ad63781d35a81b14aeb7d9ee631c3c,56,304,0.5855,1,3.3333333333333335,3.6666666666666665,3.5,0.13000000000000003,0.0,1.7825,0.9166666666666666,4.0,3.991589839341139,5.0,1.0,0.0,1.0,0.0,378.8488584,nan,0.0,0.0,nan
43,WildChat,2f45c7e21c1361fe67d193761f145735f2de2e280c29f048584ee365f52b257e,142,523,0.6214,1,3.0,2.0,2.5,0.4666666666666667,0.16666666666666666,1.4083333333333332,1.0,4.0,3.6487961089816157,3.6666666666666665,1.0,0.22222222222222224,1.0,0.0,454.0823896,nan,0.0,0.0,nan
44,LMSYS,171169df67987c814847f36ce755b5ff24fa9c51a4cc17aa9d5f81a14e578b21,59,526,0.5741,1,3.0,2.0,2.5,0.6283333333333333,0.3333333333333333,1.4904166666666667,1.0,4.0,3.644100304456143,3.6666666666666665,1.0,0.0,1.0,0.0,384.0114084,nan,0.0,0.0,nan
45,ifeval,b94faa128a82ab20bf5dce023ac3eaf0135a2a2965c2ff6cb094e2ddfc9d6c71,25,35,0.9714,1,4.0,3.0,3.5,0.4583333333333333,0.3333333333333333,1.9479166666666667,1.0,3.0,3.412646978458544,2.7777777777777772,0.9444444444444444,0.11111111111111105,1.0,0.0,118.728305,nan,3.0,3.0,0.0
46,LMSYS,3d6e0fda78f130b789897f0f8b144d329da8e8f1af06e4d99435457643c11dd3,23,133,0.7293,1,3.0,2.0,2.5,0.115,0.0,1.27875,1.0,4.0,4.259250697293095,4.444444444444444,0.8333333333333334,0.0,1.0,0.0,156.3887684,nan,0.0,0.0,nan
47,WildChat,6d7d5fef6c4b626fb9bfdfc4ca2edd0aac8246a1da7daf6aff02f54f125e8ce6,334,632,0.5728,1,5.0,4.0,4.5,0.31666666666666665,0.16666666666666666,2.3708333333333336,1.0,5.0,4.478181877889433,4.111111111111111,0.8888888888888888,0.0,1.0,0.0,426.4462915,nan,0.0,0.0,nan
48,LMSYS,9664f21474998129e97c3bf5a4e17e6c37bea07fa137b02742c12e37b682096c,69,443,0.6591,1,4.0,3.0,3.5,0.4833333333333333,0.3333333333333333,1.9541666666666666,1.0,4.0,3.774017562994227,4.888888888888889,0.9722222222222222,0.11111111111111123,1.0,0.0,407.2909579,nan,0.0,0.0,nan
49,LMSYS,5602e421f2b76191b1cc80652c566186554e0f3c41f03b2bb3791d74a60d9aae,132,35,0.6571,1,4.0,3.6666666666666665,3.833333333333333,0.6333333333333333,0.3333333333333333,2.158333333333333,0.9583333333333334,2.3333333333333335,2.7459803117918775,3.3333333333333335,0.9166666666666666,0.18518518518518515,1.0,0.0,306.1971239,nan,0.0,0.0,nan
50,WildChat,5eeaa4714b7168339fd2fefb4dc672096c93c7087c2d493159c772cdac81996f,172,108,0.8704,1,3.0,2.0,2.5,0.8,0.5,1.575,1.0,4.0,4.298382401672036,4.333333333333333,1.0,0.11111111111111105,1.0,0.0,232.8004605,nan,0.0,0.0,nan
51,WildChat,8856436f52770f0fdf1f73259b488611dfcaed0f27fbb75270c7ae56a156044e,79,494,0.4312,1,4.0,3.0,3.5,0.4666666666666667,0.16666666666666666,1.9083333333333332,1.0,4.0,3.694188886061187,3.888888888888889,0.9722222222222222,0.02777777777777773,1.0,0.0,512.3978875,nan,0.0,0.0,nan
52,ifeval,2999dcfd22bdcb36ac3bd035bf122cbe793ecbc329ac8bb26e06e27422cf6368,41,179,0.6592,1,4.0,3.0,3.5,0.705,0.5,2.05125,1.0,4.0,4.187248361235844,3.777777777777778,0.9722222222222222,0.0,1.0,0.0,190.8567978,1.0,3.0,2.0,1.0
53,LMSYS,f1916a76a482274513221ccd37e9d7e8d563b455e0db4db60fe1adf19f3d2197,181,278,0.6763,1,4.0,4.0,4.0,0.4666666666666667,0.16666666666666666,2.158333333333333,0.875,5.0,5.0,3.6666666666666665,1.0,0.027777777777777724,1.0,0.0,285.9404045,nan,0.0,0.0,nan
54,WildChat,8befb4d1fffe0e4e7791e5454709202384107b663307dd4d1a9986bf6bafc61d,67,334,0.5808,1,3.6666666666666665,2.6666666666666665,3.1666666666666665,0.3,0.0,1.6583333333333332,0.9166666666666666,3.0,2.9446317940864097,2.777777777777778,0.9722222222222222,0.18518518518518515,1.0,0.0,270.9465418,nan,0.0,0.0,nan
55,WildChat,8d1feb32ad96e79077b39f9dff868e44a0a690b70583b23eb6d1c2938d132699,157,107,0.8411,1,3.0,2.0,2.5,0.6499999999999999,0.5,1.5375,1.0,3.0,3.299947669847194,4.555555555555555,0.9444444444444444,0.0,1.0,0.0,232.8243972,nan,0.0,0.0,nan
56,LMSYS,934cfca6d8a576c905b140accd216ddee4a3a3fa1971698351d9d3ce67f0eafd,195,415,0.4554,1,4.0,3.0,3.5,0.3,0.0,1.825,1.0,4.0,3.817845071898641,3.6666666666666665,0.9444444444444444,0.0,1.0,0.0,365.9631902,nan,0.0,0.0,nan
57,WildChat,d70d1681eeae2df5994db6bc973e9a4889d3e690b018abc9361b0bfa23c8f744,763,38,0.6842,1,4.0,3.0,3.5,0.8166666666666667,0.6666666666666666,2.1208333333333336,1.0,5.0,5.0,4.222222222222222,0.9722222222222222,0.03703703703703697,1.0,0.0,451.5114514,nan,0.0,0.0,nan
58,WildChat,4fa22dc723adae7512d26e0f838c5686399337393cf2af63986bc60fe08b2619,21,319,0.5925,1,4.0,4.666666666666667,4.333333333333334,0.105,0.0,2.192916666666667,0.9583333333333334,4.0,3.968110816713774,5.0,1.0,0.0,1.0,0.0,278.6602852,nan,0.0,0.0,nan
59,LMSYS,3b24c9d2e7572609dcc188dd8b311a97141d53716f3eed540200b3dcd0baaa4f,50,79,0.7975,1,3.3333333333333335,3.6666666666666665,3.5,0.25,0.0,1.8125,0.9166666666666666,3.0,3.343775178751608,4.111111111111111,0.8888888888888888,0.0,1.0,0.0,139.4504341,nan,0.0,0.0,nan
60,LMSYS,daaac7df4b4fc14b3f99274af7959079f9e26ac033385678067b3e3d67ebb6ce,183,28,0.8929,1,4.0,4.0,4.0,0.4666666666666667,0.16666666666666666,2.158333333333333,1.0,3.0,3.4236038556846475,3.8888888888888893,0.9444444444444444,0.0,1.0,0.0,146.230007,nan,0.0,0.0,nan
61,LMSYS,00b536ae22d46480af078c1e95c013438987d3d32bf7469faf105cabbc4ce4d1,28,53,0.8491,1,4.0,3.0,3.5,0.14,0.0,1.785,1.0,2.6666666666666665,3.051138817972373,3.6666666666666665,1.0,0.11111111111111105,1.0,0.0,207.2404938,nan,0.0,0.0,nan
62,LMSYS,078ae8534a269510b147fd23e02f9cedffe0f80b607440abd2784da21789c9b4,171,229,0.3144,1,4.0,3.0,3.5,0.4666666666666667,0.16666666666666666,1.9083333333333332,1.0,5.0,5.0,3.6666666666666665,1.0,0.03703703703703697,1.0,0.0,753.9321794,nan,0.0,0.0,nan
63,ifeval,1404dfce9ca2bf302ef51ba7b54bc24344279b25aef787911e14cfef7047fe05,21,497,0.6419,1,4.666666666666667,4.333333333333333,4.5,0.27166666666666667,0.16666666666666666,2.359583333333333,0.7916666666666666,5.0,4.689493081535715,5.0,1.0,0.0,1.0,0.0,358.4265509,nan,0.0,0.0,1.0
64,WildChat,b769c07a08467695c0b430033935e6ca4074520f496d2d2fea2273c4b61124d7,29,266,0.5977,1,5.0,4.0,4.5,0.31166666666666665,0.16666666666666666,2.3695833333333334,1.0,4.0,4.051070029997129,3.888888888888889,0.9444444444444444,0.0,1.0,0.0,232.1876374,nan,0.0,0.0,nan
65,LMSYS,36aa45f0b410928fa1fa61a18ad9f0c79ada566db58903e01e8701fdc4194ad8,22,239,0.7071,1,4.0,3.0,3.5,0.11,0.0,1.7775,1.0,4.0,4.0933322707263855,4.444444444444444,0.9722222222222222,0.0,1.0,0.0,214.2069619,nan,0.0,0.0,nan
66,LMSYS,4be89ab8e72e1645fa944a73c3ef934923f250421a394a1c20b0cfe9db8f7837,72,168,0.7679,1,4.0,3.3333333333333335,3.666666666666667,0.3,0.0,1.9083333333333332,0.9583333333333334,4.666666666666667,4.8711329778292445,4.444444444444444,0.9722222222222222,0.03703703703703697,1.0,0.0,166.0270763,nan,0.0,0.0,nan
67,LMSYS,414e9aa29ae841a2bff6040a96c5abca9c4e7f3ee6625848c28d0cb2cd082148,34,1,1.0,1,5.0,4.333333333333333,4.666666666666666,0.33666666666666667,0.16666666666666666,2.4591666666666665,0.9583333333333334,2.0,2.4658660964139036,4.555555555555555,0.9722222222222222,0.0,1.0,0.0,120.2698411,nan,0.0,0.0,nan
68,ifeval,304f01ff91e1852e4d45e3463167ee96a79c712767f104834cc3c37200904f5b,21,1,1.0,1,4.0,3.0,3.5,0.27166666666666667,0.16666666666666666,1.8595833333333334,1.0,4.0,4.465866096413904,3.0,0.9444444444444444,0.25,1.0,0.0,111.2460037,nan,1.0,1.0,1.0
69,LMSYS,ffe5a12d06bdf9ece4b213dcf2e1ea05f145c6982dbbf0e949446a44bb3b3a02,67,129,0.6357,1,4.333333333333333,3.3333333333333335,3.833333333333333,0.4666666666666667,0.16666666666666666,2.075,0.9166666666666666,4.0,4.265511769993726,5.0,1.0,0.0,1.0,0.0,225.5931524,nan,0.0,0.0,nan
70,LMSYS,094cc55a41857386003d95f66d8f94725133dcfaef057c3ebafdc7067239a70c,28,477,0.5367,1,3.0,1.6666666666666667,2.3333333333333335,0.14,0.0,1.2016666666666667,0.9583333333333334,4.0,3.7207984450388674,4.444444444444444,0.9166666666666666,0.0,1.0,0.0,334.7052623,nan,0.0,0.0,nan
71,ifeval,c9ca873a89569599421b2c170adde62e99bfd2c906ee1a0bc729b68dc6b9cd29,56,33,0.6667,1,4.333333333333333,3.3333333333333335,3.833333333333333,0.2966666666666667,0.16666666666666666,2.0325,0.9166666666666666,4.666666666666667,5.0,3.2222222222222228,0.9444444444444444,0.8148148148148149,1.0,0.0,113.2212761,nan,1.0,1.0,1.0
72,LMSYS,7a70c0bce05f01806063862221bd198141862e0769da894f22bf1e9b012ff26d,93,2,1.0,1,3.3333333333333335,3.6666666666666665,3.5,0.3,0.0,1.825,0.9166666666666666,3.6666666666666665,4.130967494905413,4.0,0.9444444444444444,0.9166666666666666,1.0,0.0,120.010801,nan,0.0,0.0,nan
73,LMSYS,afc740d021d6d06665cbd3af9b744fd3ecc0d9b5eec7c97cf7ac29885a3193b8,64,610,0.5344,1,4.0,3.0,3.5,0.4666666666666667,0.16666666666666666,1.9083333333333332,1.0,4.0,3.512617777742901,3.9999999999999996,0.9444444444444444,0.0,1.0,0.0,533.453425,nan,0.0,0.0,nan
74,LMSYS,d557f8f7c90e3d531142ab6d85eb44e7b49099f437edc048eaa029958b8bde73,24,632,0.5617,1,3.0,2.0,2.5,0.12,0.0,1.28,1.0,4.666666666666667,4.1448485445561,3.9999999999999996,0.9444444444444444,0.03703703703703697,1.0,0.0,411.2318524,nan,0.0,0.0,nan
75,WildChat,37f906d313b755152a201498db3eaa090bcd6cb788a105f1fd8839885fefa924,122,604,0.5017,1,3.0,3.3333333333333335,3.166666666666667,0.16666666666666666,0.16666666666666666,1.6666666666666667,0.9583333333333334,4.666666666666667,4.188676053460513,5.0,1.0,0.14814814814814828,1.0,0.0,489.7727053,nan,0.0,0.0,nan
76,WildChat,b82f280b6e0b6b39f3e5cd3c5da04c43e700a51db3a8daae1794115e947a6aea,68,1316,0.304,1,4.0,3.0,3.5,0.6333333333333333,0.3333333333333333,1.9916666666666667,1.0,5.0,3.407538446081607,4.333333333333333,0.9444444444444444,0.0,1.0,0.0,864.6147785,nan,0.0,0.0,nan
77,WildChat,2bb10affc72b64c50eeb56b54c0e9912d791cae1b72a8c20086953f21c802f8d,58,491,0.5703,1,3.6666666666666665,3.3333333333333335,3.5,0.29,0.0,1.8225,0.9166666666666666,5.0,4.69888469058666,4.666666666666667,1.0,0.0,1.0,0.0,319.9314182,nan,0.0,0.0,nan
78,LMSYS,19cbf4bc65d332202e62be496ee5f2082989a141c2c9d1be5ab32593f99cc50b,351,22,0.9091,1,4.0,3.0,3.5,0.16666666666666666,0.16666666666666666,1.8333333333333333,1.0,3.3333333333333335,3.766328798068927,4.777777777777778,0.9722222222222222,0.03703703703703707,1.0,0.0,236.2828314,nan,0.0,0.0,nan
79,ifeval,a3facb548607e28245807b333b1a1e51e84f9f8c056a87bd9d9fa7c2f0cb706d,20,299,0.6187,1,4.0,3.0,3.5,0.0,0.0,1.75,1.0,5.0,4.999416180216927,5.0,1.0,0.11111111111111122,1.0,0.0,246.1826206,nan,3.0,3.0,1.0
80,WildChat,36f155d3cc4de4601033d1d421aa26736b4d208734ce3876cae3567db624e7f1,189,253,0.6759,1,4.666666666666667,4.0,4.333333333333334,0.4666666666666667,0.16666666666666666,2.325,0.9583333333333334,5.0,5.0,4.333333333333333,0.9444444444444444,0.02777777777777773,1.0,0.0,209.6376762,nan,0.0,0.0,nan
81,WildChat,3289905c4e0c40506b361ca363bfc5cc148d9d27358542cfbcc65598b54240e2,34,711,0.3319,1,4.0,3.0,3.5,0.17,0.0,1.7925,1.0,5.0,4.354525692051979,3.888888888888889,0.9444444444444444,0.02777777777777773,1.0,0.0,564.0971594,nan,0.0,0.0,nan
82,LMSYS,c4b250fe92d8e4cc4f891edac3395065daf447a4a762a4e1d1bc2692fa217e6f,78,239,0.7029,1,4.666666666666667,4.0,4.333333333333334,0.3,0.0,2.2416666666666667,0.9583333333333334,4.666666666666667,4.7599989373930525,3.777777777777778,0.9722222222222222,0.05092592592592596,2.0,1.0,222.0603863,nan,0.0,0.0,nan
83,LMSYS,ee73890d51c5e00673c0159695bf8d27d24a6a9125314255db98a6e9a05dcf08,278,94,0.7979,1,3.0,2.6666666666666665,2.833333333333333,0.31666666666666665,0.16666666666666666,1.5375,0.8333333333333334,4.0,4.320296156124243,3.0,1.0,0.0,1.0,0.0,214.775602,nan,0.0,0.0,nan
84,LMSYS,2e2b882ed98038861eea4ec4ba21fca0bfca1bff49aff189f8679bb744a44288,45,74,0.7568,1,4.333333333333333,3.3333333333333335,3.833333333333333,0.5583333333333333,0.3333333333333333,2.1395833333333334,0.9166666666666666,4.0,4.351601519627396,4.0,0.9166666666666666,0.0,1.0,0.0,161.3136346,nan,0.0,0.0,nan
85,LMSYS,93299a13c619d0c9aede802b004c9cb8f0431a24772044e4bc9b17f30d9edd58,247,14,0.7857,1,4.0,3.0,3.5,0.6499999999999999,0.5,2.0375,1.0,2.0,2.4455176101368545,3.3333333333333335,0.75,0.0,1.0,0.0,200.2031172,nan,0.0,0.0,nan
86,WildChat,3c61fa5e944d3b9b770ec7afa26414dfd3b989b3723a9b987e6f96b14ac92cb1,225,424,0.5354,1,3.6666666666666665,3.3333333333333335,3.5,0.4833333333333333,0.3333333333333333,1.9541666666666666,0.9166666666666666,5.0,4.803757658322222,3.6666666666666665,1.0,0.11111111111111122,1.0,0.0,597.9856681,nan,0.0,0.0,nan
87,LMSYS,654c7fc729ea02d6d7e72578bae09cc48639a660010cdf5525de226a1306bd0d,49,628,0.4475,1,3.0,2.0,2.5,0.4116666666666666,0.16666666666666666,1.3945833333333333,1.0,4.0,3.4844429505900636,3.6666666666666665,1.0,0.027777777777777724,1.0,0.0,589.9698819,nan,0.0,0.0,nan
88,WildChat,d7229b62865c972e9df71f8ad9452cfbca4c8081a6948803a775e6f71740d0e9,134,813,0.5498,1,3.0,2.0,2.5,0.8,0.5,1.575,1.0,5.0,4.1948683381859,4.333333333333333,1.0,0.027777777777777724,1.0,0.0,625.1356742,nan,0.0,0.0,nan
89,WildChat,e8f0da251074bd90f85bb33779316f25e27540177d121aabb1841ad30e047cfa,95,322,0.4255,1,3.0,2.0,2.5,0.3,0.0,1.325,1.0,4.0,3.9634150121883014,4.333333333333333,0.8611111111111112,0.0,1.0,0.0,324.1114762,nan,0.0,0.0,nan
90,ifeval,fc6c76b3c320283aeb150f2021399b1887b1f68e6f03a81815d230548627bb06,17,567,0.5644,1,4.666666666666667,4.666666666666667,4.666666666666667,0.25166666666666665,0.16666666666666666,2.4379166666666667,0.9166666666666666,5.0,4.57992430927468,4.444444444444444,0.9722222222222222,0.02777777777777773,1.0,0.0,321.2276343,0.0,1.0,0.0,1.0
91,LMSYS,0f13e31a1c4129347d42bb7a1523836c076717dc2e5ad425a0eb9313de3d6d71,404,302,0.6093,1,4.0,3.0,3.5,0.6333333333333333,0.3333333333333333,1.9916666666666667,1.0,4.0,3.994720375691454,4.000000000000001,0.9444444444444444,0.0,1.0,0.0,356.7082594,nan,0.0,0.0,nan
92,WildChat,2d96e106d2ad20d7e36e7330c470a0731015b880a46bc737f8f7da9fd2b2b99c,312,177,0.6949,1,4.0,3.0,3.5,0.3,0.0,1.825,1.0,4.333333333333333,4.523712230919492,4.555555555555556,0.9166666666666666,0.07407407407407414,1.0,0.0,236.6021182,nan,0.0,0.0,nan
93,WildChat,655861dd337cf4268a2243790f1f162bdcebc828c9e28108005a57c52cf6cd81,284,605,0.5702,1,3.0,2.0,2.5,0.16666666666666666,0.16666666666666666,1.3333333333333335,1.0,4.666666666666666,4.1871107852853555,4.111111111111111,0.9722222222222222,0.03240740740740745,2.0,0.0,482.2165151,nan,0.0,0.0,nan
94,WildChat,fe3bee283b73514ab6dee1ea4ff44a210f919251dad8b3e24478d88a01b08ce9,484,740,0.3432,1,4.333333333333333,3.3333333333333335,3.833333333333333,0.6333333333333333,0.3333333333333333,2.158333333333333,0.9166666666666666,3.0,2.309132914972408,3.8888888888888893,0.9722222222222222,0.0625,1.0,0.0,789.760834,nan,0.0,0.0,nan
95,LMSYS,6b3ed26e0f41b6f02b9ce36cf8baf41935f4c37de2002abfc7e9289610762d01,63,1,1.0,1,3.0,2.0,2.5,0.3,0.0,1.325,1.0,3.6666666666666665,4.132532763080571,1.3333333333333333,1.0,0.6666666666666666,1.0,0.0,116.5061389,nan,0.0,0.0,nan
96,WildChat,6bb6de7d60ad76c4514f98644391db487cb724f7b38e44101bab0c5a77fb8464,21,608,0.5576,1,4.0,3.0,3.5,0.105,0.0,1.77625,1.0,5.0,4.515748314093217,4.777777777777779,0.9444444444444444,0.0,1.0,0.0,395.4173614,nan,0.0,0.0,nan
97,LMSYS,0f32a5202feb37fe7a549cca2b13333834a361a2c04f08a304824a1f6352c62d,22,111,0.7297,1,4.0,3.0,3.5,0.11,0.0,1.7775,1.0,4.0,4.293686597146563,5.0,1.0,0.0,1.0,0.0,156.818421,nan,0.0,0.0,nan
98,WildChat,544d49a7da940ee5249c8823247db37ead5613d816f9cd088f9132b965c440e2,295,559,0.6547,1,5.0,4.0,4.5,0.3,0.0,2.325,1.0,5.0,4.59244645467594,4.666666666666667,0.9444444444444444,0.0,1.0,0.0,497.0540337,nan,0.0,0.0,nan
99,ifeval,8e4854a4861e2f4f8981103119bf1a473fff6b1c03d294e6c0b1b79d217f27d9,69,174,0.7069,1,4.0,3.0,3.5,0.6333333333333333,0.3333333333333333,1.9916666666666667,1.0,4.0,4.195074702111632,3.4444444444444446,0.9722222222222222,0.0,1.0,0.0,172.3038943,0.5,2.0,0.0,1.0
100,LMSYS,984bb4f78ffe03178b3f73b3c48029005f2c8f1f824449edfe2c4f9c6577128d,221,29,0.7241,1,4.333333333333333,3.3333333333333335,3.833333333333333,0.6333333333333333,0.3333333333333333,2.158333333333333,0.9166666666666666,4.0,4.42203858750949,4.333333333333333,1.0,0.0,1.0,0.0,203.0183557,nan,0.0,0.0,nan
101,LMSYS,ac1e8680c85295433d279a26cc08556040fd7f07ce1d0cafa331ea9ccf3332a7,169,315,0.6159,1,4.0,3.0,3.5,0.3,0.0,1.825,1.0,4.0,3.974371889414405,3.6666666666666665,1.0,0.0,1.0,0.0,295.6646733,nan,0.0,0.0,nan
102,WildChat,28303cb9e2b114cfb2a3428c39e32cf5bb5511fcf194e955a61dbf11aa64c8c2,704,29,0.9655,1,4.0,3.0,3.5,0.033333333333333326,0.3333333333333333,1.8416666666666666,1.0,2.0,2.4220385875094896,1.3333333333333333,1.0,0.0,1.0,0.0,346.1870118,nan,0.0,0.0,nan
103,LMSYS,cec463de1853fa724d45a9b59eea8d5de39362cc0e25ec58cc8fa326bfe98931,36,96,0.6146,1,3.0,4.0,3.5,0.18,0.0,1.795,1.0,4.0,4.317165619773928,4.555555555555556,0.9722222222222222,0.027777777777777804,1.0,0.0,172.1499109,nan,0.0,0.0,nan
104,WildChat,60aec042d06f5bb975ef70716bd40eb9d22a5701515d3d27d733c80c7197dbba,377,531,0.5518,1,3.6666666666666665,3.3333333333333335,3.5,0.3,0.0,1.825,0.9166666666666666,4.333333333333333,3.9696072969136877,4.0,0.9166666666666666,0.07407407407407414,1.0,0.0,533.9563938,nan,0.0,0.0,nan
105,ifeval,d789b91d0a98980f27e0014f2e25a17201d040708bac2f43010dc77d5cb65262,48,233,0.7039,1,4.0,3.0,3.5,0.74,0.5,2.06,1.0,4.0,4.102723879777331,4.333333333333333,1.0,0.03703703703703697,1.0,0.0,212.9742761,0.5,3.0,1.0,1.0
106,WildChat,7f65fb7d2e18975ea345effdfd73f4c45d49fdfeb148a109c4fff23637113ba3,827,46,0.8696,1,4.0,3.0,3.5,0.18333333333333335,0.3333333333333333,1.8791666666666667,1.0,2.6666666666666665,3.0620956951984764,3.6666666666666665,1.0,0.03703703703703707,1.0,0.0,321.0116258,nan,0.0,0.0,nan
107,WildChat,a9a956e3fb8ff897ab518d62cca5c1b960fcaea0a429e3b170cc9488c88fd15b,184,112,0.8214,1,4.0,3.3333333333333335,3.666666666666667,0.3,0.0,1.9083333333333332,0.9583333333333334,4.0,4.2921213289714055,4.333333333333333,1.0,0.0,1.0,0.0,172.5119187,nan,0.0,0.0,nan
108,LMSYS,70d920e1f39520ab802d2236a6e4db87bcdec6562c3c9899d24188b0ea774472,189,20,0.9,1,4.0,4.666666666666667,4.333333333333334,0.3,0.0,2.2416666666666667,0.9583333333333334,4.0,4.436126001085909,3.888888888888889,0.8888888888888888,1.0,1.0,0.0,137.4641909,nan,0.0,0.0,nan
109,LMSYS,4420268361829ef58fcf827e456b38660b150095841be22d8ebf4d1018820fe4,203,36,0.9167,1,4.666666666666667,3.6666666666666665,4.166666666666667,0.15,0.0,2.1208333333333336,0.9166666666666666,3.3333333333333335,3.74441504361672,4.666666666666667,1.0,0.17592592592592596,1.0,0.0,141.8420767,nan,0.0,0.0,nan
110,ifeval,99ca25b154ed2bded0e5260b6144517b13bb44afeb58773563110e75ba7d9c10,34,99,0.8384,1,4.0,3.0,3.5,0.5033333333333333,0.3333333333333333,1.9591666666666667,1.0,4.0,4.3124698152484555,4.333333333333333,1.0,0.0,1.0,0.0,146.4586154,nan,2.0,2.0,1.0
111,WildChat,9b0309d3210737eba31b9c48044a0cee7ad2c4582db4a753f99907ece20c903b,35,46,0.9348,1,4.0,3.0,3.5,0.024999999999999994,0.0,1.75625,1.0,4.0,4.39542902853181,4.666666666666667,1.0,0.027777777777777807,1.0,0.0,117.3571469,nan,0.0,0.0,nan
112,ifeval,32a4eef076e2351f36f448411bc3a25639e7dae59416d129497d3cc14168881e,31,140,0.8214,1,4.0,3.0,3.5,0.155,0.0,1.78875,1.0,4.0,4.2482938200669915,3.7777777777777772,0.9722222222222222,0.11111111111111122,1.0,0.0,167.1045423,nan,1.0,1.0,1.0
113,LMSYS,611b538a9ac48004787c8c9416e7854d4d5ebb09eb765f31cd95d0840183fb77,197,148,0.6757,1,4.0,3.6666666666666665,3.833333333333333,0.3333333333333333,0.3333333333333333,2.0833333333333335,0.9583333333333334,3.0,3.2357716746657306,3.6666666666666665,1.0,0.25,1.0,0.0,206.7073792,nan,0.0,0.0,nan
114,WildChat,c4d6866ae37d033be9abab7bb2087573ca5d61ea100476532bb352f3721d0023,51,598,0.5903,1,4.0,3.0,3.5,0.755,0.5,2.0637499999999998,1.0,4.666666666666667,4.19806766251146,4.333333333333333,0.9166666666666666,0.17592592592592596,1.0,0.0,373.1229392,nan,0.0,0.0,nan
115,LMSYS,36df934b1d68684e31ccf7ae63ecdad4f0942a4af381c9357bd44c49b43c6714,246,179,0.676,1,4.0,3.0,3.5,0.4666666666666667,0.16666666666666666,1.9083333333333332,1.0,4.666666666666667,4.853915027902511,4.222222222222222,0.8888888888888888,0.027777777777777724,1.0,0.0,232.9249173,nan,0.0,0.0,nan
116,LMSYS,95ad201ed5217fb71c3ebae29abff42e9370a7fd09de27232143c4d8be18c6f4,313,294,0.6361,1,3.6666666666666665,3.3333333333333335,3.5,0.4666666666666667,0.16666666666666666,1.9083333333333332,0.9166666666666666,4.0,4.007242521092715,3.6666666666666665,1.0,0.027777777777777724,1.0,0.0,318.9262887,nan,0.0,0.0,nan
117,WildChat,df4c601353a7d353ad04d21d3c831be13146f50c1925a136a55833a46058974d,172,183,0.6995,1,4.0,3.0,3.5,0.4666666666666667,0.16666666666666666,1.9083333333333332,1.0,4.0,4.1809872885352135,3.6666666666666665,1.0,0.0,1.0,0.0,216.8941846,nan,0.0,0.0,nan
118,WildChat,4aa1092aee52c571ae15586810ad1e69c1f2c9f8b59b85d0ac323c5ee5d53b08,442,479,0.5428,1,5.0,4.0,4.5,0.3333333333333333,0.3333333333333333,2.416666666666667,1.0,4.0,3.717667908688552,3.7777777777777772,0.9722222222222222,0.0,1.0,0.0,411.8044652,nan,0.0,0.0,nan
119,ifeval,7466fe4496c51d30f9e3a648e79d31d15bad49126b64565ae53bdb83799378ad,31,233,0.5751,1,4.666666666666667,4.333333333333333,4.5,0.155,0.0,2.2887500000000003,0.9166666666666666,4.0,4.102723879777331,4.333333333333333,1.0,0.0,1.0,0.0,231.1799027,nan,1.0,1.0,1.0
120,ifeval,37894ff5222733daa10da0026ac43f09ea9ec2119d5fc0d70c537daf240318f3,30,82,0.8049,1,4.0,3.0,3.5,0.31666666666666665,0.16666666666666666,1.8708333333333333,1.0,4.333333333333333,4.672412707559468,3.6666666666666665,1.0,0.07407407407407414,1.0,0.0,141.8518677,0.0,2.0,1.0,1.0
121,WildChat,e2d01d0a9e7b4b6431c8b68507657e5c24a8e9b8e32921926931d619da8dd300,452,939,0.4675,1,3.0,4.0,3.5,0.4666666666666667,0.16666666666666666,1.9083333333333332,1.0,5.0,3.997644548116037,3.6666666666666665,1.0,0.02777777777777773,1.0,0.0,1231.000256,nan,0.0,0.0,nan
122,WildChat,49d9c2d568491ee36376fa6c72aa7da85fbff9514acdfcccd63286d03ae15839,131,856,0.5456,1,3.0,2.0,2.5,0.8,0.5,1.575,1.0,5.0,4.127561806654121,4.666666666666667,1.0,0.0,1.0,0.0,546.9129566,nan,0.0,0.0,nan
123,WildChat,db07ea1b393fa5e5c6133d20a572983dbca581e8a0de821fba680351c7f782b9,250,593,0.5616,1,4.0,3.0,3.5,0.4666666666666667,0.16666666666666666,1.9083333333333332,1.0,4.333333333333333,3.872560670053914,4.333333333333333,1.0,0.10185185185185197,1.0,0.0,495.6753312,nan,0.0,0.0,nan
124,LMSYS,0b3930dc4118daf2f0ee84390e88cd6418ec3e2aa5b033b7191f3d181318b2a4,98,190,0.7,1,3.0,2.3333333333333335,2.666666666666667,0.4666666666666667,0.16666666666666666,1.4916666666666667,0.9583333333333334,4.0,4.17003041130911,3.6666666666666665,1.0,0.0,1.0,0.0,216.3458972,nan,0.0,0.0,nan
125,LMSYS,9de2c46b5663f89a776ec0965647deff531a30ebc7a86b2f5f9aa2b31af43e93,418,68,0.8676,1,3.0,2.0,2.5,0.0,0.0,1.25,1.0,4.0,4.360993128678342,4.333333333333333,1.0,0.027777777777777724,1.0,0.0,218.4533746,nan,0.0,0.0,nan
126,LMSYS,4784d1d19ad571714f814030e61abb542800306fb8bafdf415658324044990e4,64,145,0.4828,1,4.666666666666667,3.6666666666666665,4.166666666666667,0.3,0.0,2.158333333333333,0.9166666666666666,3.3333333333333335,3.5738008125245373,4.0,1.0,0.07407407407407404,1.0,0.0,172.3187601,nan,0.0,0.0,nan
127,WildChat,1542a862657bf6e568524e5d5e5792bce5b4bd55f537563d7c0699c88f095646,173,242,0.5,1,4.0,3.0,3.5,0.4666666666666667,0.16666666666666666,1.9083333333333332,1.0,4.666666666666667,4.75530313286758,4.555555555555556,0.9722222222222222,0.17592592592592596,1.0,0.0,264.7495698,nan,0.0,0.0,nan
128,LMSYS,61e238ad4167fb73fe27ee897ff546c545590b675c26da94928debe14f359892,37,469,0.5949,1,4.0,3.0,3.5,0.3516666666666667,0.16666666666666666,1.8795833333333334,1.0,4.0,3.7333205904401283,4.666666666666667,0.9166666666666666,0.0,1.0,0.0,330.0556523,nan,0.0,0.0,nan
129,WildChat,948276ceba14418324e63da302308f19e8c162c564f71ae79c80374b5ab09032,56,390,0.6615,1,4.0,3.0,3.5,0.13000000000000003,0.0,1.7825,1.0,4.0,3.8569767762775817,4.444444444444445,0.9444444444444444,0.03703703703703697,1.0,0.0,297.8609894,nan,0.0,0.0,nan
130,WildChat,71c7586dd3ce52ba32e12e44b4a6f01c7c4892bbf6cc5a3361bef00c3978668d,58,247,0.6761,1,4.0,3.0,3.5,0.13999999999999999,0.0,1.785,1.0,5.0,5.0,4.777777777777778,0.9722222222222222,0.0,1.0,0.0,206.0719895,nan,0.0,0.0,nan
131,LMSYS,272b27baa0792dac96cccb9a8d1a3ef9ff3eab04ad7db851fde1875b3de7ce7e,188,52,0.7308,1,4.0,3.0,3.5,0.4833333333333333,0.3333333333333333,1.9541666666666666,1.0,2.3333333333333335,2.7193707528141977,3.7777777777777772,0.9722222222222222,0.03703703703703697,1.0,0.0,168.5945272,nan,0.0,0.0,nan
132,LMSYS,8fce2e19b20ad8194c54e43a064d67b9012be1e11a7b1a1901313ff248744c09,457,76,0.8026,1,2.6666666666666665,2.3333333333333335,2.5,0.4833333333333333,0.3333333333333333,1.4541666666666666,0.9166666666666666,5.0,5.0,3.444444444444444,0.9444444444444444,0.0,1.0,0.0,274.9045857,nan,0.0,0.0,nan
133,WildChat,f528f7daa9c3c18804f61a5d858044faaa4427215240ef4aa16228c28709f651,143,192,0.7344,1,3.6666666666666665,3.3333333333333335,3.5,0.18333333333333335,0.3333333333333333,1.8791666666666669,0.9166666666666666,4.333333333333333,4.500233208292127,3.6666666666666665,1.0,0.0,1.0,0.0,298.0450091,nan,0.0,0.0,nan
134,LMSYS,ee6d3c3fccd00417cb34c98731ed19e2030e88b7a1fed90d32182bdf18710d19,28,241,0.6971,1,3.0,2.0,2.5,0.14,0.0,1.2850000000000001,1.0,5.0,5.0,4.666666666666667,1.0,0.02777777777777773,1.0,0.0,194.7319882,nan,0.0,0.0,nan
135,ifeval,db0983debca0027252d6f883c8ee4b190fdecdcc0578627c48a52f84d1d5e16b,21,35,1.0,1,3.0,2.0,2.5,0.27166666666666667,0.16666666666666666,1.3595833333333334,1.0,3.0,3.412646978458544,4.666666666666667,1.0,0.11111111111111105,1.0,0.0,104.0906569,nan,1.0,1.0,0.0
136,WildChat,4907597cc7956c0719ede647c7da7a9cd90578f4ac03db6329de19ac0aa068d9,351,465,0.5591,1,4.0,3.0,3.5,0.3,0.0,1.825,1.0,5.0,4.739581663140759,3.6666666666666665,1.0,0.0,1.0,0.0,681.1811325,nan,0.0,0.0,nan
137,LMSYS,daf368db6c5d9721914f593f53094013934a2533f1f832693a0ffa34b6d884eb,71,726,0.4573,1,3.0,4.0,3.5,0.3,0.0,1.825,1.0,4.333333333333333,3.664380002757948,4.333333333333333,0.9444444444444444,0.03703703703703697,1.0,0.0,516.1004957,nan,0.0,0.0,nan
138,WildChat,35d639d5ab0561feb27c9ee0bb0e906d6e873ca32d0ed18be276087e1c3a87df,147,707,0.5757,1,3.0,2.0,2.5,0.8,0.5,1.575,1.0,5.0,4.36078676475261,3.6666666666666665,0.9444444444444444,0.0,1.0,0.0,516.7632423,nan,0.0,0.0,nan
139,LMSYS,c9cd556d8ee2760bc50d3a3c236e58b3ed620d5620f791d43dc8bda5353d7537,83,86,0.7674,1,4.0,3.0,3.5,0.6333333333333333,0.3333333333333333,1.9916666666666667,1.0,4.0,4.332818301525505,4.444444444444444,0.9166666666666666,0.25,1.0,0.0,146.3006746,nan,0.0,0.0,nan
140,WildChat,3b6b89cb068c6fe0863eac6eca6d74001cc6de6e8886946a7baaab71a58477a0,108,64,0.8438,1,4.666666666666667,3.6666666666666665,4.166666666666667,0.4666666666666667,0.16666666666666666,2.2416666666666667,0.9166666666666666,4.333333333333333,4.700587534712305,4.333333333333333,1.0,0.027777777777777724,1.0,0.0,358.4904678,nan,0.0,0.0,nan
141,ifeval,447e748ee93b3b57badd257c4fce96b051678fb9ee885d45f131be7e4b00f283,25,471,0.6412,1,4.0,3.0,3.5,0.4583333333333333,0.3333333333333333,1.9479166666666667,1.0,5.0,4.730190054089813,4.555555555555556,0.9722222222222222,0.0,1.0,0.0,337.7380603,nan,2.0,2.0,1.0
142,WildChat,2c7e8215480a263b8dc87c2e78dabdf29517d2e537c44145a144b321d50ff17b,409,802,0.4539,1,4.0,3.0,3.5,0.31666666666666665,0.16666666666666666,1.8708333333333333,1.0,5.0,4.212086288112634,3.6666666666666665,1.0,0.0,1.0,0.0,620.9317451,nan,0.0,0.0,nan
143,LMSYS,cf5e4b794072e134246c93da629612584f944fb73ad519e4cecdb2ca8aadefef,110,1,1.0,1,4.333333333333333,3.3333333333333335,3.833333333333333,0.4666666666666667,0.16666666666666666,2.075,0.9166666666666666,2.6666666666666665,3.13253276308057,3.6666666666666665,0.9444444444444444,0.29629629629629634,1.0,0.0,128.7370922,nan,0.0,0.0,nan
144,LMSYS,99a34475bdd57b5148ae95eff66d19212e3dbf2ac94c99d7394db59904a5815d,82,333,0.6847,1,4.0,3.0,3.5,0.4666666666666667,0.16666666666666666,1.9083333333333332,1.0,4.0,3.946197062261567,4.666666666666667,0.9444444444444444,0.027777777777777724,1.0,0.0,272.0845704,nan,0.0,0.0,nan
145,WildChat,38bfef51d2619664bc3d1994af8d44fd8b95f2d11e730c12b079cf6c63bde0e9,123,979,0.5403,1,3.3333333333333335,2.3333333333333335,2.8333333333333335,0.6333333333333333,0.3333333333333333,1.6583333333333332,0.9166666666666666,5.0,3.935033821109732,3.8888888888888893,0.9444444444444444,0.0,1.0,0.0,585.8877773,nan,0.0,0.0,nan
146,LMSYS,371daddbae456b406cbd3e92389ca06c66da1ce446d85f2eb9c4bad0e24e1345,389,125,0.72,1,3.0,2.0,2.5,0.18333333333333335,0.3333333333333333,1.3791666666666667,1.0,4.0,4.271772842694356,3.6666666666666665,0.9444444444444444,0.0,1.0,0.0,299.9984833,nan,0.0,0.0,nan
147,WildChat,d0ca5c64579e3fb457a985ed01468d8368c5e15370d44aebd99cd102fc0714c6,66,1414,0.3013,1,4.0,3.0,3.5,0.6333333333333333,0.3333333333333333,1.9916666666666667,1.0,5.0,3.2541421649161584,4.555555555555556,0.9722222222222222,0.0,1.0,0.0,910.2434713,nan,0.0,0.0,nan
148,WildChat,58bafc68d77bbc7eab9b6c3302fb616d55f1d8087b3185e64ab82aae64016ea0,22,540,0.6944,1,3.0,2.0,2.5,0.11,0.0,1.2774999999999999,1.0,5.0,4.622186550003936,5.0,1.0,0.03703703703703697,1.0,0.0,423.2500791,nan,0.0,0.0,nan
149,WildChat,781aba2e9042b62f55edc67cdf11a8865bbb4389ba4bac2ec441e2df91e53331,909,291,0.6529,1,4.0,4.333333333333333,4.166666666666666,0.8,0.5,2.408333333333333,0.8333333333333333,4.0,4.011938325618188,3.888888888888889,0.9722222222222222,0.0,1.0,0.0,453.2291119,nan,0.0,0.0,nan
150,WildChat,aae005a7e7b2371207f4818f5f3f803f49e54b8b56c5b77de81acd837c63bd13,426,388,0.5979,1,5.0,4.0,4.5,0.6499999999999999,0.5,2.5375,1.0,4.333333333333333,4.19344064596123,4.888888888888889,0.9722222222222222,0.07407407407407414,1.0,0.0,340.9531196,nan,0.0,0.0,nan
151,LMSYS,ca3f6308165e8ca80c58c778be3667266588e2f8f676281e1ddaf3cd4db4dac3,40,433,0.5704,1,4.333333333333333,4.0,4.166666666666666,0.37166666666666665,0.16666666666666666,2.2179166666666665,0.9583333333333334,4.0,3.7896702447458033,4.444444444444444,0.9722222222222222,0.03703703703703697,1.0,0.0,325.0176869,nan,0.0,0.0,nan
152,WildChat,18cd0b45b2ca2ba3bd5c6c00eece31d30841fd6ccaa845a860dcab56a1b2a784,540,577,0.5893,1,4.0,3.0,3.5,0.6499999999999999,0.5,2.0375,1.0,4.666666666666667,4.23093829418977,4.111111111111112,0.9722222222222222,0.03703703703703697,1.0,0.0,929.2371186,nan,0.0,0.0,nan
153,ifeval,980c30ea355e473e680f53605ea1afc66f03fd0c221ee0143f10bffa7c5a4ee1,57,45,0.8667,1,4.0,2.3333333333333335,3.166666666666667,0.635,0.5,1.8670833333333334,0.9583333333333334,3.0,3.3969942967069677,4.555555555555555,0.9444444444444444,0.25,1.0,0.0,130.7282888,0.0,1.0,0.0,0.0
154,WildChat,245c9be827e52ed44858c9c2e2d398ddb2c8dca746057e2b2c825041ef34b32e,71,388,0.5387,1,4.0,3.0,3.5,0.4666666666666667,0.16666666666666666,1.9083333333333332,1.0,4.5,4.360107312627897,3.888888888888889,0.9444444444444444,0.006944444444444471,1.0,0.0,335.8091065,nan,0.0,0.0,nan
155,LMSYS,d39147c1a3f8999afcf6c2c74ba11b3d18b11203f4d90e23fdf08ad0dd106f74,61,122,0.7705,1,4.0,3.3333333333333335,3.666666666666667,0.8,0.5,2.158333333333333,0.9583333333333334,3.0,3.2764686472198292,4.555555555555556,0.9166666666666666,0.25,1.0,0.0,167.6109688,nan,0.0,0.0,nan
156,LMSYS,9e654a286194e3a9600d319b09bffec462331c13a2afd0eb26f1978019ff09b8,47,198,0.697,1,3.0,2.0,2.5,0.235,0.0,1.3087499999999999,1.0,4.666666666666667,4.824174932574516,3.8888888888888893,0.9722222222222222,0.17592592592592596,1.0,0.0,194.2626222,nan,0.0,0.0,nan
157,WildChat,9854ba2dd87f88156634565cb103e856a8d3869fb64bacda82a60b43f06af69c,33,80,0.95,1,5.0,4.333333333333333,4.666666666666666,0.33166666666666667,0.16666666666666666,2.4579166666666667,0.9583333333333334,4.0,4.34220991057645,3.9999999999999996,0.9444444444444444,0.11111111111111105,1.0,0.0,149.8619225,nan,0.0,0.0,nan
158,ifeval,b1f8db4eca073ed5b74e5356409a306e2db0a6a86d30246f0760c5c7d2d58c1d,39,70,0.8286,1,4.0,3.0,3.5,0.5283333333333333,0.3333333333333333,1.9654166666666666,1.0,3.0,3.3578625923280265,4.444444444444444,0.9166666666666666,0.10185185185185193,1.0,0.0,128.5813012,1.0,2.0,1.0,0.0
159,LMSYS,51bb666c302feabde4d3507d546ce4bf0f7bae3d14c22e0fc69d464e33c5a663,144,417,0.6067,1,3.0,2.0,2.5,0.8,0.5,1.575,1.0,4.0,3.8147145355483256,3.0,1.0,0.02777777777777773,1.0,0.0,308.6981107,nan,0.0,0.0,nan
160,WildChat,631ca9330aca777315bc79accbaca5620f75369786ab178dafad90135dc06bb1,260,602,0.387,1,3.0,3.3333333333333335,3.166666666666667,0.3,0.0,1.6583333333333332,0.8333333333333334,4.0,3.5251399231441622,4.111111111111112,0.9444444444444444,0.0,1.0,0.0,491.1420484,nan,0.0,0.0,nan
161,WildChat,f115d0c6e64e36dc6ae84dca926981c034716b8caa7f03db500726d4fe31e876,166,642,0.5358,1,4.0,3.0,3.5,0.4666666666666667,0.16666666666666666,1.9083333333333332,1.0,4.0,3.4625291961378566,4.333333333333333,1.0,0.0,1.0,0.0,530.6932792,nan,0.0,0.0,nan
162,WildChat,cccf91e204346e7b312816bbd2f04b0628a9c8e37e135e2b846829ef0873f122,610,1059,0.4079,1,4.333333333333333,4.0,4.166666666666666,0.8,0.5,2.408333333333333,0.9583333333333334,5.0,3.8098123670971207,3.9999999999999996,0.9444444444444444,0.10185185185185192,1.0,0.0,906.2526244,nan,0.0,0.0,nan
163,WildChat,ff88996bb101c484f16120bd2ca3cdd9e4a2db229aaf5ddff6f94d750baa890b,94,542,0.3542,1,4.0,3.0,3.5,0.3,0.0,1.825,1.0,4.666666666666667,4.285722680320288,3.6666666666666665,1.0,0.07407407407407414,1.0,0.0,778.9529951,nan,0.0,0.0,nan
164,LMSYS,5e383df9a4ff7d3ac822f1316602393473d3a89a794eb7199480d024bf2b200c,339,209,0.7081,1,3.0,2.6666666666666665,2.833333333333333,0.31666666666666665,0.16666666666666666,1.5375,0.9583333333333334,4.0,4.140290315981114,4.777777777777778,0.9722222222222222,0.027777777777777724,1.0,0.0,261.5072924,nan,0.0,0.0,nan
165,ifeval,4bfa16fe4f65a446d6019f6d0cbcbe4f11e66dd48bb97ddbf43327b8fd02c579,36,256,0.6055,1,4.0,3.0,3.5,0.38,0.5,1.97,1.0,5.0,5.0,2.777777777777778,0.9722222222222222,0.0,1.0,0.0,258.2151854,nan,2.0,2.0,1.0
166,WildChat,18cd0b45b2ca2ba3bd5c6c00eece31d30841fd6ccaa845a860dcab56a1b2a784,540,626,0.5415,1,4.0,3.0,3.5,0.6499999999999999,0.5,2.0375,1.0,5.0,4.487573486940379,4.444444444444445,0.8611111111111112,0.0,1.0,0.0,751.7551572,nan,0.0,0.0,nan
167,ifeval,6029951db38c8ea2d299a287fcf15e9bb831fbef88fab8c13381f2df033e892b,35,216,0.6759,1,4.0,3.6666666666666665,3.833333333333333,0.3416666666666667,0.16666666666666666,2.0437499999999997,0.9583333333333334,5.0,5.0,4.888888888888889,0.9722222222222222,0.027777777777777724,1.0,0.0,181.2329497,nan,1.0,1.0,1.0
168,LMSYS,bc937b32c598f3199e70f55bfb2449847a0f18986c6cd9adb92f2b3beab64269,25,129,0.6589,1,5.0,4.666666666666667,4.833333333333334,0.125,0.0,2.447916666666667,0.9583333333333334,3.0,3.2655117699937257,3.777777777777778,0.9722222222222222,0.0,1.0,0.0,155.4518237,nan,0.0,0.0,nan
169,WildChat,b61412622c2417e8af694850381b7644721ee76c6d14ba0821587766c01339b2,216,608,0.551,1,4.0,3.0,3.5,0.5,0.5,2.0,1.0,4.666666666666667,4.182414980759884,3.777777777777778,0.9722222222222222,0.03703703703703697,1.0,0.0,525.4788814,nan,0.0,0.0,nan
170,LMSYS,a6386e0d5b51ff30584a0ef24d6d117fab47352bae08db9d01e212a57ca67576,28,12,0.9167,1,4.0,3.0,3.5,0.14,0.0,1.785,1.0,2.6666666666666665,3.1153148131538364,4.111111111111112,0.9722222222222222,0.0277777777777778,1.0,0.0,108.1859742,nan,0.0,0.0,nan
171,LMSYS,c3516a66dc07d0e069ccdbc89a2fa6e1097323cf9158a4e22bd97813a00ee27e,74,616,0.5438,1,3.6666666666666665,3.3333333333333335,3.5,0.31666666666666665,0.16666666666666666,1.8708333333333331,0.9166666666666666,4.333333333333333,3.8365595020252883,4.333333333333333,0.8611111111111112,0.10185185185185197,1.0,0.0,433.666614,nan,0.0,0.0,nan
172,LMSYS,cd8ac0e48364cfbcdbd42fdf8ceb25ac320725a4c6516f0f26b47456076449cb,87,157,0.7643,1,4.0,3.0,3.5,0.4666666666666667,0.16666666666666666,1.9083333333333332,1.0,4.666666666666667,4.888350927755979,3.6666666666666665,1.0,0.10185185185185197,1.0,0.0,182.2345463,nan,0.0,0.0,nan
173,LMSYS,da7336d49a76077c7ccc5d23449c47b1c4884826e23314c7becc13d82ba57549,187,35,0.9429,1,4.0,3.3333333333333335,3.666666666666667,0.4833333333333333,0.3333333333333333,2.0375,0.9583333333333334,3.0,3.412646978458544,4.444444444444444,0.9722222222222222,0.22222222222222224,1.0,0.0,161.1030431,nan,0.0,0.0,nan
174,LMSYS,19cd8a0783fed1f7734598ee0a4bdee67dae3daf995f40a8ffc5df195ae3e060,38,416,0.6202,1,3.3333333333333335,2.3333333333333335,2.8333333333333335,0.0,0.0,1.4166666666666667,0.9166666666666666,5.0,4.816279803723483,3.6666666666666665,1.0,0.0,1.0,0.0,278.748435,nan,0.0,0.0,nan
175,WildChat,33b09aee04240440bfbf4ecc443501710a8d57f6852ac39237ef370d319f9fb7,69,550,0.3945,1,4.0,3.0,3.5,0.3,0.0,1.825,1.0,4.0,3.6065338682523596,3.7777777777777772,0.9722222222222222,0.0,1.0,0.0,406.6752506,nan,0.0,0.0,nan
176,WildChat,c7ed5d1c9c5dde9b319b1b17b7e0b0a0c4e5bb149d825192edda94aac6b11f69,77,3,1.0,1,3.0,4.0,3.5,0.5,0.5,2.0,1.0,3.0,3.4627355600635887,1.888888888888889,0.8611111111111112,0.25,1.0,0.0,354.8328495,nan,0.0,0.0,nan
177,LMSYS,7db2ff99c2b1ed74a422d05ba8a330095548e6eb00531f18f4fbd0a8b4dea1d4,24,158,0.7595,1,3.0,1.6666666666666667,2.3333333333333335,0.0,0.0,1.1666666666666667,0.9583333333333334,4.0,4.220118992914155,4.333333333333333,1.0,0.0,1.0,0.0,156.1823382,nan,0.0,0.0,nan
178,WildChat,da4ca9dfdc5606c2d6cc62e60630ade75f198e6d75b9a73e54617c95df56dc1a,50,535,0.3925,1,4.666666666666667,4.0,4.333333333333334,0.255,0.0,2.2304166666666667,0.9583333333333334,3.6666666666666665,3.2966795575463905,4.111111111111112,0.9722222222222222,0.027777777777777807,1.0,0.0,662.2320139,nan,0.0,0.0,nan
179,LMSYS,70b07a9b2f3d81f74e6488373f81d3116b20f8550114b53fa44b11cd3f8d44c7,220,173,0.6358,1,3.3333333333333335,2.6666666666666665,3.0,0.4833333333333333,0.3333333333333333,1.7041666666666666,0.9166666666666666,3.0,3.19663997028679,3.8888888888888893,0.9444444444444444,0.0,1.0,0.0,227.3204938,nan,0.0,0.0,nan
180,WildChat,40ccd79c577dd20153028f6cfeb857cb477900a2c9b06359c5ad75c3875b7ef8,25,299,0.7057,1,4.0,3.0,3.5,0.0,0.0,1.75,1.0,5.0,4.999416180216927,5.0,1.0,0.0,1.0,0.0,223.8669616,nan,0.0,0.0,nan
181,LMSYS,918dab35e1d0fc3caa4fe0161e132ac64a9d69d74f4b655c405987df6e7e5d4e,215,64,0.8125,1,4.0,3.0,3.5,0.4666666666666667,0.16666666666666666,1.9083333333333332,1.0,4.0,4.367254201378972,3.6666666666666665,1.0,0.22222222222222224,1.0,0.0,168.3607793,nan,0.0,0.0,nan
182,WildChat,df8a7319e4886cfcdeddd45949b058a0963d9f7fb995a9cc08bd93e5e7daf5dd,383,362,0.6547,1,4.0,3.3333333333333335,3.666666666666667,0.31666666666666665,0.16666666666666666,1.9541666666666666,0.9583333333333334,5.0,4.900804285181996,3.888888888888889,0.9444444444444444,0.07407407407407414,1.0,0.0,304.7715503,nan,0.0,0.0,nan
183,LMSYS,179389ddc61fbae84712ea51b8638ae5cf7a6d8c9c4673d9b442865e4c253cf8,47,40,0.95,1,3.0,2.0,2.5,0.235,0.0,1.3087499999999999,1.0,2.3333333333333335,2.7381539709160894,4.0,1.0,0.11111111111111105,1.0,0.0,128.2333258,nan,0.0,0.0,nan
184,LMSYS,65ac9e2933c3034a920e4f04a178310cfd568405905844a10657fb8fbefee8d5,148,123,0.7154,1,3.3333333333333335,4.333333333333333,3.833333333333333,0.3,0.0,1.9916666666666667,0.9166666666666666,4.0,4.274903379044671,3.6666666666666665,1.0,0.02777777777777773,1.0,0.0,284.1271888,nan,0.0,0.0,nan
185,LMSYS,8350af736e4f8761405a4b587edd96080b82699dcccdc30058ce49797cd170ca,243,365,0.5753,1,5.0,4.0,4.5,0.8,0.5,2.575,1.0,4.0,3.896108480656523,5.0,1.0,0.18518518518518515,1.0,0.0,328.8126025,nan,0.0,0.0,nan
186,ifeval,6bdd2ef6800b63953206ff95164f08cb62a349d0f54ca5c605045aa5d5b7fb2a,36,335,0.6448,1,4.0,3.0,3.5,0.6799999999999999,0.5,2.045,1.0,4.0,3.943066525911252,3.6666666666666665,1.0,0.0,1.0,0.0,286.8196376,1.0,2.0,1.0,1.0
187,ifeval,729161c3a9d1b4c29be9460fc58614be3d472a22230c9a00a2496add8f4cb4c7,27,72,0.8611,1,3.0,2.0,2.5,0.4683333333333333,0.3333333333333333,1.4504166666666667,1.0,3.6666666666666665,4.021398722644378,4.555555555555556,0.9722222222222222,0.03703703703703707,1.0,0.0,115.5310537,0.0,1.0,0.0,0.0
188,WildChat,0fb81cb7f2e65581648e05e0b0d18f6611614fdc6baf6c207fc9fd259110260d,32,385,0.5896,1,4.333333333333333,3.3333333333333335,3.833333333333333,0.16,0.0,1.9566666666666666,0.9166666666666666,4.0,3.86480311715337,3.888888888888889,0.9444444444444444,0.0,1.0,0.0,264.4245883,nan,0.0,0.0,nan
189,WildChat,0a5b0d2ef08f5b24912d976cc0ac4b2f818357386f0d27ce428ac891bca72392,78,2,1.0,1,4.0,3.0,3.5,0.8,0.5,2.075,1.0,1.0,1.4643008282387462,1.3333333333333333,1.0,0.11111111111111115,1.0,0.0,314.4172678,nan,0.0,0.0,nan
190,LMSYS,ec2d47a58e297af49e040b0f1be6d1b4d9ad83462bd14d5a79440b11816a36d1,264,88,0.7159,1,3.0,2.0,2.5,0.4833333333333333,0.3333333333333333,1.4541666666666666,1.0,4.0,4.329687765175189,4.666666666666667,1.0,0.0,1.0,0.0,186.3558546,nan,0.0,0.0,nan
191,WildChat,f367505085093abf95c56a29e66e38b3dc6b7cd1bc73f504313d6eb374cb0890,519,166,0.5783,1,4.0,3.0,3.5,0.8,0.5,2.075,1.0,4.0,4.207596847512893,4.666666666666667,0.9444444444444444,0.0,1.0,0.0,547.9970577,nan,0.0,0.0,nan
192,LMSYS,09de65f7c7bdf0be42c84f322347b4604e6d006e6e115c2f319db108a92b6274,144,54,0.9815,1,3.0,2.0,2.5,0.4666666666666667,0.16666666666666666,1.4083333333333332,1.0,2.0,2.382906883130549,4.222222222222222,0.9722222222222222,0.18518518518518512,1.0,0.0,198.237037,nan,0.0,0.0,nan
193,WildChat,44b638f8a10839ada41b17b7d5ce1cad8cef076b72b4e37da5df6b67f0a61c68,67,73,0.863,1,3.0,2.0,2.5,0.4666666666666667,0.16666666666666666,1.4083333333333332,1.0,4.0,4.353166787802554,3.6666666666666665,1.0,0.0,1.0,0.0,153.0922927,nan,0.0,0.0,nan
194,WildChat,9a62c64a10812aa440735a75c35a757919937fd66c7076e723417390bde35ea6,66,962,0.1902,1,4.0,3.0,3.5,0.6333333333333333,0.3333333333333333,1.9916666666666667,1.0,4.666666666666667,3.6283100467540788,3.6666666666666665,1.0,0.0,1.0,0.0,704.2432956,nan,0.0,0.0,nan
195,WildChat,ca57e9e74813a7770e43ad4ab3148c957408fb75d4efe73c0a56b81ec5444883,454,7,1.0,1,4.0,3.0,3.5,0.8,0.5,2.075,1.0,5.0,5.0,4.666666666666667,1.0,0.018518518518518486,2.0,1.0,400.2090444,nan,0.0,0.0,nan
196,LMSYS,cc8854e556c87bbc010eb666c3912526fb99e04f0c7aa77087765364c2938426,21,559,0.5259,1,4.0,3.0,3.5,0.105,0.0,1.77625,1.0,4.0,3.5924464546759407,4.555555555555556,0.9166666666666666,0.0,1.0,0.0,437.4096839,nan,0.0,0.0,nan
197,ifeval,ea1541c395c7924ea482286d9ecc205234beb2087a210d038f799faba506bdd5,43,5,1.0,1,5.0,4.0,4.5,0.38166666666666665,0.16666666666666666,2.3870833333333334,1.0,2.0,2.4596050237132734,2.888888888888889,0.9722222222222222,0.0,1.0,0.0,100.5124273,0.0,1.0,0.0,0.0
198,WildChat,33b0ba573fd112a97b5681882a0dc4f4fb38e67f0d612494029abc94815106ce,45,45,0.9111,1,4.0,3.0,3.5,0.5583333333333333,0.3333333333333333,1.9729166666666667,1.0,3.0,3.3969942967069677,3.6666666666666665,1.0,0.0,1.0,0.0,121.8470314,nan,0.0,0.0,nan
199,WildChat,5380ac04c0a2e1d15dd9f995092e768ce7c0b209a14fc48eeee0b921f2673c0c,635,51,0.8235,1,4.666666666666667,5.0,4.833333333333334,0.3333333333333333,0.3333333333333333,2.5833333333333335,0.9583333333333334,4.0,4.387602687656022,4.777777777777778,0.9722222222222222,0.03703703703703697,1.0,0.0,252.8206169,nan,0.0,0.0,nan
200,LMSYS,c700f7a42ecb05ddea66efd344b4babc2b16916a1d945bb86e742653691c54f6,165,244,0.6598,1,4.333333333333333,3.6666666666666665,4.0,0.18333333333333335,0.3333333333333333,2.1291666666666664,0.9166666666666666,4.0,4.085505929850597,4.222222222222222,0.9722222222222222,0.0,1.0,0.0,242.3525302,nan,0.0,0.0,nan
201,LMSYS,ca36e3f700ca0500c5f572e362a2a730ef6469779264f8ddd4b03991fa37b43b,244,108,0.7315,1,4.0,3.0,3.5,0.0,0.0,1.75,1.0,5.0,5.0,4.4444444444444455,0.9444444444444444,0.25,1.0,0.0,178.7802582,nan,0.0,0.0,nan
202,LMSYS,08307e423911b49b23d63ada42c6a777b5a687ebf82cc4e811dbfb8dcc88122a,454,168,0.6726,1,4.666666666666667,4.333333333333333,4.5,0.3333333333333333,0.3333333333333333,2.416666666666667,0.9166666666666666,4.0,4.2044663111625775,3.6666666666666665,1.0,0.0,1.0,0.0,428.4254721,nan,0.0,0.0,nan
203,LMSYS,d32275da36b6d6a3b7f534d7239a182fde9653eeaf6eccdb14a89330380cf336,247,8,1.0,1,4.0,3.0,3.5,0.3,0.0,1.825,1.0,4.0,4.4549092191878,3.222222222222222,0.8888888888888888,0.9166666666666666,1.0,0.0,269.5284447,nan,0.0,0.0,nan
204,ifeval,6800ffbf0a0e1950743bdaf3eac42b909e3760d87f37efc50b996e56cc317dd0,31,434,0.6244,1,3.0,2.0,2.5,0.4883333333333333,0.3333333333333333,1.4554166666666666,1.0,5.0,4.788104976570645,4.777777777777779,0.9444444444444444,0.027777777777777724,1.0,0.0,264.5421922,0.0,2.0,1.0,1.0
205,ifeval,ec4814a8a3c30d6b24107419c79fa0166e083b644bd57d0bbd6dca27d2cfce9c,31,279,0.7168,1,4.0,3.0,3.5,0.32166666666666666,0.16666666666666666,1.8720833333333333,1.0,4.0,4.03072154372008,5.0,1.0,0.0,1.0,0.0,277.0095191,nan,1.0,1.0,1.0
206,ifeval,b463289f3fbd006a60e6417e2e9d66c6bd9d2b6f28adda368c3cb143819016b9,14,138,0.7681,1,4.0,3.3333333333333335,3.666666666666667,0.4033333333333333,0.3333333333333333,2.0175,0.9583333333333334,4.666666666666667,4.918091023083974,4.666666666666667,1.0,0.07407407407407414,1.0,0.0,149.613007,nan,1.0,1.0,1.0
207,ifeval,9e71a8aba3f5829980cfb84701ce8daba1c7a9ea26a53bd34379bd171f89774b,40,69,0.7391,1,3.3333333333333335,3.6666666666666665,3.5,0.7,0.5,2.05,0.9166666666666666,2.6666666666666665,3.026094527169851,4.666666666666667,1.0,0.22222222222222224,1.0,0.0,152.666268,nan,2.0,2.0,0.0
208,LMSYS,4c92433bcf804b7d3f3b3b5bd21586d6162e6cc65108fef28a63bfd1b5b0b1e2,354,38,0.8684,1,4.0,3.0,3.5,0.4666666666666667,0.16666666666666666,1.9083333333333332,1.0,4.0,4.407951173933071,4.666666666666667,1.0,0.25,1.0,0.0,209.6830462,nan,0.0,0.0,nan
209,WildChat,88ba1755ceccc60fba03a646201d2be21363ae17a57c4b49ae3329234eeee50c,552,267,0.5955,1,3.6666666666666665,3.3333333333333335,3.5,0.8,0.5,2.075,0.9166666666666666,5.0,5.0,4.888888888888889,0.9722222222222222,0.0,1.0,0.0,443.3315753,nan,0.0,0.0,nan
210,ifeval,790cab5bff2650865fabe945044c68f9c23d8f9d46687141ca74c632dccc17aa,38,243,0.6337,1,4.0,3.0,3.5,0.3566666666666667,0.16666666666666666,1.8808333333333334,1.0,5.0,5.0,4.333333333333333,1.0,0.0,1.0,0.0,208.2578622,nan,2.0,2.0,1.0
211,ifeval,6db048db913362a386bc7704c9a1acde8b212d3b28b3c2f2ac83917127aa7cfb,28,54,0.8519,1,4.0,3.0,3.5,0.30666666666666664,0.16666666666666666,1.8683333333333334,1.0,2.3333333333333335,2.7162402164638824,4.666666666666667,1.0,0.10185185185185179,1.0,0.0,129.7761868,nan,2.0,2.0,0.0
212,LMSYS,8826e0ded2efabe52a9acddc803f5a6a718fafa02cf406991afff716291dfe43,142,118,0.7966,1,4.0,3.0,3.5,0.31666666666666665,0.16666666666666666,1.8708333333333333,1.0,3.3333333333333335,3.6160630532537934,2.4444444444444446,0.9166666666666666,0.027777777777777804,1.0,0.0,178.6989614,nan,0.0,0.0,nan
213,WildChat,58693b79608763728ede814904dab09f8db13bd6526d933e63e0f2b8beb28f57,628,609,0.5107,1,4.0,3.0,3.5,0.3333333333333333,0.3333333333333333,1.9166666666666667,1.0,4.0,3.5141830459180587,3.6666666666666665,1.0,0.0,1.0,0.0,608.3341995,nan,0.0,0.0,nan
214,WildChat,7a83a22c40bad9d2bc87ca6b6f5c08360aa7652ae2866fd7ecf9b6993331b49b,74,757,0.321,1,4.0,3.0,3.5,0.4666666666666667,0.16666666666666666,1.9083333333333332,1.0,5.0,4.282523355994728,3.888888888888889,0.9722222222222222,0.0,1.0,0.0,2079.3228781,nan,0.0,0.0,nan
215,LMSYS,f8f2a103719d9c2a2ccb11211f06dee539476eac1287a63e4ec1ee54837dfcb1,264,2,1.0,1,3.3333333333333335,3.6666666666666665,3.5,0.6333333333333333,0.3333333333333333,1.9916666666666667,0.9166666666666666,4.0,4.464300828238747,4.222222222222222,0.9444444444444444,1.0,1.0,0.0,229.9960626,nan,0.0,0.0,nan
216,WildChat,6f058216b42a3b62721b69ad98f4220a2ef4e154e5fe1d23a9243aaa2ebb31a4,97,335,0.609,1,4.0,3.0,3.5,0.3,0.0,1.825,1.0,4.0,3.943066525911252,4.333333333333333,1.0,0.0,1.0,0.0,322.3607742,nan,0.0,0.0,nan
217,LMSYS,041b718dc6714c76d0bf93a42116dcd40a5214086006b2cf09e918f304f322c0,26,159,0.6289,1,4.0,3.0,3.5,0.13,0.0,1.7825,1.0,4.333333333333333,4.55188705807233,4.222222222222222,0.9722222222222222,0.027777777777777724,1.0,0.0,346.1400043,nan,0.0,0.0,nan
218,LMSYS,281c0a3fbc3173cb9dfb9674febd15d30ac1e5fb6286073585f1da5426cbab6d,235,139,0.8129,1,5.0,4.0,4.5,0.6333333333333333,0.3333333333333333,2.4916666666666667,1.0,4.0,4.249859088242149,4.666666666666667,0.9444444444444444,0.0,1.0,0.0,205.4238021,nan,0.0,0.0,nan
219,LMSYS,58e96e08549fcae9c836d5aac6dfccb1eacea9ce56af8ba508b7b595ca476956,210,142,0.662,1,4.666666666666667,3.6666666666666665,4.166666666666667,0.4833333333333333,0.3333333333333333,2.2875,0.9166666666666666,4.0,4.245163283716677,4.555555555555556,0.9722222222222222,0.027777777777777804,1.0,0.0,198.5844886,nan,0.0,0.0,nan
220,LMSYS,e0bd049a89e5731d0f575b110d13783fa6f41134c94b1cd9cd8e2cc676afc7bb,424,156,0.4679,1,4.0,3.3333333333333335,3.666666666666667,0.6333333333333333,0.3333333333333333,2.075,0.9583333333333334,3.0,3.2232495292644696,3.9999999999999996,0.9444444444444444,0.027777777777777804,1.0,0.0,570.5643982,nan,0.0,0.0,nan
221,LMSYS,c773b70d1a9b61492aa204148194b69f0b8440c9473440b60cf92434075e44f7,396,283,0.6572,1,3.0,2.0,2.5,0.15,0.0,1.2875,1.0,3.6666666666666665,3.6911271376861157,3.888888888888889,0.8888888888888888,0.0277777777777778,1.0,0.0,307.9949142,nan,0.0,0.0,nan
222,LMSYS,abbf625aad4bd59e9ef7cd9c0a87b48827c9a98ba5f39804027fe13418baba28,243,233,0.6352,1,4.333333333333333,4.0,4.166666666666666,0.0,0.0,2.083333333333333,0.9583333333333334,4.0,4.102723879777331,4.0,0.9166666666666666,0.0,1.0,0.0,251.26017,nan,0.0,0.0,nan
223,LMSYS,9e9b0c4d16916c71ce7d3a6c2411f82b777cbdf9002444ed8ca93cb183b14003,254,106,0.8113,1,3.0,3.6666666666666665,3.333333333333333,0.4666666666666667,0.16666666666666666,1.825,0.9583333333333334,3.0,3.3015129380223516,4.555555555555556,0.9722222222222222,0.11111111111111105,1.0,0.0,217.9208265,nan,0.0,0.0,nan
224,LMSYS,29cae2b602096fa1c728757d08210ca11db36c1c4a6cb225677c31e13c4071b6,38,439,0.6424,1,4.0,3.0,3.5,0.19,0.0,1.7975,1.0,5.0,4.780278635694858,5.0,1.0,0.11111111111111122,1.0,0.0,282.4097724,nan,0.0,0.0,nan
225,LMSYS,b80070838917a344b086b7b1033736b90b0f7d3e7dbec72c71774fcfaab2cd54,71,198,0.6061,1,3.0,3.3333333333333335,3.166666666666667,0.4666666666666667,0.16666666666666666,1.7416666666666667,0.8333333333333334,nan,nan,4.444444444444444,0.9722222222222222,0.0,1.0,1.0,346.1444251,nan,0.0,0.0,nan
226,LMSYS,a743ead4b3f57f949bae4fa57cfa294f1d4135643282e69a0791e170ca4d605e,64,252,0.4008,1,4.666666666666667,3.6666666666666665,4.166666666666667,0.3,0.0,2.158333333333333,0.9166666666666666,5.0,5.0,4.555555555555556,0.9166666666666666,0.0,1.0,0.0,252.7146231,nan,0.0,0.0,nan
227,WildChat,a6e9239f860b51ddc9cccfac6dd4a499aac8bffc4c18412ae587e830d3b7b8b7,150,642,0.6199,1,4.666666666666667,3.6666666666666665,4.166666666666667,0.4833333333333333,0.3333333333333333,2.2875,0.9166666666666666,4.0,3.4625291961378566,4.666666666666667,1.0,0.03703703703703697,1.0,0.0,530.1110715,nan,0.0,0.0,nan
228,ifeval,eebd7451fa92b4359d61203a5611701d00e645483276e104aa3224bfedb7c16b,59,230,0.7174,1,5.0,4.0,4.5,0.46166666666666667,0.16666666666666666,2.4070833333333335,1.0,3.3333333333333335,3.440753017636138,3.6666666666666665,0.9444444444444444,0.03703703703703707,1.0,0.0,197.4566119,0.0,2.0,1.0,0.0
229,LMSYS,6ea75104ea2138ecf01a74a9bef010e6210beee5d9bf0a26c47daf6f9ebea501,23,153,0.8235,1,4.0,3.0,3.5,0.0,0.0,1.75,1.0,4.0,4.227945333789942,4.222222222222222,0.9722222222222222,0.0,1.0,0.0,155.1805273,nan,0.0,0.0,nan
230,ifeval,9cfb6688e70377ff48934ed240910e32692d521f41359756cf53d3085087ee76,32,100,0.84,1,4.0,3.0,3.5,0.4933333333333333,0.3333333333333333,1.9566666666666666,1.0,4.0,4.310904547073298,4.666666666666667,1.0,0.0,1.0,0.0,147.6188249,nan,2.0,2.0,1.0
231,WildChat,540d97ce38b7829ababffc008303a7448624a48408c01b4152ef731c0402324e,123,837,0.5771,1,3.0,2.0,2.5,0.8,0.5,1.575,1.0,4.0,3.157301901982117,3.8888888888888893,0.9444444444444444,0.027777777777777724,1.0,0.0,605.2009896,nan,0.0,0.0,nan
232,LMSYS,7d65071c18d6f8c877676a418f363e7a8890454e992126fe9e5ed95642ca0441,234,156,0.75,1,4.0,3.0,3.5,0.5,0.5,2.0,1.0,5.0,5.0,5.0,1.0,0.0,1.0,0.0,238.6702065,nan,0.0,0.0,nan
233,WildChat,0ec17925e0d11d542758e93a0f630e90e403763418d9af4e7d1db59fbea18ec5,630,112,0.7589,1,4.0,3.0,3.5,0.18333333333333335,0.3333333333333333,1.8791666666666667,1.0,3.0,3.2921213289714055,3.6666666666666665,1.0,0.0,1.0,0.0,395.8709627,nan,0.0,0.0,nan
234,WildChat,abf2da6394f81c69c05631a92bc529d1c84006b1b92a5ca7e8550209b08d80a8,676,1080,0.4602,1,5.0,4.0,4.5,0.4833333333333333,0.3333333333333333,2.4541666666666666,1.0,5.0,3.77694173541881,4.0,1.0,0.0,1.0,0.0,906.9620168,nan,0.0,0.0,nan
235,LMSYS,56251ece6d3432d371b4b44579806a3a3820655dabd36a1370789719577cf709,66,168,0.6667,1,3.0,2.0,2.5,0.3,0.0,1.325,1.0,4.0,4.2044663111625775,3.5555555555555554,0.9722222222222222,0.0,1.0,0.0,195.7651896,nan,0.0,0.0,nan
236,WildChat,5a18fca0c7d07f49a417e9be95710bdb2be627e31d505729bc08320345196c1a,26,306,0.7059,1,4.333333333333333,3.3333333333333335,3.833333333333333,0.14666666666666667,0.16666666666666666,1.995,0.9166666666666666,5.0,4.988459302990823,4.666666666666667,0.9444444444444444,0.0,1.0,0.0,236.0296412,nan,0.0,0.0,nan
237,LMSYS,b6156051aae52f10bc20499d42bc888f8fb4177b9b2834e55ba4b909a1a2bdfb,378,530,0.5887,1,3.0,2.0,2.5,0.4833333333333333,0.3333333333333333,1.4541666666666666,1.0,5.0,4.637839231755512,4.666666666666667,1.0,0.027777777777777724,1.0,0.0,497.88686,nan,0.0,0.0,nan
238,LMSYS,3443317e564f80cf6b2e07ad2f661c2716ad43e034f97044e2bc9d2120a1bd33,146,238,0.7227,1,3.0,2.0,2.5,0.15,0.0,1.2875,1.0,5.0,5.0,3.8888888888888893,0.9444444444444444,0.0,1.0,0.0,272.4266226,nan,0.0,0.0,nan
239,LMSYS,1307c4533260b43f1f347bfc0673d44b80824f8acb142796e6e5308f2c32e2ac,82,1,1.0,1,5.0,5.0,5.0,0.3,0.0,2.575,1.0,1.3333333333333333,1.7991994297472371,1.3333333333333333,1.0,0.17592592592592593,1.0,0.0,140.3472981,nan,0.0,0.0,nan
240,LMSYS,30f051fa1e59c81c99f37319b43688b33da0e991abd13ded55542dcc9da2b903,298,92,0.7717,1,4.0,4.0,4.0,0.15,0.0,2.0375,1.0,4.0,4.323426692474559,3.6666666666666665,1.0,0.027777777777777804,1.0,0.0,197.2697911,nan,0.0,0.0,nan
241,LMSYS,05fc477ceed8c7f5413e1a3180eca22a728fb552cd2fc50bc3d46d2ce6097ee3,131,96,0.8229,1,4.0,3.0,3.5,0.4666666666666667,0.16666666666666666,1.9083333333333332,1.0,4.333333333333333,4.650498953107261,5.0,1.0,0.027777777777777873,1.0,0.0,170.7917138,nan,0.0,0.0,nan
242,WildChat,89fff67acc0a8a96bc5e72aae677c990b5145159a57fa5adf76d170fcdb6541e,637,97,0.8351,1,4.333333333333333,3.3333333333333335,3.833333333333333,0.18333333333333335,0.3333333333333333,2.0458333333333334,0.9166666666666666,2.0,2.3156003515987704,3.6666666666666665,0.9166666666666666,0.11111111111111105,1.0,0.0,304.2619118,nan,0.0,0.0,nan
243,LMSYS,f6c6ffad95680864af35984588b2882861c01598089be6984d35c79f7c732486,237,2,1.0,1,4.0,3.0,3.5,0.35000000000000003,0.5,1.9625,1.0,2.3333333333333335,2.7976341615720797,4.0,1.0,0.027777777777777807,1.0,0.0,160.6652653,nan,0.0,0.0,nan
244,LMSYS,b55f4fa1790e802fd26579bb9ce209be8f79f390653c70b6c7e54d21608507bb,444,359,0.6295,1,4.0,3.0,3.5,0.0,0.0,1.75,1.0,5.0,4.905500089707469,4.5555555555555545,0.9444444444444444,0.14814814814814828,1.0,0.0,310.4453704,nan,0.0,0.0,nan
245,ifeval,48f51f4cb8aa7411ffe71a3dbffd8ad2261dd8e41bc56e352a4ff29f43e78e88,42,120,0.7083,1,4.333333333333333,3.3333333333333335,3.833333333333333,0.5433333333333333,0.3333333333333333,2.1358333333333333,0.9166666666666666,4.0,4.279599183570145,3.777777777777778,0.9722222222222222,0.0,1.0,0.0,212.9155423,nan,2.0,2.0,1.0
246,ifeval,06e1fb41da1066befe187525ed52ced10da777d82772731f401f774c741c06f9,67,33,0.9394,1,4.333333333333333,4.666666666666667,4.5,0.8,0.5,2.575,0.9166666666666666,4.666666666666667,5.0,3.6666666666666665,1.0,0.027777777777777873,1.0,0.0,119.7506559,nan,1.0,1.0,1.0
247,LMSYS,aad1d1ee0328fd68c7a038548870bbf5cc5516b403f8402838c58319d0ba7e76,219,176,0.7784,1,4.333333333333333,4.666666666666667,4.5,0.6333333333333333,0.3333333333333333,2.4916666666666667,0.9166666666666666,4.0,4.191944165761317,4.222222222222222,0.9166666666666666,0.0,1.0,0.0,218.9977963,nan,0.0,0.0,nan
248,LMSYS,49776c508f2df851ab834383d88833a8a6223ec52cee4e68e5f4597f1c6750d2,143,3,1.0,1,4.0,3.0,3.5,0.4666666666666667,0.16666666666666666,1.9083333333333332,1.0,1.0,1.4627355600635885,2.3333333333333335,0.75,0.17592592592592593,1.0,0.0,178.6205856,nan,0.0,0.0,nan
249,LMSYS,17914691742d0318e04b28d17108af74d58ed08326bff9db854a37ff83bf5de1,74,600,0.59,1,3.0,1.0,2.0,0.3,0.0,1.075,1.0,5.0,4.528270459494477,4.777777777777778,0.9444444444444444,0.0,1.0,0.0,345.2427214,nan,0.0,0.0,nan
250,LMSYS,0e2487d560c40145c15346843870fcf61ed6a696111b60b8f1012dee1bb5aa0e,90,79,0.8228,1,4.0,3.0,3.5,0.4666666666666667,0.16666666666666666,1.9083333333333332,1.0,4.333333333333333,4.677108512084941,4.444444444444444,0.9722222222222222,0.07407407407407414,1.0,0.0,151.1097411,nan,0.0,0.0,nan
251,LMSYS,8bd8e4dd12eaff63c6ac408fe15a6ec0eae3c610f501650af35f5df35e870f4f,222,52,0.7115,1,4.0,3.0,3.5,0.4666666666666667,0.16666666666666666,1.9083333333333332,1.0,2.3333333333333335,2.7193707528141977,3.8888888888888893,0.9444444444444444,0.027777777777777807,1.0,0.0,155.6633156,nan,0.0,0.0,nan
252,WildChat,033bd57d98d5cafe865a655c1a6ffd8af8de31033d151e60bc3746d30f9c46ec,86,660,0.4485,1,4.0,3.0,3.5,0.4666666666666667,0.16666666666666666,1.9083333333333332,1.0,5.0,4.434354368985019,3.6666666666666665,1.0,0.0,1.0,0.0,610.1343733,nan,0.0,0.0,nan
253,WildChat,12603962784a44703f6fb3208cb41e21232ce915205dd0bc7b377c59db5e6e7a,212,166,0.7651,1,4.0,4.333333333333333,4.166666666666666,0.8,0.5,2.408333333333333,0.9583333333333334,4.0,4.207596847512893,3.6666666666666665,1.0,0.0,1.0,0.0,238.3367047,nan,0.0,0.0,nan
254,ifeval,844750dcfbbb961f51e78c48d48fe2722445a119739d71b8c4e2e9388350ba6e,30,27,1.0,1,4.0,3.0,3.5,0.31666666666666665,0.16666666666666666,1.8708333333333333,1.0,3.0,3.425169123859805,2.3333333333333335,0.9444444444444444,0.11111111111111105,1.0,0.0,122.063745,nan,1.0,1.0,0.0
255,LMSYS,bd0fe4765d17213b0743a4d78468d7edaf916e366467659723ae38bd95c283a5,31,100,0.83,1,4.0,3.0,3.5,0.32166666666666666,0.16666666666666666,1.8720833333333333,1.0,4.666666666666667,4.977571213739965,4.444444444444444,0.9722222222222222,0.0,1.0,0.0,128.3969825,nan,0.0,0.0,nan
256,LMSYS,60b7fd0f88e1bcff77ca0fa2367412cab9c3ee72fa30726fd8d993c896333390,227,208,0.726,1,4.0,3.0,3.5,0.6333333333333333,0.3333333333333333,1.9916666666666667,1.0,4.333333333333333,4.475188917489605,3.444444444444444,0.9444444444444444,0.17592592592592596,1.0,0.0,271.3004496,nan,0.0,0.0,nan
257,WildChat,fe984a5d22a481ed2bddf279d4dd3f21e5d4d01cf0f1d257af8c5a009c844ae4,217,1133,0.3195,1,4.0,3.0,3.5,0.4666666666666667,0.16666666666666666,1.9083333333333332,1.0,4.0,2.693982522135455,3.888888888888889,0.9444444444444444,0.0,1.0,0.0,622.5393394,nan,0.0,0.0,nan
258,WildChat,41ad281c605cfcdcd99e0ea6fdab457c8e5519d5ccb8ca81b4dd77b145cd2fda,594,638,0.5643,1,3.3333333333333335,3.6666666666666665,3.5,0.3333333333333333,0.3333333333333333,1.9166666666666665,0.9166666666666666,5.0,4.468790268838487,4.333333333333333,1.0,0.03703703703703697,1.0,0.0,577.9113057,nan,0.0,0.0,nan
259,LMSYS,e572c5ddaefe247f2744ff7894229ce0ba0061a722559e8ca8abd2f88faff4d1,147,597,0.4054,1,4.0,4.0,4.0,0.6333333333333333,0.3333333333333333,2.2416666666666667,1.0,4.0,3.5329662640199504,3.6666666666666665,1.0,0.0,1.0,0.0,628.5430483,nan,0.0,0.0,nan
260,ifeval,0568c3aeee972b842d9616845e171b4f054c31c52daf593c70791da6bf84e1d0,33,139,0.7842,1,3.0,2.6666666666666665,2.833333333333333,0.4983333333333333,0.3333333333333333,1.6245833333333333,0.8333333333333334,4.0,4.249859088242149,3.888888888888889,0.9444444444444444,0.0,1.0,0.0,145.3385296,0.0,1.0,0.0,1.0
261,LMSYS,446c4538ead364e35e6cb3773c005d65cc3260f4d60a60d7f96bbd372d0aec27,143,65,0.6615,1,3.3333333333333335,3.6666666666666665,3.5,0.35000000000000003,0.5,1.9625,0.9166666666666666,4.0,4.365688933203815,3.0,1.0,0.22222222222222224,1.0,0.0,154.7916661,nan,0.0,0.0,nan
262,WildChat,976c04c0c10d738b0d1080d0f436bf0860b724df1faf184a406d372ee84899f3,217,791,0.4096,1,4.0,3.0,3.5,0.4666666666666667,0.16666666666666666,1.9083333333333332,1.0,4.0,3.229304238039368,3.6666666666666665,1.0,0.11111111111111123,1.0,0.0,398.8721579,nan,0.0,0.0,nan
263,WildChat,281bd764184c3e7dde57f0b7f3129c938b1db65ec69077463b6b8e1f3472e4b5,398,613,0.553,1,4.0,3.0,3.5,0.31666666666666665,0.16666666666666666,1.8708333333333333,1.0,4.666666666666667,4.174588639884095,3.6666666666666665,1.0,0.02777777777777773,1.0,0.0,481.3685224,nan,0.0,0.0,nan
264,LMSYS,7a8e712129e769a25fe352b0d6e6021e7cf9ea9d4726cd5811afedc4674d0c14,227,194,0.7165,1,3.6666666666666665,3.3333333333333335,3.5,0.4666666666666667,0.16666666666666666,1.9083333333333332,0.9166666666666666,4.333333333333333,4.497102671941812,4.000000000000001,0.9444444444444444,0.03703703703703697,1.0,0.0,272.5047472,nan,0.0,0.0,nan
265,LMSYS,714161388342a51653b62e3b11b09e1d9838664222e645d2a62af73b6bf86e39,106,81,0.7901,1,3.0,2.0,2.5,0.4666666666666667,0.16666666666666666,1.4083333333333332,1.0,4.0,4.340644642401292,4.333333333333333,1.0,0.03703703703703707,1.0,0.0,175.3253196,nan,0.0,0.0,nan
266,WildChat,c4edbcc903c6f566a5259589c04d0e22ab9f4968820702596938a630761c9211,449,745,0.5289,1,3.6666666666666665,3.3333333333333335,3.5,0.4833333333333333,0.3333333333333333,1.9541666666666666,0.9166666666666666,5.0,4.301306574096619,4.888888888888889,0.9722222222222222,0.0,1.0,0.0,596.578464,nan,0.0,0.0,nan
267,WildChat,e00611444cd7008f82d385b3a0a3bddf140de47d2ef2349cbf75aeb2dd219cc1,43,525,0.5981,1,4.0,3.0,3.5,0.715,0.5,2.05375,1.0,4.666666666666667,4.312332239297968,4.888888888888889,0.9722222222222222,0.03703703703703697,1.0,0.0,294.2150408,nan,0.0,0.0,nan
268,WildChat,1d13289de034e4fc46cd607361b1995bc811558f4c2c89e67ec35e78fa3e2799,109,115,0.7652,1,4.0,4.0,4.0,0.8,0.5,2.325,1.0,4.0,4.287425524445933,4.444444444444444,0.9166666666666666,0.0,1.0,0.0,179.6223788,nan,0.0,0.0,nan
269,WildChat,2e0f04737f4e4e19685a9e3b61c964cf018f8d98e93721c2ddfe15297c509a3c,504,599,0.5042,1,4.0,5.0,4.5,0.31666666666666665,0.16666666666666666,2.3708333333333336,1.0,3.3333333333333335,2.8631690610029685,5.0,1.0,0.10185185185185182,1.0,0.0,597.7129758,nan,0.0,0.0,nan
270,WildChat,1bec1e1f02b4a488d84ba601041d2e5eed19204fee9aa7a3d40e511d14985941,201,1508,0.2944,1,4.0,3.6666666666666665,3.833333333333333,0.4666666666666667,0.16666666666666666,2.0749999999999997,0.9583333333333334,3.6666666666666665,1.7736736231180068,3.7777777777777772,0.9722222222222222,0.07407407407407404,1.0,0.0,775.4316155,nan,0.0,0.0,nan
271,LMSYS,fe4057aa8ace42229da66650d94f87a3c562910e248b2df574f944d2185c451d,309,31,0.8387,1,5.0,5.0,5.0,0.5,0.5,2.75,1.0,3.0,3.4189080511591747,4.333333333333333,1.0,0.027777777777777804,1.0,0.0,197.3626341,nan,0.0,0.0,nan
272,LMSYS,ea0b950c91c53e206a244d32eb58bb7ea674e8e6a354d50f0f5b4097d64bb0ab,28,15,1.0,1,3.0,2.0,2.5,0.006666666666666682,0.16666666666666666,1.2933333333333334,1.0,5.0,5.0,4.666666666666667,1.0,0.0,1.0,0.0,95.3133691,nan,0.0,0.0,nan
273,LMSYS,196cdd31cff02724520fe51c8b2f8b54a1a9b8a566749847ee03c968063b4759,191,562,0.4858,1,3.6666666666666665,3.3333333333333335,3.5,0.3,0.0,1.825,0.9166666666666666,4.0,3.587750650150468,3.6666666666666665,1.0,0.0,1.0,0.0,494.6436805,nan,0.0,0.0,nan
274,LMSYS,a1909e3da46fbdf68dcbb656d679ce3bd0eefe1757b0e0e67011ad34116f95cb,256,40,0.8,1,5.0,4.0,4.5,0.6333333333333333,0.3333333333333333,2.4916666666666667,1.0,4.0,4.404820637582755,3.6666666666666665,1.0,0.0,1.0,0.0,242.4175836,nan,0.0,0.0,nan
275,WildChat,75166f4e4ddd2189e299cb9fa4525b881ea792b7900e7191f873d38ddd5de70f,145,179,0.7374,1,4.666666666666667,4.0,4.333333333333334,0.3,0.0,2.2416666666666667,0.9583333333333334,4.0,4.187248361235844,4.333333333333333,1.0,0.03703703703703697,1.0,0.0,238.3988144,nan,0.0,0.0,nan
276,WildChat,866b339a5921c23465a81039ef9ca552c15570f54eb068e280f0156108b1ac1b,207,633,0.5055,1,4.0,3.0,3.5,0.6333333333333333,0.3333333333333333,1.9916666666666667,1.0,4.0,3.4766166097142754,3.6666666666666665,1.0,0.0,1.0,0.0,474.4177855,nan,0.0,0.0,nan
277,LMSYS,d4610056847dad63568c23a80dd3a5d846c1e0137772c6d9a4136bf23143d38b,287,142,0.662,1,4.0,3.0,3.5,0.6333333333333333,0.3333333333333333,1.9916666666666667,1.0,2.6666666666666665,2.911829950383343,3.6666666666666665,1.0,0.027777777777777807,1.0,0.0,224.5008822,nan,0.0,0.0,nan
278,LMSYS,3039e9cbd94754a6cf46076360c63209f2a08cb70919425261b982db9f635043,145,36,0.9444,1,4.0,3.0,3.5,0.6499999999999999,0.5,2.0375,1.0,4.0,4.411081710283386,4.666666666666667,1.0,0.0,1.0,0.0,159.0979927,nan,0.0,0.0,nan
279,LMSYS,9241ae13de840edb88813d8f02c1cb81db07a489f351636ca13ff0430a5fd722,123,450,0.42,1,4.0,3.0,3.5,0.4666666666666667,0.16666666666666666,1.9083333333333332,1.0,4.333333333333333,4.0963940191014565,3.7777777777777772,0.9722222222222222,0.0,1.0,0.0,605.8115432,nan,0.0,0.0,nan
280,LMSYS,63627ca4ac9789be7d4ed998ec4ac1842937dc42970245b3fceddef20d0e3bd5,93,461,0.6963,1,4.0,3.0,3.5,0.31666666666666665,0.16666666666666666,1.8708333333333333,1.0,4.0,3.7458427358413893,4.777777777777778,0.9722222222222222,0.0,1.0,0.0,353.4413553,nan,0.0,0.0,nan
281,WildChat,09287dfdd90c315718a8a81d728b8552bf8769fc20d89b091370fbb1c7c11550,27,681,0.4141,1,4.0,3.0,3.5,0.135,0.0,1.78375,1.0,5.0,4.401483737306709,3.888888888888889,0.9444444444444444,0.02777777777777773,1.0,0.0,455.396852,nan,0.0,0.0,nan
282,LMSYS,988764b52b4718789c5dbb10a04f117a9b24c128720ce50975b43d3044a6d56d,254,663,0.5656,1,4.0,3.0,3.5,0.15,0.0,1.7875,1.0,4.333333333333333,3.762991897792879,4.111111111111112,0.9444444444444444,0.02777777777777773,1.0,0.0,523.3333278,nan,0.0,0.0,nan
283,WildChat,a008ccbc213533cc5d036e3d7d115410f9ec9d939f4eed88ab57dcf313339355,61,396,0.5985,1,3.0,2.0,2.5,0.3,0.0,1.325,1.0,4.0,3.847585167226636,3.6666666666666665,1.0,0.0,1.0,0.0,289.6475975,nan,0.0,0.0,nan
284,ifeval,1996e6cbed58feee40459d283c41513781f189e8fa0979e695c22b8f2e2a0cd3,37,306,0.7157,1,4.0,3.0,3.5,0.5183333333333333,0.3333333333333333,1.9629166666666666,1.0,3.3333333333333335,3.321792636324157,4.666666666666667,1.0,0.10185185185185182,1.0,0.0,230.3624113,nan,2.0,2.0,0.0
285,WildChat,4bd56f8cc6f8acc932a879160f08c249d386203c2a0538975f6e3d531dd82789,64,652,0.4571,1,4.0,3.0,3.5,0.6333333333333333,0.3333333333333333,1.9916666666666667,1.0,4.666666666666667,4.113543181052947,4.444444444444444,0.9722222222222222,0.22222222222222224,1.0,0.0,424.1284,nan,0.0,0.0,nan
286,LMSYS,e17dd30057fda3d7a6f881582cea1d7f189cb04e738bbe9f110bc301cebc722e,36,367,0.4196,1,3.0,2.0,2.5,0.03,0.0,1.2574999999999998,1.0,4.0,3.8929779443062076,3.6666666666666665,1.0,0.0,1.0,0.0,301.0347343,nan,0.0,0.0,nan
287,WildChat,8558a77c48874eeef6c7273804b7b0e82473993d71a61e2eb28b8f3a9b02b32a,69,313,0.6262,1,4.0,3.0,3.5,0.4666666666666667,0.16666666666666666,1.9083333333333332,1.0,5.0,4.97750242576472,4.555555555555556,0.9722222222222222,0.11111111111111122,1.0,0.0,248.488711,nan,0.0,0.0,nan
288,WildChat,5994429da2c4de8f6fcf90d2569e1052a2709424549d97dc3abfb09e39effcef,49,581,0.5628,1,4.0,3.0,3.5,0.745,0.5,2.0612500000000002,1.0,5.0,4.558010554822473,4.666666666666667,1.0,0.11111111111111122,1.0,0.0,325.4631279,nan,0.0,0.0,nan
289,ifeval,bb0712dd75375fb304ee85b994150bed909df514e62e4a40ac8b0338327d536a,15,27,0.7778,1,4.0,3.0,3.5,0.075,0.0,1.76875,1.0,3.6666666666666665,4.0918357905264715,3.6666666666666665,1.0,0.22222222222222224,1.0,0.0,96.5170512,nan,1.0,1.0,0.0
290,WildChat,edf0c0ed2860cd99ca176a511178a1ab81b38d0b96a57c59b28220b9a798381b,267,785,0.5694,1,4.0,3.0,3.5,0.3333333333333333,0.3333333333333333,1.9166666666666667,1.0,5.0,4.238695847090314,3.888888888888889,0.9722222222222222,0.0,1.0,0.0,518.7936068,nan,0.0,0.0,nan
291,WildChat,f986c3edec616680271d6773add628fd08c321392c747e6fef8da72a84624e3c,57,702,0.5228,1,4.0,3.0,3.5,0.45666666666666667,0.16666666666666666,1.9058333333333333,1.0,4.666666666666667,4.035279772295065,4.111111111111111,0.8888888888888888,0.03703703703703697,1.0,0.0,394.3291044,nan,0.0,0.0,nan
292,WildChat,763350f0edfd1141ad7aa3b1dc85c72ca07801c4d35610f20bf6ee100546fca3,26,540,0.6,1,4.0,3.0,3.5,0.135,0.0,1.78375,1.0,4.0,3.622186550003936,5.0,1.0,0.0,1.0,0.0,363.3892798,nan,0.0,0.0,nan
293,LMSYS,58e8892a5f49707ab0198d24c6b00c766e23111c512ae16a59886666115d0984,128,138,0.6087,1,4.0,3.0,3.5,0.16666666666666666,0.16666666666666666,1.8333333333333333,1.0,4.333333333333333,4.58475768975064,3.7777777777777772,0.9722222222222222,0.22222222222222202,1.0,0.0,172.1004893,nan,0.0,0.0,nan
294,WildChat,a2d9568535c44fa614020306f72dd18b892c00d7f176a36254eac80b11192148,265,548,0.5566,1,5.0,4.666666666666667,4.833333333333334,0.6333333333333333,0.3333333333333333,2.658333333333333,0.9583333333333334,5.0,4.6096644046026745,4.444444444444444,0.9722222222222222,0.03703703703703697,1.0,0.0,372.8523306,nan,0.0,0.0,nan
295,LMSYS,04c555d00085e9d0569382f5d21739da0ba0f7b06e035b1cbba22c10816dea8e,65,139,0.6906,1,4.666666666666667,3.6666666666666665,4.166666666666667,0.4666666666666667,0.16666666666666666,2.2416666666666667,0.9166666666666666,4.0,4.249859088242149,5.0,1.0,0.0,1.0,0.0,421.4932717,nan,0.0,0.0,nan
296,LMSYS,09b77baed7f2ac2adfa9082c237cde85ad61b0c7bb93f24054baea00a80d9661,232,107,0.7757,1,3.0,4.0,3.5,0.15,0.0,1.7875,1.0,3.6666666666666665,3.9666143365138606,3.3333333333333335,1.0,0.027777777777777807,1.0,0.0,200.6171452,nan,0.0,0.0,nan
297,LMSYS,608cf63cc03a65a01ab4f1540d83ad298e3fdecd293750fba209ba49b536ea2c,392,33864,0.0174,0,4.0,3.0,3.5,0.35000000000000003,0.5,1.9625,1.0,nan,nan,3.444444444444444,0.9444444444444444,nan,1.0,1.0,11199.54873,nan,0.0,0.0,nan
298,LMSYS,b0c3ffe0a1afb14f8e68abe4b3aa693d43cf990b15c395be2464c62acc22697b,133,192,0.474,1,4.0,3.0,3.5,0.31666666666666665,0.16666666666666666,1.8708333333333333,1.0,5.0,5.0,4.222222222222222,0.8888888888888888,0.07407407407407414,1.0,0.0,240.7265335,nan,0.0,0.0,nan
299,WildChat,a0c784d41d3ec2c40315000e6fb5abec81d4036af308d88123cb7d93ec19208f,201,901,0.4495,1,4.0,4.0,4.0,0.4666666666666667,0.16666666666666666,2.158333333333333,1.0,5.0,4.0571247387720275,4.111111111111111,0.8333333333333334,0.0,1.0,0.0,1061.3062113,nan,0.0,0.0,nan
300,LMSYS,f16ddf1b6aef549be2a367ecbfd1abc7a91bbccb8007cae9b1b9ead597d6e894,236,12,1.0,1,4.666666666666667,4.0,4.333333333333334,0.4833333333333333,0.3333333333333333,2.3708333333333336,0.9583333333333334,4.0,4.448648146487169,3.4444444444444446,0.8888888888888888,0.25,1.0,0.0,149.5666737,nan,0.0,0.0,nan
301,WildChat,191d7c343c8bb886cc6d87db9999e46bd39c6c420d72f618b487390bda4fae18,617,607,0.5189,1,3.3333333333333335,3.3333333333333335,3.3333333333333335,0.6666666666666666,0.6666666666666666,2.0,0.9166666666666666,4.0,3.517313582268374,4.111111111111112,0.9444444444444444,0.0,1.0,0.0,495.764936,nan,0.0,0.0,nan
302,LMSYS,fff661999bf23606eef15197c08dd23ea50533c46750b207052201d784f9a2df,28,22,1.0,1,3.0,2.0,2.5,0.006666666666666682,0.16666666666666666,1.2933333333333334,1.0,5.0,5.0,4.666666666666667,1.0,0.0,1.0,0.0,95.6995737,nan,0.0,0.0,nan
303,LMSYS,300a763709c454ab33b8fa5e2b11bf34d3a1f17294cd38733739d88d82f82505,163,1341,0.4519,1,3.6666666666666665,3.3333333333333335,3.5,0.8,0.5,2.075,0.9166666666666666,4.666666666666667,3.035073408369333,4.666666666666667,1.0,0.027777777777777724,2.0,0.0,772.5915555,nan,0.0,0.0,nan
304,WildChat,e0ea75b537127a1cc350d83e8202a894520dabbdb37d5f13308d0087a1f38234,547,9,1.0,1,4.0,3.0,3.5,0.6333333333333333,0.3333333333333333,1.9916666666666667,1.0,4.666666666666667,5.0,3.6666666666666665,1.0,0.17592592592592596,1.0,0.0,367.5993091,nan,0.0,0.0,nan
305,LMSYS,fbf14f070ea40ec51d964e347cf0efd356f91308509c5dc1dfd7655231096369,241,63,0.7778,1,4.0,3.0,3.5,0.6499999999999999,0.5,2.0375,1.0,4.0,4.36881946955413,4.444444444444444,0.9722222222222222,0.11111111111111105,1.0,0.0,172.1349308,nan,0.0,0.0,nan
306,LMSYS,353d0a2a8ea9ad86c9f4210c1721fc3fe60d3f40a164b8085ebd4edb6be3cb54,304,397,0.6625,1,3.0,4.0,3.5,0.31666666666666665,0.16666666666666666,1.8708333333333333,1.0,4.0,3.8460198990514782,4.666666666666667,1.0,0.0,1.0,0.0,432.6924423,nan,0.0,0.0,nan
307,WildChat,727c4e7ebfd2c8b0a61c4cf0e92cb70b5df85c640aeb7c85474042508a926aec,80,685,0.6015,1,3.3333333333333335,3.6666666666666665,3.5,0.3,0.0,1.825,0.9166666666666666,5.0,4.395222664606078,3.888888888888889,0.9722222222222222,0.02777777777777773,1.0,0.0,434.0427938,nan,0.0,0.0,nan
308,LMSYS,0cf4213ab650cca3ca72c9e1a679c80b779e8ca5c17f210eb736a23ab81d123b,69,160,0.5062,1,4.0,3.0,3.5,0.4666666666666667,0.16666666666666666,1.9083333333333332,1.0,4.333333333333333,4.550321789897172,5.0,1.0,0.10185185185185197,1.0,0.0,314.8799226,nan,0.0,0.0,nan
309,WildChat,e938b6bba53288c026913c3b83bf46af96bee9f57df27bdde15b60745057db38,51,798,0.4536,1,4.0,3.0,3.5,0.755,0.5,2.0637499999999998,1.0,4.166666666666666,3.3850140274799307,4.666666666666667,1.0,0.050925925925925986,2.0,0.0,591.1543371,nan,0.0,0.0,nan
310,WildChat,b78d62c466aeed0793ede115f58ef2ce4a3fe0c3ea64fee52f6aebb41e1e9cd3,464,604,0.5447,1,4.0,3.0,3.5,0.4833333333333333,0.3333333333333333,1.9541666666666666,1.0,5.0,4.522009386793847,3.5555555555555554,0.9722222222222222,0.0,1.0,0.0,470.5609745,nan,0.0,0.0,nan
311,WildChat,2fd8a80f23d8a2c64c7d4fb3aeb03c5353332c9e7222a1164421245ed501ad5b,70,976,0.4273,1,4.0,3.0,3.5,0.3,0.0,1.825,1.0,5.0,3.939729625635205,4.000000000000001,0.9444444444444444,0.02777777777777773,1.0,0.0,944.6894843,nan,0.0,0.0,nan
312,WildChat,56f2d05c89a24e4470832678db88a470df54f8ee02c072335e9fd3bfb5d23d2d,119,369,0.5095,1,4.333333333333333,3.3333333333333335,3.833333333333333,0.4666666666666667,0.16666666666666666,2.075,0.9166666666666666,5.0,4.889847407955893,3.6666666666666665,1.0,0.027777777777777724,1.0,0.0,403.339271,nan,0.0,0.0,nan
313,LMSYS,0d44043db44cb6672135a113af81bad53932b2f20f1d58e9bd047d67a27058e9,180,352,0.6562,1,4.0,3.0,3.5,0.4666666666666667,0.16666666666666666,1.9083333333333332,1.0,4.0,3.916456966933572,5.0,1.0,0.02777777777777773,1.0,0.0,282.645743,nan,0.0,0.0,nan
314,LMSYS,7d33ee2729ea5e9ee193b2596b266640d359ea45f7d07bd7ff70adad632061db,76,152,0.6908,1,4.333333333333333,3.3333333333333335,3.833333333333333,0.3,0.0,1.9916666666666667,0.9166666666666666,3.0,3.2295106019651003,4.333333333333333,0.9444444444444444,0.027777777777777807,1.0,0.0,183.7291417,nan,0.0,0.0,nan
315,LMSYS,55ab74f2381736124991c2348e458dc865b709434f458a79d5a59afdfba42c4a,65,144,0.7083,1,4.0,3.0,3.5,0.4666666666666667,0.16666666666666666,1.9083333333333332,1.0,4.0,4.242032747366362,4.777777777777779,0.9444444444444444,0.03703703703703697,1.0,0.0,293.901997,nan,0.0,0.0,nan
316,LMSYS,922b18431e72eb6a936098f0768c9d86e7d1bc34a4e96d5063e29bf8a823a5ca,74,9,0.7778,1,3.3333333333333335,3.6666666666666665,3.5,0.4666666666666667,0.16666666666666666,1.9083333333333332,0.9166666666666666,3.0,3.4533439510126427,4.333333333333333,1.0,0.027777777777777804,1.0,0.0,174.9030234,nan,0.0,0.0,nan
317,WildChat,582a53dae532d93b944935ae30a4b26d0364cd297dcc3e4753be0e06355aa647,101,229,0.5764,1,4.0,4.0,4.0,0.3,0.0,2.075,1.0,4.0,4.108984952477962,4.222222222222222,0.9722222222222222,0.0,1.0,0.0,230.4780417,nan,0.0,0.0,nan
318,LMSYS,4b4a903b463ef4551c1678ea92c1146b46897c368b328d26dde69a5493cc083c,43,150,0.74,1,3.0,4.0,3.5,0.38166666666666665,0.16666666666666666,1.8870833333333334,1.0,3.3333333333333335,3.565974471648749,4.222222222222222,0.9722222222222222,0.18518518518518515,1.0,0.0,187.0096405,nan,0.0,0.0,nan
319,LMSYS,d2c65ea4bda0381bbda2542b97fc1d47815eeb878d18834c00f328bb1166e865,271,258,0.6628,1,5.0,4.0,4.5,0.6333333333333333,0.3333333333333333,2.4916666666666667,1.0,4.0,4.06359217539839,4.888888888888889,0.9722222222222222,0.0,1.0,0.0,261.0444088,nan,0.0,0.0,nan
320,ifeval,5c378ab73c09f938ee3c70e42f4e152c83ca34b577bddddd941ffa3d9b2db323,35,346,0.6012,1,4.0,3.0,3.5,0.5083333333333333,0.3333333333333333,1.9604166666666667,1.0,4.333333333333333,4.259181909317851,4.777777777777779,0.9444444444444444,0.10185185185185197,1.0,0.0,260.1280444,nan,1.0,1.0,1.0
321,LMSYS,1af422ad309a0191ff5bffb895e84fed294cf29fbfdac382da58b06a2c2a0167,335,1261,0.3458,1,3.6666666666666665,3.3333333333333335,3.5,0.4833333333333333,0.3333333333333333,1.9541666666666666,0.9166666666666666,4.666666666666667,3.160294862381944,4.111111111111112,0.9444444444444444,0.0,1.0,0.0,862.191435,nan,0.0,0.0,nan
322,WildChat,f370a788063290d3bbf1840da2b1261d2957b1a7a7c764b5cf0ddd25fa9b407b,49,487,0.5339,1,4.0,3.0,3.5,0.745,0.5,2.0612500000000002,1.0,4.333333333333333,4.038479096620624,4.555555555555556,0.9722222222222222,0.03703703703703697,1.0,0.0,333.4184298,nan,0.0,0.0,nan
323,WildChat,2f6809f8b8a1d27cf51aeb1c25a1c8f649398b4e5e5a098bce64ea6321f7648e,26,488,0.5943,1,4.0,3.0,3.5,0.13,0.0,1.7825,1.0,4.0,3.703580495112133,4.444444444444445,0.9444444444444444,0.0,1.0,0.0,423.6202338,nan,0.0,0.0,nan
324,LMSYS,7fd0936e30f72bb442df11ba68edbe33c1ecd7bb76fb2d3fb3ff0a81e36114c7,168,12,1.0,1,5.0,4.333333333333333,4.666666666666666,0.4666666666666667,0.16666666666666666,2.4916666666666663,0.9583333333333334,3.6666666666666665,4.115314813153836,4.333333333333333,0.9166666666666666,0.9166666666666666,1.0,0.0,161.3799036,nan,0.0,0.0,nan
325,LMSYS,54880c5af6141294176cbbb1c0f6deb70bd28a956e0b77c41e313479c7f9a455,279,11,0.9091,1,4.0,3.0,3.5,0.4833333333333333,0.3333333333333333,1.9541666666666666,1.0,2.3333333333333335,2.783546747995661,3.444444444444444,0.9444444444444444,0.17592592592592593,1.0,0.0,250.779883,nan,0.0,0.0,nan
326,ifeval,e6c283a076847c4db3e9cc9ddfed408c97b23787b30bf81be0d9e43ca56285c5,35,180,0.7667,1,4.0,3.0,3.5,0.675,0.5,2.04375,1.0,4.333333333333333,4.519016426394019,4.111111111111111,0.9166666666666666,0.10185185185185192,1.0,0.0,173.1531553,0.0,2.0,1.0,1.0
327,LMSYS,bebe2e668b87815a9eb8951d5c79133c088a3e968b1ceaf8e5a7c1b9b363d286,351,124,0.6452,1,5.0,4.0,4.5,0.6333333333333333,0.3333333333333333,2.4916666666666667,1.0,3.6666666666666665,3.9400047775361804,4.444444444444444,0.9722222222222222,0.11111111111111106,1.0,0.0,274.5297196,nan,0.0,0.0,nan
328,LMSYS,0200ecb04631859db053dbba24d87617b29720174c4c41aadd329f766ca7759e,70,189,0.5503,1,3.6666666666666665,3.3333333333333335,3.5,0.4666666666666667,0.16666666666666666,1.9083333333333332,0.9166666666666666,4.0,4.171595679484268,4.666666666666667,0.9166666666666666,0.10185185185185192,1.0,0.0,287.7246356,nan,0.0,0.0,nan
329,LMSYS,514f97532ec06e1bf1efef61d2bddd60ef4c63581f0c240e53caa0e74712cf78,227,271,0.6568,1,4.0,3.0,3.5,0.15,0.0,1.7875,1.0,4.666666666666667,4.709910355788008,4.666666666666667,1.0,0.027777777777777724,1.0,0.0,268.0915791,nan,0.0,0.0,nan
330,LMSYS,d954f1ae5dc078a871aef2cdb564770c1deeb8f0daceca350d79177efd7b9c78,247,81,0.7037,1,3.0,2.0,2.5,0.0,0.0,1.25,1.0,3.3333333333333335,3.6739779757346263,4.000000000000001,0.9444444444444444,0.7685185185185185,1.0,0.0,181.7761512,nan,0.0,0.0,nan
331,ifeval,e4b4bfcad1372a829433fd32599d0a93d209b4bcdbc528b80d27ae71b83d7f61,19,61,0.7541,1,3.6666666666666665,3.3333333333333335,3.5,0.095,0.0,1.7737500000000002,0.9166666666666666,4.666666666666667,5.0,3.6666666666666665,1.0,0.10185185185185197,1.0,0.0,145.1473135,nan,3.0,3.0,1.0
332,WildChat,90a540b46e6fd96ca042a9a5622220ceff116579f46b738a76c8139263512dc4,165,120,0.8,1,3.0,2.0,2.5,0.8,0.5,1.575,1.0,4.0,4.279599183570145,4.111111111111111,0.9444444444444444,0.0,1.0,0.0,212.6481795,nan,0.0,0.0,nan
333,LMSYS,e9ae5419bb347ce3aac50b7711ca485df84f6de34ae69914045ad784a42799c8,230,147,0.5578,1,4.0,3.0,3.5,0.4833333333333333,0.3333333333333333,1.9541666666666666,1.0,5.0,5.0,4.333333333333333,1.0,0.18518518518518526,1.0,0.0,306.7457617,nan,0.0,0.0,nan
334,LMSYS,95650e3ac13bab08dceb8145c95512dbb0dc787ae262180c4c2bbf88ad12ec70,240,121,0.8099,1,3.0,2.3333333333333335,2.666666666666667,0.16666666666666666,0.16666666666666666,1.4166666666666667,0.9583333333333334,4.666666666666667,4.944700582061654,4.0,0.9166666666666666,0.10185185185185197,1.0,0.0,185.1297129,nan,0.0,0.0,nan
335,WildChat,23319cc248bca2d7121a5fda5ca9e05d820470e9b07843f93608c11df437e1a9,29,327,0.5168,1,3.6666666666666665,3.3333333333333335,3.5,0.145,0.0,1.78625,0.9166666666666666,4.0,3.9555886713125132,4.444444444444445,0.9444444444444444,0.0,1.0,0.0,326.760707,nan,0.0,0.0,nan
336,WildChat,e36a6d87f52716a7d5b56c773728e6e844c2f397e2033e1a260c233003f35f50,389,680,0.5147,1,4.0,3.0,3.5,0.31666666666666665,0.16666666666666666,1.8708333333333333,1.0,5.0,4.403049005481867,3.6666666666666665,1.0,0.0,1.0,0.0,537.4174424,nan,0.0,0.0,nan
337,LMSYS,47d9afc395c02a3e8c09910f41e516f100cb9f5fa60900211b64e4d08493c43f,218,633,0.5656,1,4.0,3.0,3.5,0.4666666666666667,0.16666666666666666,1.9083333333333332,1.0,5.0,4.476616609714275,3.6666666666666665,1.0,0.25,1.0,0.0,467.4644867,nan,0.0,0.0,nan
338,WildChat,8e7724ce0415d094390ad2e575b91707ed43bcde9e97208bfe307c4efaa4618b,339,660,0.5742,1,4.0,3.0,3.5,0.16666666666666666,0.16666666666666666,1.8333333333333333,1.0,5.0,4.434354368985019,4.555555555555556,0.9166666666666666,0.0,1.0,0.0,460.2012294,nan,0.0,0.0,nan
339,ifeval,4f81494760afc2e02a3d94561c8937ac13db9f6fd176ca36b8018f9bbee4fb99,61,257,0.5953,1,5.0,4.0,4.5,0.6333333333333333,0.3333333333333333,2.4916666666666667,1.0,4.0,4.065157443573548,3.5555555555555554,0.9722222222222222,0.10185185185185192,1.0,0.0,463.696969,nan,3.0,3.0,1.0
340,LMSYS,0e7026da8b24c5f396914a1f57f49dfcd75fe500b89b7435756324aee3000489,82,1,1.0,1,4.0,3.0,3.5,0.3,0.0,1.825,1.0,2.0,2.4658660964139036,3.8888888888888893,0.9722222222222222,0.0,1.0,0.0,148.0969769,nan,0.0,0.0,nan
341,LMSYS,6c0ec0869d28ec5d4b7f0adfce8723439689ad57eeb77ca78d2db24fd66deded,23,353,0.6232,1,4.0,3.0,3.5,0.115,0.0,1.77875,1.0,4.333333333333333,4.248225032091748,4.888888888888889,0.9722222222222222,0.02777777777777773,1.0,0.0,255.7829976,nan,0.0,0.0,nan
342,WildChat,0d62885b046a676fb5b921cf52cf83f8c5967897ec2c8fd3faf7837139575f25,260,154,0.6818,1,3.3333333333333335,3.6666666666666665,3.5,0.6333333333333333,0.3333333333333333,1.9916666666666667,0.9166666666666666,4.0,4.2263800656147845,4.111111111111112,0.9722222222222222,0.0,1.0,0.0,206.7098245,nan,0.0,0.0,nan
343,WildChat,e9ce790cec228b115a7a80963185a7e875e7d4991595f7053fdb80bd9aab5414,28,272,0.5919,1,3.0,2.0,2.5,0.30666666666666664,0.16666666666666666,1.3683333333333332,1.0,4.0,4.041678420946184,3.6666666666666665,1.0,0.0,1.0,0.0,330.9973407,nan,0.0,0.0,nan
344,ifeval,1d8a31b0b15d96b62eb433409e90c2ae3ad2312ec00f60afb9f5c6a470ee8f53,46,200,0.875,1,5.0,4.0,4.5,0.5633333333333334,0.3333333333333333,2.4741666666666666,1.0,2.0,2.1543777295575333,3.0,0.861111111111111,0.03703703703703703,1.0,0.0,344.0648409,1.0,3.0,2.0,0.0
345,ifeval,4ce7ec8498a3f420fab7d2863cef6a01158b82e89e38d5631ea3bd8c19fb608c,48,57,0.9474,1,3.0,2.0,2.5,0.4066666666666666,0.16666666666666666,1.3933333333333333,1.0,4.0,4.378211078605076,4.555555555555556,0.9166666666666666,0.0,1.0,0.0,138.9335976,0.0,3.0,2.0,1.0
346,LMSYS,de3728875391189bc3a4911936b3f686fd8ec081d56c0d6a7d80a3c7182c133a,142,192,0.7552,1,5.0,3.0,4.0,0.3,0.0,2.075,1.0,4.333333333333333,4.500233208292127,5.0,1.0,0.10185185185185192,1.0,0.0,190.143122,nan,0.0,0.0,nan
347,ifeval,555f88b1d42ca20dfeb344938c3646f7e3ceefca97850648b27d2be720edbcf3,55,60,0.8167,1,5.0,4.666666666666667,4.833333333333334,0.6083333333333334,0.3333333333333333,2.6520833333333336,0.9583333333333334,4.0,4.373515274079603,3.888888888888889,0.8888888888888888,0.0,1.0,0.0,130.2989592,0.5,3.0,1.0,1.0
348,WildChat,6c321b9ca4ddf660185bf710ca3e943915dd1db18e9fdac4d934743049449fb8,859,31,0.7742,1,5.0,5.0,5.0,0.3333333333333333,0.3333333333333333,2.666666666666667,1.0,4.0,4.418908051159175,4.777777777777778,0.9722222222222222,0.03703703703703707,1.0,0.0,256.1307491,nan,0.0,0.0,nan
349,LMSYS,565926b7a257424ee66501555c08593c484c501de9d16b226357701530c2ac33,137,316,0.6361,1,4.666666666666667,3.0,3.8333333333333335,0.4666666666666667,0.16666666666666666,2.075,0.9583333333333334,5.0,4.972806621239247,3.6666666666666665,1.0,0.0,1.0,0.0,396.5756926,nan,0.0,0.0,nan
350,LMSYS,5fcbde813910901c452eea3417aa725e8007eed522590cbfec71af618cac8b30,43,388,0.6005,1,5.0,4.0,4.5,0.215,0.0,2.30375,1.0,4.0,3.860107312627897,5.0,1.0,0.03703703703703707,1.0,0.0,277.7789473,nan,0.0,0.0,nan
351,LMSYS,e31bf536e26992ea59b5d7370b3b5e8d81395d2cd50d89bacd33155a4de5ea57,88,446,0.6054,1,4.0,3.0,3.5,0.6333333333333333,0.3333333333333333,1.9916666666666667,1.0,5.0,4.769321758468754,3.6666666666666665,1.0,0.0,1.0,0.0,322.0425152,nan,0.0,0.0,nan
352,WildChat,d92d443346723c7c4454043b582c1fdebc54468245844c9717b9e79ad9472ac0,131,507,0.5661,1,3.0,4.0,3.5,0.4666666666666667,0.16666666666666666,1.9083333333333332,1.0,4.0,3.673840399784138,3.9999999999999996,0.9444444444444444,0.027777777777777807,1.0,0.0,576.4157897,nan,0.0,0.0,nan
353,WildChat,91c4cc5ac5d618ac0be58f3ef3ca61117081e87d2c5fd1846a44831138f6a633,262,251,0.5857,1,4.333333333333333,3.3333333333333335,3.833333333333333,0.4666666666666667,0.16666666666666666,2.075,0.9166666666666666,2.6666666666666665,2.7412157192911604,3.8888888888888893,0.9722222222222222,0.027777777777777804,1.0,0.0,438.5421474,nan,0.0,0.0,nan
354,LMSYS,20780de67d273c90d3cf2113d1f2f6205407076a4e8c2adbfc065919231aaed1,253,111,0.7297,1,3.3333333333333335,3.6666666666666665,3.5,0.15,0.0,1.7875,0.9166666666666666,3.0,3.2936865971465634,3.6666666666666665,1.0,0.027777777777777804,1.0,0.0,210.6052814,nan,0.0,0.0,nan
355,LMSYS,928dd6e72b8e0684aabf95bf1a6575c57e844b7fe0d2840b62b353c18da62ce3,324,1,1.0,1,5.0,5.0,5.0,0.8166666666666667,0.6666666666666666,2.8708333333333336,1.0,2.0,2.4658660964139036,1.3333333333333333,1.0,0.0,1.0,0.0,171.3549934,nan,0.0,0.0,nan
356,LMSYS,96fbb1272a0e731751c9277431aef05ceac5ace0e23204f2fa39fc6720d7e616,32,468,0.485,1,3.0,4.0,3.5,0.16,0.0,1.79,1.0,4.0,3.7348858586152858,3.6666666666666665,1.0,0.0,1.0,0.0,327.5406265,nan,0.0,0.0,nan
357,WildChat,7a2f30fe28268fbcb66f136e2bfe24d718488e0edeb20cfcfebea485f3cc77fa,780,99,0.8081,1,4.0,3.0,3.5,0.033333333333333326,0.3333333333333333,1.8416666666666666,1.0,4.0,4.3124698152484555,3.7777777777777772,0.9722222222222222,0.0,1.0,0.0,424.8008675,nan,0.0,0.0,nan
358,LMSYS,0a40d398afb2fd38e8c37042d9b8a9976d9a1e1d2e862ea7d30d3215786884ab,106,90,0.9,1,3.3333333333333335,3.6666666666666665,3.5,0.4666666666666667,0.16666666666666666,1.9083333333333332,0.9166666666666666,4.0,4.326557228824874,3.6666666666666665,1.0,0.11111111111111106,1.0,0.0,177.7795503,nan,0.0,0.0,nan
359,LMSYS,839f80ba31981b6c16db2d24fed2c9c05a314c68d2693fc442fe0c2ba9995709,251,66,0.9242,1,4.0,3.6666666666666665,3.833333333333333,0.2,0.5,2.091666666666667,0.9583333333333334,4.333333333333333,4.69745699836199,4.555555555555556,0.9722222222222222,0.027777777777777724,1.0,0.0,436.2608707,nan,0.0,0.0,nan
360,ifeval,c9d6a2134f5276747aa6239caad2ec0fc920486946d0f34cf22f3ba2bc097856,11,123,0.7236,1,4.0,3.0,3.5,0.22166666666666665,0.16666666666666666,1.8470833333333334,1.0,4.0,4.274903379044671,4.222222222222222,0.9722222222222222,0.0,1.0,0.0,148.9261974,1.0,1.0,0.0,1.0
361,WildChat,a9eb7082853584fc184d66e1faaf4ec76594b22098bf1aa74eb07a7d79d3ceab,48,479,0.6618,1,4.0,3.0,3.5,0.74,0.5,2.06,1.0,5.0,4.717667908688552,4.666666666666667,1.0,0.0,1.0,0.0,308.2852809,nan,0.0,0.0,nan
362,LMSYS,a7e68581314c9396ec744e8d3ffc6d94139b887844ea179f8fa63ef8e22c2286,54,85,0.8118,1,3.0,2.0,2.5,0.12500000000000003,0.0,1.28125,1.0,3.0,3.334383569700662,4.444444444444444,0.9722222222222222,0.027777777777777804,1.0,0.0,155.3325231,nan,0.0,0.0,nan
363,ifeval,b06a370428e461b0d454bca353b5163e1d01a3d0599dbd6a15425a93e3c695b8,29,333,0.6757,1,4.0,3.0,3.5,0.31166666666666665,0.16666666666666666,1.8695833333333334,1.0,4.666666666666667,4.612863728928234,3.8888888888888893,0.9444444444444444,0.02777777777777773,1.0,0.0,240.3061369,nan,1.0,1.0,1.0
364,LMSYS,27a0ddff004d19d6deceaca4a6ba75fcdc61d05d808825f3e0989f4def1a356c,266,7,1.0,1,5.0,4.0,4.5,0.3,0.0,2.325,1.0,3.0,3.456474487362958,3.3333333333333335,0.9166666666666666,0.25,1.0,0.0,231.9942107,nan,0.0,0.0,nan
365,ifeval,9d42ea69bc215d7b2e03134365d978b37f0055d4e0ecacbc82ef78575db78c79,24,53,0.9245,1,4.0,3.0,3.5,0.4533333333333333,0.3333333333333333,1.9466666666666668,1.0,3.0,3.3844721513057063,4.666666666666667,1.0,0.027777777777777804,1.0,0.0,107.5035316,nan,1.0,1.0,0.0
366,WildChat,aecc21858cfa3cbfe24eecf257a5f14c0e14cd598c5dc4899d89d505e0d80a5f,513,24271,0.0181,0,5.0,4.333333333333333,4.666666666666666,0.31666666666666665,0.16666666666666666,2.4541666666666666,0.9583333333333334,1.6500000000000001,1.0,2.3333333333333335,1.0,0.19305555555555562,1.0,0.0,33779.3794102,nan,0.0,0.0,nan
367,LMSYS,51faaf700ee80d345bf3339658782a7b9255c7c19790b5d37dca883e9c260ed6,355,1,1.0,1,3.3333333333333335,3.6666666666666665,3.5,0.8,0.5,2.075,0.9166666666666666,2.0,2.4658660964139036,2.3333333333333335,0.8611111111111112,0.5185185185185185,1.0,0.0,200.9108127,nan,0.0,0.0,nan
368,WildChat,51e0c6b4ca3f0c7f0dccb056003317a9900efc4258a670fdcf5c16cf866fae08,72,441,0.551,1,4.0,3.0,3.5,0.4666666666666667,0.16666666666666666,1.9083333333333332,1.0,4.666666666666667,4.443814766011209,4.111111111111112,0.9444444444444444,0.027777777777777724,1.0,0.0,329.4997779,nan,0.0,0.0,nan
369,WildChat,ba20c0a1bfd9e9d9c74b86a9bc5e908ea64c23ec916dc2934276eecf6945f7a0,22,600,0.5867,1,3.6666666666666665,2.6666666666666665,3.1666666666666665,0.27666666666666667,0.16666666666666666,1.6941666666666664,0.9166666666666666,5.0,4.528270459494477,4.666666666666667,1.0,0.0,1.0,0.0,332.3109747,nan,0.0,0.0,nan
370,WildChat,407419883549d4890ed5ad95d0853e046efc573d554a4c1b45c730bb0a9ee1a3,187,616,0.4448,1,4.0,3.0,3.5,0.31666666666666665,0.16666666666666666,1.8708333333333333,1.0,4.333333333333333,3.8365595020252883,3.222222222222222,0.9722222222222222,0.25000000000000006,1.0,0.0,796.3078009,nan,0.0,0.0,nan
371,WildChat,d38a7cee5214e29c5336e3bae2f6e6249c3e9e221ba51eb33ac7506ba0dc4acc,853,576,0.6111,1,5.0,4.0,4.5,0.6499999999999999,0.5,2.5375,1.0,5.0,4.5658368956982605,4.777777777777778,0.9722222222222222,0.0,1.0,0.0,559.5180322,nan,0.0,0.0,nan
372,LMSYS,baa5cbbd9dfb9ad8d3f85109ba2a4d9b11065cdd80febdf4030c58a819d9122b,445,37,0.9459,1,3.0,2.0,2.5,0.6499999999999999,0.5,1.5375,1.0,4.416666666666666,4.826183108774895,3.444444444444444,0.9444444444444444,0.20833333333333334,2.0,0.0,268.701534,nan,0.0,0.0,nan
373,WildChat,14ee5b22f7458634e89295fcd4d73c68d6238fef2ed87bb0c32077acb274d297,34,622,0.5965,1,4.0,3.0,3.5,0.33666666666666667,0.16666666666666666,1.8758333333333332,1.0,4.0,3.4938345596410096,3.6666666666666665,1.0,0.17592592592592596,1.0,0.0,389.5107262,nan,0.0,0.0,nan
374,WildChat,1020cccb4f58f98df46accea253a3320770a2002b0f15b8e8b2816d22c7d11b9,774,748,0.5307,1,4.0,3.0,3.5,0.6499999999999999,0.5,2.0375,1.0,4.0,3.2966107695711466,3.555555555555556,0.9444444444444444,0.25,1.0,0.0,728.4138424,nan,0.0,0.0,nan
375,WildChat,676c03541adf8d824ceef059f735e9f40cd03453eb1eda0d67545727c352f004,735,85,0.8353,1,3.0,4.0,3.5,0.033333333333333326,0.3333333333333333,1.8416666666666668,1.0,2.0,2.334383569700662,3.8888888888888893,0.9722222222222222,0.0,1.0,0.0,182.9129566,nan,0.0,0.0,nan
376,WildChat,678e2f5e0d28ae608d699f3a0c1461474149d5acd287674c8a5274807d5ad7f5,226,282,0.6348,1,4.0,3.0,3.5,0.3,0.0,1.825,1.0,5.0,5.0,3.8888888888888893,0.9722222222222222,0.10185185185185192,1.0,0.0,318.3060618,nan,0.0,0.0,nan
377,LMSYS,e28b7e72598853ed8e894b9f52d6056d9ae1254fd8edda9b006f6a3076ec3bed,227,75,0.68,1,4.0,3.0,3.5,0.6333333333333333,0.3333333333333333,1.9916666666666667,1.0,3.0,3.3500362514522384,3.0,1.0,0.0,1.0,0.0,232.7416506,nan,0.0,0.0,nan
378,LMSYS,68db03448ad1067462274ea2dc89f7ca3977e009aa945295bd1f8840d5d1d928,208,257,0.4942,1,4.333333333333333,4.0,4.166666666666666,0.31666666666666665,0.16666666666666666,2.2041666666666666,0.8333333333333333,3.0,3.065157443573548,4.0,1.0,0.0277777777777778,1.0,0.0,382.0690467,nan,0.0,0.0,nan
379,ifeval,4ed425490417883023761c4ddca232f9580556f074bb1c2bf9b7034f455b621e,35,173,0.7399,1,4.0,3.0,3.5,0.675,0.5,2.04375,1.0,4.0,4.19663997028679,3.6666666666666665,1.0,0.11111111111111122,1.0,0.0,224.4750773,nan,3.0,3.0,1.0
380,LMSYS,0d2cd295830e4a15344231af21fc21b3ec19815ee447a45d356cba18968b13a1,192,41,1.0,1,4.0,3.0,3.5,0.5,0.5,2.0,1.0,4.0,4.403255369407598,3.6666666666666665,1.0,0.0,1.0,0.0,221.2145946,nan,0.0,0.0,nan
381,WildChat,b132dd0afde7f77aab1d50a5e7f497f1e875349d5a0d98755bb26d975e00060e,343,687,0.4862,1,3.6666666666666665,3.3333333333333335,3.5,0.16666666666666666,0.16666666666666666,1.8333333333333335,0.9166666666666666,4.0,3.392092128255763,3.6666666666666665,1.0,0.04398148148148146,1.0,0.0,859.6492489,nan,0.0,0.0,nan
382,WildChat,0525e4cc78177b99f2ff7a29227c2a97487fb857be5697fdb831c01a71a35391,21,34,0.8824,1,2.3333333333333335,2.6666666666666665,2.5,0.105,0.0,1.27625,0.9166666666666666,2.6666666666666665,3.080878913300368,4.777777777777778,0.9722222222222222,0.03703703703703707,1.0,0.0,114.5598156,nan,0.0,0.0,nan
383,WildChat,fbf3eaf380ef6e29511e2e7400582c967837e3153cf4d75de91115a404cb9921,547,319,0.5204,1,3.6666666666666665,3.3333333333333335,3.5,0.8,0.5,2.075,0.9166666666666666,4.666666666666667,4.634777483380441,4.777777777777778,0.9722222222222222,0.027777777777777873,1.0,0.0,447.6520342,nan,0.0,0.0,nan
384,WildChat,fa5e66339cfa67d89cc5dea5a3857529fe194b7bf96a249a0314976759087edc,428,367,0.5886,1,3.0,2.0,2.5,0.3,0.0,1.325,1.0,4.333333333333333,4.226311277639541,4.222222222222222,0.9722222222222222,0.07407407407407414,1.0,0.0,330.6818767,nan,0.0,0.0,nan
385,LMSYS,d2330530731cac65e0519e62d93433b9f4d15fd862881a3597490e9ded957c67,69,277,0.4477,1,4.333333333333333,3.3333333333333335,3.833333333333333,0.4666666666666667,0.16666666666666666,2.075,0.9166666666666666,4.0,4.033852080070395,3.777777777777778,0.9722222222222222,0.0,1.0,0.0,348.8537052,nan,0.0,0.0,nan
386,WildChat,7564eda8a9e1c46eb6d560b1b8d820c35b3db7e6143ab9dd15f04497a3126b95,426,1221,0.4873,1,5.0,4.333333333333333,4.666666666666666,0.8,0.5,2.658333333333333,0.9583333333333334,4.0,2.556238922721583,4.111111111111112,0.9444444444444444,0.02777777777777773,1.0,0.0,1214.0046194,nan,0.0,0.0,nan
387,LMSYS,97e125162ba7d88b0f9747c58658260858d36ea6bb21bf9e5d00fad7c36a7606,55,89,0.8652,1,3.0,2.0,2.5,0.275,0.0,1.31875,1.0,5.0,5.0,4.888888888888889,0.9722222222222222,0.0,1.0,0.0,139.681864,nan,0.0,0.0,nan
388,WildChat,d998e5c1a8bea7eeb9f0f787e36ae935abee7bc1d613a3123bb0357aed3a6a6a,231,528,0.536,1,4.0,3.0,3.5,0.3,0.0,1.825,1.0,5.0,4.640969768105828,3.6666666666666665,1.0,0.0,1.0,0.0,567.7485023,nan,0.0,0.0,nan
389,WildChat,bba0a302231f49924326220ec64a8ffb1d554306eb3bef030889aaffff89838b,685,513,0.577,1,4.0,3.0,3.5,0.6666666666666666,0.6666666666666666,2.083333333333333,1.0,4.0,3.664448790733192,3.6666666666666665,1.0,0.0,1.0,0.0,462.0226359,nan,0.0,0.0,nan
390,ifeval,c6d239f9b9443dd7c0af95a9dc3508b0c9c70ef0cccd8c248aeb1baf1ac36227,48,56,1.0,1,4.0,3.0,3.5,0.74,0.5,2.06,1.0,2.0,2.3797763467802335,3.0,1.0,0.25,1.0,0.0,142.7748824,nan,3.0,3.0,0.0
391,LMSYS,1082143a7dfc54e9d43dd5e1294114924e5d7b5b3200df745349cd70534bf3ed,166,18,0.7778,1,4.0,3.0,3.5,0.31666666666666665,0.16666666666666666,1.8708333333333333,1.0,2.0,2.439256537436224,3.7777777777777772,0.9722222222222222,0.0,1.0,0.0,160.5836297,nan,0.0,0.0,nan
392,LMSYS,b5d5c45eb264cc3d10468298093a8c03668d96937ca7dda22a944f170cf3064e,221,45,0.8667,1,4.0,3.6666666666666665,3.833333333333333,0.16666666666666666,0.16666666666666666,2.0,0.9583333333333334,3.6666666666666665,4.063660963373634,4.444444444444444,0.9166666666666666,0.17592592592592593,1.0,0.0,169.8162315,nan,0.0,0.0,nan
393,ifeval,61b1b7085376560ecf8d5ac1b442cae273abbd94e52f0101cb5d4b1f4f9eb820,31,172,0.6919,1,5.0,5.0,5.0,0.32166666666666666,0.16666666666666666,2.6220833333333333,1.0,4.5,4.698205238461948,4.333333333333333,0.9444444444444444,0.09953703703703713,1.0,0.0,280.541465,0.0,3.0,2.0,1.0
394,LMSYS,22aa26a370ea6e58083ecce70a332a012fae9dfd681a998bf40e112ae009ec30,277,67,0.8209,1,3.6666666666666665,3.3333333333333335,3.5,0.16666666666666666,0.16666666666666666,1.8333333333333335,0.9166666666666666,4.666666666666667,5.0,4.222222222222221,0.9444444444444444,0.027777777777777873,1.0,0.0,184.0648791,nan,0.0,0.0,nan
395,ifeval,6414c910b54985e1c29aabcb864f8a0a638d6cbbb3f67b20079fa21a5c34443d,21,111,0.8378,1,4.0,3.0,3.5,0.27166666666666667,0.16666666666666666,1.8595833333333334,1.0,4.0,4.293686597146563,4.4444444444444455,0.9444444444444444,0.0,1.0,0.0,155.659184,0.0,2.0,1.0,1.0
396,LMSYS,6949f8a892cd1b92a947fd75a8a0842a90ff698b6d7a8566b046c755ed9632e0,57,657,0.5845,1,3.0,2.0,2.5,0.285,0.0,1.32125,1.0,4.666666666666667,4.105716840177159,4.777777777777779,0.9444444444444444,0.02777777777777773,1.0,0.0,441.4602141,nan,0.0,0.0,nan
397,LMSYS,3b3c528a80b25ebb6dd37371587a866f92fe55ba6bd574ce5b7759fd4413584e,49,245,0.5184,1,4.0,3.6666666666666665,3.833333333333333,0.245,0.0,1.9779166666666668,0.9583333333333334,4.666666666666667,4.750607328342107,4.333333333333333,1.0,0.027777777777777724,1.0,0.0,208.242974,nan,0.0,0.0,nan
398,WildChat,d4c88b371705f5e63c4320b61595002d2df47d8e43ed0d41fe2e03439ecd5088,42,160,0.5625,1,4.0,3.0,3.5,0.21,0.0,1.8025,1.0,4.666666666666667,4.883655123230506,4.555555555555556,0.9722222222222222,0.10185185185185197,1.0,0.0,211.3134972,nan,0.0,0.0,nan
399,ifeval,96d26f5805017e7d516b752b455e63798b7f8be97a646f84ae2d856dad39a76f,46,39,0.7692,1,4.666666666666667,4.0,4.333333333333334,0.39666666666666667,0.16666666666666666,2.3075,0.8333333333333333,3.0,3.4063859057579133,3.6666666666666665,1.0,0.0,1.0,0.0,108.1477652,0.0,2.0,1.0,0.0
400,LMSYS,7630680cec679d5de548de8939f64fa2ac8c941cf52dd1bea6aba8bb1faa8868,459,53,0.9245,1,4.0,3.0,3.5,0.0,0.16666666666666666,1.7916666666666667,1.0,2.0,2.3844721513057063,4.888888888888889,0.9722222222222222,0.0,1.0,0.0,238.9066995,nan,0.0,0.0,nan
401,LMSYS,37655376e51ae69d7bf9e50ffc35933245ea196240a540e8ba59a605db4e08ef,29,25,1.0,1,4.333333333333333,4.0,4.166666666666666,0.4783333333333333,0.3333333333333333,2.28625,0.8333333333333333,2.0,2.4282996602101203,2.777777777777778,0.8888888888888888,0.027777777777777762,1.0,0.0,108.1968684,nan,0.0,0.0,nan
402,ifeval,5df22e20e233ac3a01a5346e45ae22418c6bd3fa35cdd5ac6c301f879316a76f,67,26,0.9231,1,4.333333333333333,3.3333333333333335,3.833333333333333,0.4666666666666667,0.16666666666666666,2.075,0.9166666666666666,3.0,3.426734392034963,3.0,1.0,0.25,1.0,0.0,106.3156768,nan,2.0,2.0,0.0
403,WildChat,4c857e30967417315d0ebfefb939287516f09c4c2662987771c8ee52d31eae2c,584,1,1.0,1,5.0,5.0,5.0,0.6499999999999999,0.5,2.7875,1.0,1.3333333333333333,1.7991994297472371,3.1111111111111107,0.6388888888888888,0.17592592592592593,1.0,0.0,205.434874,nan,0.0,0.0,nan
404,WildChat,ed7b3b4de851f1f64c10b07eab3bdc2bf982c9bd609a677e71242aeb9794f698,187,53,0.9434,1,3.6666666666666665,3.3333333333333335,3.5,0.6333333333333333,0.3333333333333333,1.9916666666666667,0.9166666666666666,2.6666666666666665,3.051138817972373,4.333333333333333,1.0,0.07407407407407404,1.0,0.0,166.3708173,nan,0.0,0.0,nan
405,WildChat,7023874895bc445323fda275c122f213c8892f021fa26172a439b925a167e650,514,359,0.6713,1,5.0,5.0,5.0,0.6499999999999999,0.5,2.7875,1.0,4.333333333333333,4.238833423040802,5.0,1.0,0.027777777777777873,1.0,0.0,393.403741,nan,0.0,0.0,nan
406,LMSYS,c92fda9f4ae168aea37c688c9bfce7c581127c5ef9ca115032e6edbd91d13089,24,319,0.4922,1,4.0,3.0,3.5,0.29166666666666663,0.16666666666666666,1.8645833333333333,1.0,4.0,3.968110816713774,4.333333333333333,1.0,0.0,1.0,0.0,266.7068493,nan,0.0,0.0,nan
407,WildChat,158659ef98d6cefa65d57489044b25096456c7c151c6f28126b7ce8fbf143269,330,313,0.6454,1,5.0,5.0,5.0,0.4666666666666667,0.16666666666666666,2.658333333333333,1.0,4.333333333333333,4.310835759098053,4.888888888888889,0.9722222222222222,0.0,1.0,0.0,321.864957,nan,0.0,0.0,nan
408,WildChat,d5202650ceaf08d40de4bda76d8a7a1e74848952061457f4de44148a31ff6ca8,137,726,0.5758,1,3.0,2.0,2.5,0.8,0.5,1.575,1.0,5.0,4.331046669424615,4.333333333333333,1.0,0.03703703703703697,1.0,0.0,517.2316494,nan,0.0,0.0,nan
409,LMSYS,a475d1a8517962e12877b7caa2f32a98f71db04fe0a2216b8f0aa87db29c9c20,72,329,0.5593,1,3.3333333333333335,3.6666666666666665,3.5,0.3,0.0,1.825,0.9166666666666666,5.0,4.952458134962198,4.000000000000001,0.9444444444444444,0.02777777777777773,1.0,0.0,223.959431,nan,0.0,0.0,nan
410,LMSYS,a94080da8f0b53d1684165fc4adad58acb18f79822c8ba581467ea2d0601734e,209,69,0.7826,1,3.6666666666666665,2.6666666666666665,3.1666666666666665,0.4833333333333333,0.3333333333333333,1.7875,0.9166666666666666,5.0,5.0,4.555555555555556,0.9722222222222222,0.0,1.0,0.0,186.5158554,nan,0.0,0.0,nan
411,WildChat,29d4dc73993ada8bd80220c86c177ce0fd019f291451847e202919b9c2ea3436,33,33,0.9697,1,4.0,3.0,3.5,0.33166666666666667,0.16666666666666666,1.8745833333333333,1.0,3.0,3.4157775148088594,4.666666666666667,1.0,0.03703703703703707,1.0,0.0,121.6759947,nan,0.0,0.0,nan
412,WildChat,5d8e5d08453cae7ad71556d5921dede10a331ff82fb79a0ad2a2bb9da5ed0a9f,381,607,0.5783,1,4.333333333333333,3.3333333333333335,3.833333333333333,0.31666666666666665,0.16666666666666666,2.0375,0.9166666666666666,4.666666666666667,4.183980248935041,4.666666666666667,1.0,0.03703703703703717,1.0,0.0,480.2278445,nan,0.0,0.0,nan
413,LMSYS,684a0459191be73cca3f92522fcfe88b0acb2e22f425819e1d58955b09bef2f9,23,553,0.5588,1,3.0,2.0,2.5,0.115,0.0,1.27875,1.0,5.0,4.601838063726887,3.6666666666666665,1.0,0.0,1.0,0.0,544.3372615,nan,0.0,0.0,nan
414,ifeval,5382616c01df31cc0ec39d3210daf2b362a45538a8361c9a574cc7b30345b30e,43,216,0.625,1,5.0,4.333333333333333,4.666666666666666,0.5483333333333333,0.3333333333333333,2.55375,0.9583333333333334,4.0,4.129333438755011,4.222222222222222,0.9722222222222222,0.0,1.0,0.0,196.8880061,1.0,1.0,0.0,1.0
415,WildChat,aff21c38298025bd1fb1646e4cd27bfe3ac7d2a8b4631b5800d1fb697cfdc8e1,784,56,0.9464,1,4.0,3.0,3.5,0.033333333333333326,0.3333333333333333,1.8416666666666666,1.0,4.0,4.3797763467802335,4.666666666666667,1.0,0.0,1.0,0.0,188.6376186,nan,0.0,0.0,nan
416,LMSYS,a8e2f72722b7310465ca300995b0e3137137930ae2a9ff5fcd3cc2ed68e65349,88,125,0.744,1,3.3333333333333335,3.6666666666666665,3.5,0.4666666666666667,0.16666666666666666,1.9083333333333332,0.9166666666666666,4.0,4.271772842694356,4.111111111111112,0.9722222222222222,0.11111111111111123,1.0,0.0,161.250108,nan,0.0,0.0,nan
417,WildChat,43b56b47c21f4779eb18c1ae82711c29c5b0fe2ca4eeaf69874779ee8170362a,333,11,1.0,1,3.0,2.0,2.5,0.4833333333333333,0.3333333333333333,1.4541666666666666,1.0,2.3333333333333335,2.783546747995661,1.3333333333333333,1.0,0.03703703703703707,1.0,0.0,194.4925649,nan,0.0,0.0,nan
418,WildChat,fea6b6f531ccd8bbe91fc7524b5176624dc0085b2d9a3de41b67126b4cfc9229,342,496,0.4738,1,5.0,4.0,4.5,0.15,0.0,2.2875,1.0,4.0,3.6910583497108718,3.6666666666666665,1.0,0.0,1.0,0.0,646.7739208,nan,0.0,0.0,nan
419,LMSYS,9d4c3ebc16e2879d5a8de728f5c409b1ddfde619b20f4266bcdc945af3ff969c,41,59,0.8305,1,3.0,2.0,2.5,0.37666666666666665,0.16666666666666666,1.3858333333333333,1.0,4.0,4.375080542254761,4.888888888888889,0.9722222222222222,0.02777777777777773,1.0,0.0,118.6614278,nan,0.0,0.0,nan
420,WildChat,df2c2728d060b61380848943603cbdbfc6fa2797b95c7f8fa3de9a8a5ecd1aef,631,425,0.5906,1,5.0,5.0,5.0,1.0,0.8333333333333334,2.9583333333333335,1.0,4.0,3.8021923901470647,4.888888888888889,0.9722222222222222,0.0,1.0,0.0,483.1653139,nan,0.0,0.0,nan
421,LMSYS,04c46e1da49265c521ff56b80b6b47c8d6ccee4a8d99901166a32340f8faf28b,23,124,0.7581,1,3.0,3.3333333333333335,3.166666666666667,0.2816666666666667,0.16666666666666666,1.6954166666666666,0.8333333333333334,4.0,4.273338110869514,3.6666666666666665,1.0,0.0,1.0,0.0,150.0467358,nan,0.0,0.0,nan
422,ifeval,3f5f5842bef283cb4609d179944f5b35173779fca5167dbdd5c392f5f91d2ae1,21,36,0.9444,1,4.0,3.0,3.5,0.4383333333333333,0.3333333333333333,1.9429166666666666,1.0,4.0,4.411081710283386,4.555555555555556,0.9722222222222222,0.0,1.0,0.0,113.012351,nan,1.0,1.0,1.0
423,ifeval,2b6b34c5c4e1c753792b53df171c0f88d178f308f05cc135836a336b6a9bbad3,26,245,0.5265,1,3.3333333333333335,3.6666666666666665,3.5,0.4633333333333333,0.3333333333333333,1.9491666666666667,0.9166666666666666,4.333333333333333,4.417273995008773,3.777777777777778,0.9722222222222222,0.0,1.0,0.0,252.8408611,0.0,3.0,2.0,1.0
424,ifeval,57a821e61c3cf275cc635060faa9011e1e6f2f9fc518df9ac8ada968d510b644,22,123,0.6748,1,4.666666666666667,4.333333333333333,4.5,0.27666666666666667,0.16666666666666666,2.3608333333333333,0.9166666666666666,3.6666666666666665,3.9415700457113383,4.222222222222221,0.9444444444444444,0.027777777777777804,1.0,0.0,135.2574689,0.0,1.0,0.0,0.0
425,LMSYS,79eb8846d54b30799ac692b5be9f492d80f298c3e4001598e1a2932720baa5a5,243,155,0.6323,1,4.0,3.0,3.5,0.4833333333333333,0.3333333333333333,1.9541666666666666,1.0,4.0,4.2248147974396275,4.666666666666667,1.0,0.11111111111111105,1.0,0.0,208.1773078,nan,0.0,0.0,nan
426,WildChat,c704a72d6d47de7cff968f4dcad58713506c617b1ac545f9ddf2b664bf4f44b7,57,389,0.5424,1,4.0,3.0,3.5,0.29,0.0,1.8225,1.0,5.0,4.858542044452739,4.444444444444444,0.9722222222222222,0.0,1.0,0.0,319.1153889,nan,0.0,0.0,nan
427,WildChat,17a7649637f50e94b7e1ebb21cf90964939314584daf0ff915de43508034f95d,50,146,0.7877,1,4.0,3.0,3.5,0.75,0.5,2.0625,1.0,4.0,4.238902211016046,3.6666666666666665,1.0,0.0,1.0,0.0,157.7394436,nan,0.0,0.0,nan
428,LMSYS,7b1b1ed722a69e9b2dfeb7f7173252653df2b75c46a89472d1bc18f0cfb10709,215,61,0.7049,1,4.0,3.0,3.5,0.8,0.5,2.075,1.0,3.6666666666666665,4.038616672571112,3.444444444444444,0.861111111111111,0.3333333333333334,1.0,0.0,178.8502471,nan,0.0,0.0,nan
429,LMSYS,f7ee978176756f03bf65ffadb4683dea2c177fe5b7af4f100faf920cd62e287c,224,413,0.6901,1,4.0,3.0,3.5,0.6333333333333333,0.3333333333333333,1.9916666666666667,1.0,4.0,3.8209756082489563,3.5555555555555554,0.9722222222222222,0.027777777777777724,1.0,0.0,668.1982023,nan,0.0,0.0,nan
430,LMSYS,27962249f4222805760386e27432cbde73ab9de9ba7ea13855aa692ff28f6c37,228,247,0.6761,1,3.6666666666666665,3.3333333333333335,3.5,0.4833333333333333,0.3333333333333333,1.9541666666666666,0.9166666666666666,4.0,4.080810125325124,3.6666666666666665,1.0,0.0,1.0,0.0,246.014868,nan,0.0,0.0,nan
431,WildChat,5eeaa4714b7168339fd2fefb4dc672096c93c7087c2d493159c772cdac81996f,172,748,0.5588,1,3.0,2.0,2.5,0.8,0.5,1.575,1.0,5.0,4.296610769571147,4.444444444444444,0.9166666666666666,0.0,1.0,0.0,521.4805276,nan,0.0,0.0,nan
432,ifeval,d9d7afe771431fbb9714b6bb46d4c0046585ef1074cf7bac37956199fe7f8977,23,107,0.8411,1,4.0,3.0,3.5,0.115,0.0,1.77875,1.0,4.0,4.299947669847194,4.666666666666667,0.9166666666666666,0.027777777777777804,1.0,0.0,129.0702041,nan,1.0,1.0,1.0
433,ifeval,d1c580c4ae5e5ad96947444f2fc42def3bd21c5fec366495ddba26c397d04fb8,58,388,0.6572,1,4.0,3.0,3.5,0.9566666666666666,0.6666666666666666,2.1558333333333333,1.0,5.0,4.860107312627897,3.6666666666666665,1.0,0.0,1.0,0.0,271.2699692,0.0,3.0,2.0,1.0
434,LMSYS,811ecb7f82fcf37c9ae888222f11c31143865ed82c272013f785777e5a238db9,82,570,0.5561,1,3.0,3.0,3.0,0.3,0.0,1.575,0.875,5.0,4.575228504749207,3.6666666666666665,1.0,0.0,1.0,0.0,557.1834236,nan,0.0,0.0,nan
435,WildChat,5d8c628885898cbe4b13d2e7ba954b87681e644022b3e56fb1b39ed94d34e79d,72,401,0.5611,1,3.0,4.0,3.5,0.4666666666666667,0.16666666666666666,1.9083333333333332,1.0,4.333333333333333,4.173092159684181,4.444444444444445,0.9444444444444444,0.22222222222222224,1.0,0.0,413.228474,nan,0.0,0.0,nan
436,WildChat,e5949535b64f6b9f04518e75016a05b73e52e2d92960280b4bff6901e8eebeea,602,894,0.5179,1,4.0,3.0,3.5,0.35000000000000003,0.5,1.9625,1.0,5.0,4.068081615998131,4.0,1.0,0.02777777777777773,1.0,0.0,632.5350932,nan,0.0,0.0,nan
437,ifeval,27a5ed687c78a9ccec11a5c33c84ababfcab16bf192955bb97f88ed5d529309e,25,135,0.6667,1,4.0,3.0,3.5,0.125,0.0,1.78125,1.0,4.0,4.25612016094278,3.6666666666666665,0.9444444444444444,0.0,1.0,0.0,169.8246932,nan,2.0,2.0,1.0
438,LMSYS,23e6d9013eabcac41dbf823bf243f9eb566024f7ae297b70060006a478932243,116,181,0.6796,1,4.0,3.0,3.5,0.3,0.0,1.825,1.0,4.0,4.184117824885528,3.888888888888889,0.9444444444444444,0.0,1.0,0.0,230.2955726,nan,0.0,0.0,nan
439,ifeval,55ddbd4393d4cbfbff1ff3f30ee41be3ff029c998c472bf53419785953a89a7d,22,517,0.5957,1,4.0,3.0,3.5,0.12666666666666665,0.16666666666666666,1.8233333333333333,1.0,5.0,4.658187718032561,4.555555555555556,0.9722222222222222,0.0,1.0,0.0,312.0216182,nan,1.0,1.0,1.0
440,LMSYS,e361df62fb50f0e39880b17f11dcf8d013a465c4b633bfe2020e71d3436bd917,115,368,0.6576,1,4.0,3.0,3.5,0.3,0.0,1.825,1.0,5.0,4.89141267613105,3.777777777777778,0.9722222222222222,0.0,3.0,0.0,335.5245525,nan,0.0,0.0,nan
441,LMSYS,dce000e9a15fd59888b031d6c7dddbe9602691a2cd07cf1cdecf70e1f42f5341,315,115,0.8435,1,3.0,2.0,2.5,0.15,0.0,1.2875,1.0,3.3333333333333335,3.620758857779266,4.888888888888889,0.9722222222222222,0.03703703703703707,1.0,0.0,280.0937001,nan,0.0,0.0,nan
442,LMSYS,7815a6be985f2cfc360ed936353e9c9ff94f1e40af37909fde5c42a1b97b4c3c,28,70,0.8571,1,3.0,2.0,2.5,0.15666666666666668,0.16666666666666666,1.3308333333333333,1.0,4.0,4.3578625923280265,4.888888888888889,0.9722222222222222,0.11111111111111123,1.0,0.0,132.2473285,nan,0.0,0.0,nan
443,LMSYS,ceeab2489f8ca4726bc60cd980a906a6e281b04b89af8a652cf7a175eb8689d3,135,2,1.0,1,4.666666666666667,4.333333333333333,4.5,0.3,0.0,2.325,0.9166666666666666,2.0,2.464300828238746,1.3333333333333333,1.0,0.0,1.0,0.0,128.2883705,nan,0.0,0.0,nan
444,WildChat,1c16b2e78bf36ede95f95b7b1f7e0805502c41cea684bc2889507c5a431e8d08,51,465,0.6624,1,4.0,3.0,3.5,0.755,0.5,2.0637499999999998,1.0,4.333333333333333,4.072914996474092,5.0,1.0,0.03703703703703697,1.0,0.0,305.9268577,nan,0.0,0.0,nan
445,WildChat,28303cb9e2b114cfb2a3428c39e32cf5bb5511fcf194e955a61dbf11aa64c8c2,704,29,0.9655,1,4.0,3.0,3.5,0.033333333333333326,0.3333333333333333,1.8416666666666666,1.0,2.0,2.4220385875094896,1.4444444444444444,0.9722222222222222,0.0,1.0,0.0,296.8269594,nan,0.0,0.0,nan
446,WildChat,73ee0fdfff17c854e10568142a764fbccd90d492247dfa7679a0273500fe50e6,92,1027,0.2882,1,4.0,3.0,3.5,0.6333333333333333,0.3333333333333333,1.9916666666666667,1.0,4.666666666666667,3.5265676153688323,4.111111111111112,0.9444444444444444,0.10185185185185197,1.0,0.0,941.3785638,nan,0.0,0.0,nan
447,LMSYS,7e9b89b95f295531879759c9052e81bdf3542322969700bfaa4fab9379af9e91,47,241,0.4564,1,3.0,2.0,2.5,0.08499999999999999,0.0,1.27125,1.0,4.0,4.090201734376071,3.6666666666666665,1.0,0.0,1.0,0.0,256.8862365,nan,0.0,0.0,nan
448,WildChat,b5df03bf1f64e942b320ec1d5e390de862417f05c9331dc6f588f414fb9b4847,457,557,0.6032,1,4.0,3.0,3.5,0.4833333333333333,0.3333333333333333,1.9541666666666666,1.0,5.0,4.595576991026256,3.6666666666666665,1.0,0.02777777777777773,1.0,0.0,463.8918453,nan,0.0,0.0,nan
449,ifeval,8aff07a7474de95cbc4f2935865e120ab3e9d162fcf4a07b0129d5518c7346c6,29,412,0.6311,1,4.0,3.0,3.5,0.31166666666666665,0.16666666666666666,1.8695833333333334,1.0,4.666666666666667,4.489207543090781,4.111111111111111,0.9722222222222222,0.027777777777777873,1.0,0.0,274.8420243,nan,1.0,1.0,1.0
450,ifeval,07c64eba6808e7411c87d9e2e5309069f61068847e9e8f049c3479abf91f1a9e,36,614,0.5261,1,4.333333333333333,3.3333333333333335,3.833333333333333,0.3466666666666667,0.16666666666666666,2.045,0.9166666666666666,4.333333333333333,3.8396900383756036,4.555555555555556,0.9722222222222222,0.03703703703703717,1.0,0.0,410.2383989,nan,5.0,5.0,1.0
451,ifeval,97041f9fbf0d02962896466c30937aa063865e9ff89a53c5a3b4d10c455960ec,50,284,0.6514,1,4.0,3.0,3.5,0.41666666666666663,0.16666666666666666,1.8958333333333333,1.0,4.666666666666667,4.689561869510959,4.4444444444444455,0.9444444444444444,0.0,1.0,0.0,206.6090593,nan,1.0,1.0,1.0
452,WildChat,202426ffe03ab22985af57e846fc4b781bfa311878ca4f9b23da2203f5eb3070,216,593,0.5008,1,4.0,3.0,3.5,0.6333333333333333,0.3333333333333333,1.9916666666666667,1.0,5.0,4.539227336720581,3.3333333333333335,1.0,0.03703703703703697,1.0,0.0,679.3555339,nan,0.0,0.0,nan
453,WildChat,e1e8bfea9a4449f56bc40f90fbfdab7fa30d78a2a4065454ae5601ee79c2157b,393,365,0.6055,1,4.0,3.0,3.5,0.4666666666666667,0.16666666666666666,1.9083333333333332,1.0,4.666666666666667,4.5627751473231895,3.6666666666666665,1.0,0.03703703703703697,1.0,0.0,608.7208156,nan,0.0,0.0,nan
454,WildChat,112006a7fb8c2bc78c6b66b29988a08f882babf34fe19fbf567263f395db8331,103,618,0.5113,1,4.0,3.0,3.5,0.3,0.0,1.825,1.0,4.333333333333333,3.833428965674973,3.6666666666666665,1.0,0.027777777777777724,1.0,0.0,503.5389069,nan,0.0,0.0,nan
455,WildChat,196736d96341f61c66de77fc0536ca181ab6df58408f7b62e7e53a9d1c230efa,29,200,0.745,1,4.0,3.0,3.5,0.15,0.0,1.7875,1.0,4.0,4.154377729557534,4.333333333333333,1.0,0.0,1.0,0.0,233.5204714,nan,0.0,0.0,nan
456,LMSYS,e5df911dce9ee10fbff7b10c2f124efff4878c0d620adc4f94ef023c760cbb53,55,1,1.0,1,3.6666666666666665,3.3333333333333335,3.5,0.44666666666666666,0.16666666666666666,1.9033333333333333,0.9166666666666666,2.0,2.4658660964139036,1.111111111111111,0.9722222222222222,0.027777777777777807,1.0,0.0,131.7506363,nan,0.0,0.0,nan
457,WildChat,969ea1940f3a257bc915ae2250b78aef248b40eeebaf72843a7f940e17541c87,76,358,0.6425,1,3.0,4.0,3.5,0.16666666666666666,0.16666666666666666,1.8333333333333335,1.0,5.0,4.907065357882626,4.888888888888889,0.9722222222222222,0.0,1.0,0.0,260.3273728,nan,0.0,0.0,nan
458,ifeval,a9821952e84e6c745568d62af7609d1221ef7295d8b5189937d8295e13563513,55,100,0.69,1,4.0,3.0,3.5,0.2916666666666667,0.16666666666666666,1.8645833333333333,1.0,4.0,4.310904547073298,1.5555555555555554,0.9444444444444444,0.0,1.0,0.0,242.7485398,0.0,3.0,2.0,1.0
459,LMSYS,adec99ca85fa153b19cb2510592122cb85485178444f88e2d6681aaa5ecf0b30,53,294,0.4966,1,4.0,4.333333333333333,4.166666666666666,0.265,0.0,2.149583333333333,0.9583333333333334,4.0,4.007242521092715,4.000000000000001,0.9444444444444444,0.0,1.0,0.0,275.7127837,nan,0.0,0.0,nan
460,WildChat,7f64e24b5f72fddaa96d85c9c99bc7f2e73309595255ceef196461f065a0600c,165,907,0.5215,1,3.0,2.0,2.5,0.8,0.5,1.575,1.0,5.0,4.047733129721082,4.555555555555556,0.9722222222222222,0.0,1.0,0.0,656.6528187,nan,0.0,0.0,nan
461,ifeval,6819285cb3b661a2ad006b99e2ac6d2bd1c3e83eaa184f389fa286861edcc64c,42,151,0.6424,1,4.0,3.0,3.5,0.37666666666666665,0.16666666666666666,1.8858333333333333,1.0,4.0,4.231075870140258,4.0,1.0,0.027777777777777804,1.0,0.0,157.0843579,nan,2.0,2.0,1.0
462,LMSYS,fca3a3055804217e643fdad831b87252d663f722164f882cf6635b434dd36964,300,640,0.4594,1,3.0,4.0,3.5,0.6333333333333333,0.3333333333333333,1.9916666666666667,1.0,4.333333333333333,3.798993065821505,4.111111111111112,0.9722222222222222,0.027777777777777873,1.0,0.0,733.1380378,nan,0.0,0.0,nan
463,WildChat,5f1ea0e5c033efe914bb4d31b4580c65acab850a64c1c4d0d8dfdd5448dcbbf0,47,495,0.6364,1,4.0,3.0,3.5,0.735,0.5,2.05875,1.0,5.0,4.69262361788603,4.666666666666667,1.0,0.0,1.0,0.0,306.4748992,nan,0.0,0.0,nan
464,ifeval,8b29c41457ad4afd1e36b8e0122828c9251e598a634bb45e1bafc90f0ee284ff,30,145,0.4483,1,4.0,3.0,3.5,0.65,0.5,2.0375,1.0,4.0,4.240467479191204,3.6666666666666665,1.0,0.0,1.0,0.0,170.3058342,nan,3.0,3.0,1.0
465,WildChat,89fff67acc0a8a96bc5e72aae677c990b5145159a57fa5adf76d170fcdb6541e,637,108,0.787,1,4.0,3.0,3.5,0.18333333333333335,0.3333333333333333,1.8791666666666667,1.0,3.0,3.2983824016720362,3.6666666666666665,0.9444444444444444,0.0,1.0,0.0,405.8943089,nan,0.0,0.0,nan
466,LMSYS,3890892a04ad8c2b86ea21f10ffc93f608cd516fbc442d458cf720b4674f4a56,369,10,1.0,1,5.0,4.333333333333333,4.666666666666666,0.6333333333333333,0.3333333333333333,2.575,0.9583333333333334,3.3333333333333335,3.7851120161708187,3.6666666666666665,0.861111111111111,0.5185185185185185,1.0,0.0,225.1329154,nan,0.0,0.0,nan
467,LMSYS,d2629640af21ebd659b3a73d04b0a80ae3d14efd3bba7aa43ee2295861425546,68,593,0.4755,1,4.333333333333333,3.6666666666666665,4.0,0.4666666666666667,0.16666666666666666,2.158333333333333,0.9166666666666666,4.333333333333333,3.872560670053914,4.444444444444444,0.8888888888888888,0.027777777777777724,1.0,0.0,397.8016573,nan,0.0,0.0,nan
468,LMSYS,16d5999432ccc049e1c569ad71451361e2f43d934f7c70f29f97b3651225ffd4,21,244,0.418,1,5.0,4.0,4.5,0.105,0.0,2.27625,1.0,4.0,4.085505929850597,4.888888888888889,0.9722222222222222,0.0,1.0,0.0,298.7600647,nan,0.0,0.0,nan
469,WildChat,5470ded1dcb2d5cea79ec3f3b663231f2e820fb2f751efb53d9bc5e2856e2606,148,108,0.8611,1,3.0,2.0,2.5,0.8,0.5,1.575,1.0,4.0,4.298382401672036,4.333333333333333,1.0,0.0,1.0,0.0,240.4002848,nan,0.0,0.0,nan
470,LMSYS,d09246407c6356c5f10037020986d0ce69c170d6332700384345a0e2f147b387,44,307,0.6091,1,4.0,3.0,3.5,0.38666666666666666,0.16666666666666666,1.8883333333333334,1.0,4.0,3.986894034815666,4.333333333333333,1.0,0.03703703703703697,1.0,0.0,304.4535443,nan,0.0,0.0,nan
471,LMSYS,35a214e8a98e2974607da105ec7b80c99d8ca196154c709165590612bfa580c5,29,26,0.9231,1,3.0,2.0,2.5,0.145,0.0,1.28625,1.0,4.0,4.426734392034962,3.6666666666666665,1.0,0.22222222222222224,1.0,0.0,112.5833106,nan,0.0,0.0,nan
472,LMSYS,9eeaccb3fe6d5c77db3bc58cf302af40d2cb07e624dff1e90757361b2a886de0,60,2,1.0,1,4.333333333333333,3.3333333333333335,3.833333333333333,0.4666666666666667,0.16666666666666666,2.075,0.9166666666666666,3.3333333333333335,3.7976341615720797,3.444444444444444,0.9444444444444444,0.10185185185185193,1.0,0.0,148.6629891,nan,0.0,0.0,nan
473,ifeval,6bc6fcee38568d4804f5623dd2624f1cb663db5aee87487e68a241094a1b4ab9,42,265,0.6755,1,4.0,3.0,3.5,0.5433333333333333,0.3333333333333333,1.9691666666666667,1.0,5.0,5.0,4.666666666666667,1.0,0.0,1.0,0.0,260.6327809,nan,3.0,3.0,1.0
474,LMSYS,b74ff1dbd4da10cf2af6c9b26d4cb229cfdc1f37e289993b50202431179a5282,229,57,0.7368,1,3.0,2.6666666666666665,2.833333333333333,0.3,0.0,1.4916666666666667,0.8333333333333334,5.0,5.0,4.333333333333333,1.0,0.14814814814814828,1.0,0.0,178.387849,nan,0.0,0.0,nan
475,LMSYS,7b128814c102eb80d73ecdd10069352263843aa3692ef99bee9033057fdbd574,146,153,0.6667,1,3.0,2.6666666666666665,2.833333333333333,0.6333333333333333,0.3333333333333333,1.6583333333333332,0.9583333333333334,4.0,4.227945333789942,3.3333333333333335,1.0,0.0,1.0,0.0,269.0561119,nan,0.0,0.0,nan
476,WildChat,d1f76cda3ec366bdba42e25d4f6958bde0ac00896738c7ef8c424720ce8101dc,138,126,0.8333,1,3.0,2.0,2.5,0.8,0.5,1.575,1.0,4.333333333333333,4.603540907852532,4.333333333333333,1.0,0.07407407407407414,1.0,0.0,186.6389255,nan,0.0,0.0,nan
477,WildChat,175ca61f9d4f1ff36e95a09ec706a8f5c0d11fafb5070731a8fb3d09e49da2eb,54,517,0.6402,1,4.0,3.0,3.5,0.77,0.5,2.0675,1.0,4.0,3.6581877180325617,5.0,1.0,0.0,1.0,0.0,309.0379677,nan,0.0,0.0,nan
478,WildChat,97fcf613a5e7ee01848af23921d448f43bf7b183c328d43cae6a7d5074f48964,54,483,0.499,1,4.0,3.0,3.5,0.62,0.5,2.0300000000000002,1.0,4.0,3.7114068359879213,4.333333333333333,1.0,0.0,1.0,0.0,284.8081695,nan,0.0,0.0,nan
479,LMSYS,1225e7daf2e2b60206ee8f7594db44ba9426d2da67de7f1df22d8b3c5ed3bd89,42,183,0.3934,1,5.0,4.333333333333333,4.666666666666666,0.21,0.0,2.3858333333333333,0.9583333333333334,5.0,5.0,4.888888888888889,0.9722222222222222,0.0,1.0,0.0,177.457904,nan,0.0,0.0,nan
480,WildChat,a343119a11d06872148503d872ef94241e132c6332cf98a109866290d6896ad0,52,481,0.5447,1,4.0,3.0,3.5,0.26,0.0,1.815,1.0,4.0,3.7145373723382367,4.111111111111112,0.9444444444444444,0.0,1.0,0.0,350.9568424,nan,0.0,0.0,nan
481,WildChat,d77533e43c1fd04bdad2a8f69700edceb35f264886d8bc3d84bd0d64c1f7341f,158,665,0.5624,1,4.0,4.0,4.0,0.4666666666666667,0.16666666666666666,2.158333333333333,1.0,4.0,3.4265280281092307,4.888888888888889,0.9722222222222222,0.0,1.0,0.0,490.8742547,nan,0.0,0.0,nan
482,LMSYS,ff739b29931b0747185910641636d960429e913c601aacfb1a990b8f94603ab1,254,31,0.9677,1,4.0,3.0,3.5,0.4666666666666667,0.16666666666666666,1.9083333333333332,1.0,4.666666666666667,5.0,2.3333333333333335,0.9166666666666666,0.027777777777777873,1.0,0.0,229.0618157,nan,0.0,0.0,nan
483,LMSYS,4baf76ed04a56c05c968b50df839e9f643cf714375887c1ce451ebc51013d476,61,486,0.4774,1,4.0,3.0,3.5,0.4666666666666667,0.16666666666666666,1.9083333333333332,1.0,4.333333333333333,4.040044364795781,4.666666666666667,0.9444444444444444,0.10185185185185197,1.0,0.0,441.6272649,nan,0.0,0.0,nan
484,LMSYS,34bd664d42361daab2661b1e4d0c643f4417bc5397e0e021d70ebc5d3225ee8a,155,10,1.0,1,3.0,4.0,3.5,0.4666666666666667,0.16666666666666666,1.9083333333333332,1.0,2.3333333333333335,2.7851120161708187,3.4444444444444446,0.8333333333333334,0.03703703703703707,1.0,0.0,126.9830594,nan,0.0,0.0,nan
485,WildChat,58458b3a4c5874c69b5b79d5593946d08389bf7579d35064caa37e772624ec4c,595,11,0.9091,1,4.0,3.0,3.5,0.18333333333333335,0.3333333333333333,1.8791666666666667,1.0,3.6666666666666665,4.116880081328994,3.6666666666666665,1.0,0.027777777777777807,1.0,0.0,267.1035241,nan,0.0,0.0,nan
486,LMSYS,36e84ecfa0dcc51a533d761e80d3d2c5f832dbcee61bacd623e849be04f35d5b,391,202,0.7228,1,4.0,3.0,3.5,0.16666666666666666,0.16666666666666666,1.8333333333333333,1.0,4.0,4.151247193207218,4.555555555555556,0.9166666666666666,0.0,1.0,0.0,245.5174466,nan,0.0,0.0,nan
487,WildChat,63dd115211f37f48a83396b91958a2cfbf27c7d4c3ec8d9c1c15a8e59781eb6e,513,53,0.9434,1,3.6666666666666665,3.3333333333333335,3.5,0.8,0.5,2.075,0.9166666666666666,3.3333333333333335,3.71780548463904,4.000000000000001,0.9444444444444444,0.10185185185185182,1.0,0.0,301.6625509,nan,0.0,0.0,nan
488,LMSYS,6897e833c96cda355876accfea108d616f1104ba4d8cd145a777a05de7e42a00,422,95,0.7789,1,5.0,4.0,4.5,0.4833333333333333,0.3333333333333333,2.4541666666666666,1.0,2.0,2.3187308879490858,3.0,1.0,0.0277777777777778,1.0,0.0,239.9935842,nan,0.0,0.0,nan
489,LMSYS,c55d48b7d23ace2271fc9a82acfe2ca6723b03ba4d1f28df82d2e256ac4b57ab,68,231,0.6364,1,4.0,3.0,3.5,0.4666666666666667,0.16666666666666666,1.9083333333333332,1.0,4.666666666666667,4.772521082794314,4.777777777777779,0.9444444444444444,0.07407407407407414,1.0,0.0,209.8670828,nan,0.0,0.0,nan
490,WildChat,9fd12cda1f6c6c975846c5d7817bd3a7370be678c1f4808f8a4647ef4189b788,579,726,0.5193,1,4.0,3.0,3.5,0.4666666666666667,0.16666666666666666,1.9083333333333332,1.0,5.0,4.331046669424615,3.7777777777777772,0.9722222222222222,0.10185185185185193,1.0,0.0,1054.1290198,nan,0.0,0.0,nan
491,WildChat,92bee201134155dec1817a00efcad411a72fd2b1ae8238458e537a7fcac2c56e,47,235,0.5447,1,4.333333333333333,3.3333333333333335,3.833333333333333,0.4066666666666666,0.16666666666666666,2.06,0.9166666666666666,nan,nan,3.6666666666666665,1.0,0.0,1.0,1.0,300.013346,nan,0.0,0.0,nan
492,WildChat,525e8538b76bc53ca0e0ef84b15fdd86077583fa51ff37b82a82c5f283a1c076,617,451,0.6341,1,4.0,3.0,3.5,0.016666666666666663,0.16666666666666666,1.7958333333333334,1.0,5.0,4.761495417592966,4.000000000000001,0.9444444444444444,0.0,1.0,0.0,418.607434,nan,0.0,0.0,nan
493,WildChat,8d303882a77403db5280159b3c2de6565bd6dfb9febeb09f2a214477e5bc0949,552,441,0.5034,1,3.6666666666666665,3.3333333333333335,3.5,0.8,0.5,2.075,0.9166666666666666,5.0,4.777148099344542,5.0,1.0,0.0,1.0,0.0,466.2528509,nan,0.0,0.0,nan
494,WildChat,0b8e47e9bda2967beafc396c2383fc219f0553323511b5716c0f537295ea6908,21,343,0.5102,1,4.0,3.0,3.5,0.105,0.0,1.77625,1.0,4.0,3.930544380509991,4.0,1.0,0.0,1.0,0.0,283.2349697,nan,0.0,0.0,nan
495,ifeval,6aa8ad06a674ae3c00ab58289da9b2d6157e65ae484ef51902536c118a8375b8,35,1,1.0,1,4.333333333333333,3.3333333333333335,3.833333333333333,0.5083333333333333,0.3333333333333333,2.127083333333333,0.9166666666666666,2.0,2.4658660964139036,1.3333333333333333,1.0,0.0,1.0,0.0,125.9698154,nan,1.0,1.0,0.0
496,LMSYS,faea37c56b665e78061805dd5dac9f5d76aaa10b4a73b4d76b2dee81b265c458,251,74,0.8243,1,1.0,1.0,1.0,0.15,0.0,0.5375,1.0,1.6666666666666667,2.018268186294063,3.0,1.0,33.87731481481481,1.0,0.0,265.2320926,nan,0.0,0.0,nan
497,LMSYS,a955911347f5a76f5dd2359fccc2e9fe7b1db2927130782266afe913898eee19,22,423,0.6596,1,3.0,2.0,2.5,0.11,0.0,1.2774999999999999,1.0,5.0,4.80532292649738,4.666666666666667,1.0,0.0,1.0,0.0,270.138685,nan,0.0,0.0,nan
498,LMSYS,979fe26160f92f32507be93e15c1f0dafbf390227f463e223416c3746a08b44c,108,425,0.5882,1,4.0,5.0,4.5,0.3,0.0,2.325,1.0,4.0,3.8021923901470647,3.6666666666666665,1.0,0.0,1.0,0.0,345.6572315,nan,0.0,0.0,nan
499,WildChat,62a8b573c380acfc600d1248ea6d046e21f04de034da0314cc1f935c3f4b5426,221,584,0.4658,1,4.0,3.0,3.5,0.6333333333333333,0.3333333333333333,1.9916666666666667,1.0,5.0,4.553314750297,3.6666666666666665,1.0,0.0,1.0,0.0,595.324341,nan,0.0,0.0,nan
500,ifeval,6aa7bf58c9d5c4021997b76c1393224e876431cf3b8cdb5862ece20feeb0a668,28,433,0.6467,1,4.0,3.0,3.5,0.14,0.0,1.785,1.0,5.0,4.789670244745803,4.333333333333333,1.0,0.14814814814814828,1.0,0.0,284.546635,nan,1.0,1.0,1.0
